fix_sha	subject	touched_paths	changed_witness_candidates	fixture_references	review	patch_equivalent_candidates
dac6b2dac6d8f3d394b1ddd7a8d974ca79be5883	fix(ssr): preserve public option struct compatibility (#6908)	crates/vize_atelier_sfc/src/compile.rs;crates/vize_atelier_sfc/src/compile/template_only.rs;crates/vize_atelier_sfc/src/compile_template.rs;crates/vize_atelier_sfc/src/compile_template/section_offsets_tests.rs;crates/vize_atelier_sfc/src/template_tests.rs;crates/vize_atelier_sfc/src/types.rs;crates/vize_atelier_sfc/tests/public_options_compat.rs;crates/vize_atelier_ssr/src/codegen.rs;crates/vize_atelier_ssr/src/compile.rs;crates/vize_atelier_ssr/src/differential.rs;crates/vize_atelier_ssr/src/l4.rs;crates/vize_atelier_ssr/src/l4/differential_tests.rs;crates/vize_atelier_ssr/src/l4/l2_input.rs;crates/vize_atelier_ssr/src/l4/select.rs;crates/vize_atelier_ssr/src/l4/tests.rs;crates/vize_atelier_ssr/src/lib.rs;crates/vize_atelier_ssr/src/options.rs;crates/vize_atelier_ssr/tests/public_options_compat.rs	crates/vize_atelier_sfc/src/compile_template/section_offsets_tests.rs;crates/vize_atelier_sfc/src/template_tests.rs;crates/vize_atelier_sfc/tests/public_options_compat.rs;crates/vize_atelier_ssr/src/l4/differential_tests.rs;crates/vize_atelier_ssr/src/l4/tests.rs;crates/vize_atelier_ssr/tests/public_options_compat.rs	-	semantic-review-pending	-
ecef0efd44c5047293170b6d42b5b16aacae6560	fix(ssr): derive slot scope ids from scoped slotted styles (#6903)	crates/vize_atelier_sfc/src/compile.rs;crates/vize_atelier_sfc/src/compile/styles.rs;crates/vize_atelier_sfc/src/compile_template.rs;crates/vize_atelier_sfc/src/types.rs;crates/vize_atelier_sfc/tests/ssr_slot_scope.rs;crates/vize_atelier_ssr/src/codegen.rs;crates/vize_atelier_ssr/src/codegen/element/slot.rs;crates/vize_atelier_ssr/src/codegen/element/vnode.rs;crates/vize_atelier_ssr/src/l4/emit/vnode_props.rs;crates/vize_atelier_ssr/src/options.rs	crates/vize_atelier_sfc/tests/ssr_slot_scope.rs	-	semantic-review-pending	-
534517a3807e8103f54feeccfb922a0c0420d42a	fix(croquis): require a known template view for unused facts	crates/vize_atelier_sfc/src/croquis.rs;crates/vize_croquis/tests/fact_spec/main.rs	crates/vize_croquis/tests/fact_spec/main.rs	-	semantic-review-pending	-
16fc4a80bc8592e6d7fb8e5a35f57c5d5f599ecd	fix(croquis): compare binding names without redundant references	crates/vize_atelier_sfc/src/croquis/unused.rs;crates/vize_croquis/src/drawer/unused.rs	-	-	semantic-review-pending	-
eb8eb6b7fd5f9968081bba00bc9f56f23cfd2677	fix(patina): count static template refs as setup uses	crates/vize_croquis/src/drawer/template/ids.rs;crates/vize_croquis/src/drawer/unused.rs;crates/vize_croquis/src/facts/spec/unused_bindings.rs;crates/vize_croquis/src/facts/spec/unused_bindings/refs.rs;crates/vize_croquis/tests/fact_spec/main.rs	crates/vize_croquis/tests/fact_spec/main.rs	-	semantic-review-pending	-
b06bdb398789d21f639c8f008666a97ea707cc12	fix(patina): guard unknown binding inputs and satisfy source checks	crates/vize_atelier_sfc/src/croquis/unused.rs;crates/vize_croquis/src/drawer/template/visit_element/first_pass.rs;crates/vize_croquis/src/facts/spec/unused_bindings.rs	-	-	semantic-review-pending	-
837248f88871f67309009f111ea2daf517f76ae2	fix(croquis): preserve unchecked scope access through typed storage	crates/vize_croquis/src/scope/chain.rs;crates/vize_croquis/src/scope/chain/resolution.rs	-	-	semantic-review-pending	-
9b84e7c61986ff5a64fcace07e6b1dfcaad884cf	fix(davinci): separate routed and diagnostic performance cohorts	crates/vize_atelier_sfc/examples/davinci_production_perf.rs;crates/vize_atelier_sfc/examples/davinci_production_perf/measure.rs	-	-	semantic-review-pending	-
56204eec9e95d8080ce0c9ea131cdeee9790b405	fix(davinci): encode digest bytes and verify backend selection	crates/vize_atelier_sfc/examples/davinci_production_perf/corpus.rs;crates/vize_atelier_sfc/examples/davinci_production_perf/measure.rs	-	-	semantic-review-pending	-
7de0aca5626f2792bb38c1636154049f2515e50d	fix(jsx): satisfy renderer binding Clippy gate	crates/vize_atelier_jsx/src/compile/authored_module/collisions.rs	-	-	semantic-review-pending	-
0f91bd0505ddbfe18e7e289f7507f7d93e0be318	fix(vapor): account for retained structural slot visits	crates/vize_atelier_vapor/src/lower/element/component/structural_slots.rs	-	-	semantic-review-pending	-
5911c74b95f7a987aa143170be5a75a201223237	fix(vapor): prove direct structural slot carrier provenance	crates/vize_atelier_vapor/src/s3/native/validate/structural_slots.rs;crates/vize_atelier_vapor/src/s3/tests/structural_slots.rs	crates/vize_atelier_vapor/src/s3/tests/structural_slots.rs	-	semantic-review-pending	-
9e10e2496e2d0df4bb22915e90d8308e13811346	fix(vapor): preserve structural slot maps and default content	crates/vize_atelier_vapor/src/generate/context.rs;crates/vize_atelier_vapor/src/generate/operations/events.rs;crates/vize_atelier_vapor/src/generate/operations/structural_slots.rs;crates/vize_atelier_vapor/src/lower/context.rs;crates/vize_atelier_vapor/src/lower/element/component/structural_slots.rs;crates/vize_atelier_vapor/src/lower/text.rs;crates/vize_atelier_vapor/src/s3/native/emit/component.rs;crates/vize_atelier_vapor/src/s3/native/emit/structural_slots.rs;crates/vize_atelier_vapor/src/s3/native/tests.rs;crates/vize_atelier_vapor/src/s3/tests/structural_slots.rs;crates/vize_atelier_vapor/src/tests_source_map/snapshots/vize_atelier_vapor__tests_source_map__structural_slots__structural_slot_conditional_code.snap;crates/vize_atelier_vapor/src/tests_source_map/snapshots/vize_atelier_vapor__tests_source_map__structural_slots__structural_slot_conditional_map.snap;crates/vize_atelier_vapor/src/tests_source_map/snapshots/vize_atelier_vapor__tests_source_map__structural_slots__structural_slot_loop_code.snap;crates/vize_atelier_vapor/src/tests_source_map/snapshots/vize_atelier_vapor__tests_source_map__structural_slots__structural_slot_loop_map.snap;crates/vize_atelier_vapor/tests/davinci_structural_slots_parity/main.rs	crates/vize_atelier_vapor/src/s3/native/tests.rs;crates/vize_atelier_vapor/src/s3/tests/structural_slots.rs;crates/vize_atelier_vapor/src/tests_source_map/snapshots/vize_atelier_vapor__tests_source_map__structural_slots__structural_slot_conditional_code.snap;crates/vize_atelier_vapor/src/tests_source_map/snapshots/vize_atelier_vapor__tests_source_map__structural_slots__structural_slot_conditional_map.snap;crates/vize_atelier_vapor/src/tests_source_map/snapshots/vize_atelier_vapor__tests_source_map__structural_slots__structural_slot_loop_code.snap;crates/vize_atelier_vapor/src/tests_source_map/snapshots/vize_atelier_vapor__tests_source_map__structural_slots__structural_slot_loop_map.snap;crates/vize_atelier_vapor/tests/davinci_structural_slots_parity/main.rs	-	semantic-review-pending	-
bcd2bffed2dc59644052e8b55f212f73927610d9	fix(vapor): bound structural carriers and preserve failure invariants	crates/vize_atelier_vapor/src/s3/native/emit/structural_slots.rs;crates/vize_atelier_vapor/src/s3/native/tests.rs;crates/vize_atelier_vapor/src/s3/native/validate/structural_slots.rs;crates/vize_atelier_vapor/src/s3/tests/structural_slots.rs;crates/vize_atelier_vapor/tests/davinci_structural_slots_parity/main.rs	crates/vize_atelier_vapor/src/s3/native/tests.rs;crates/vize_atelier_vapor/src/s3/tests/structural_slots.rs;crates/vize_atelier_vapor/tests/davinci_structural_slots_parity/main.rs	-	semantic-review-pending	-
233628381370fca31854f9784ead32b6f6037abd	fix(jsx): preserve nested slot bindings in module scopes	crates/vize_atelier_jsx/src/compile/authored_module/collisions.rs;crates/vize_atelier_jsx/tests/authored_modules.rs;crates/vize_atelier_jsx/tests/authored_modules/scope.rs	crates/vize_atelier_jsx/tests/authored_modules.rs;crates/vize_atelier_jsx/tests/authored_modules/scope.rs	-	semantic-review-pending	-
0642abbf95ea6e7410ecea098270916241a67927	fix(jsx): preserve TSX modules without render roots	crates/vize_atelier_jsx/src/compile/authored_module.rs;crates/vize_atelier_jsx/tests/authored_modules.rs	crates/vize_atelier_jsx/tests/authored_modules.rs	-	semantic-review-pending	-
605132848597fe69ba4ddd95038b2eaf39dba979	fix(jsx): use pinned OXC new target visitor	crates/vize_atelier_jsx/src/compile/authored_module/contexts.rs;crates/vize_atelier_jsx/tests/authored_modules/scope.rs	crates/vize_atelier_jsx/tests/authored_modules/scope.rs	-	semantic-review-pending	-
00d602b4e5adad10b96c1d6e19c243ec779f89fd	fix(jsx): distinguish retained receiver scopes in setup diagnostics	crates/vize_atelier_jsx/src/compile/authored_module/contexts.rs;crates/vize_atelier_jsx/tests/authored_modules.rs;crates/vize_atelier_jsx/tests/authored_modules/scope.rs	crates/vize_atelier_jsx/tests/authored_modules.rs;crates/vize_atelier_jsx/tests/authored_modules/scope.rs	-	semantic-review-pending	-
a6139c03d61653fe6c0dd0eb7c010d6871fb8351	fix(jsx): retain closure scopes inside component factories	crates/vize_atelier_jsx/src/finder.rs;crates/vize_atelier_jsx/tests/authored_modules.rs	crates/vize_atelier_jsx/tests/authored_modules.rs	-	semantic-review-pending	-
936e2032c70c9a7f5364555e495d18fc8553a70c	fix(jsx): retain authored renderer contexts and module boundaries	crates/vize_atelier_jsx/src/compile/authored_module.rs;crates/vize_atelier_jsx/src/compile/authored_module/collisions.rs;crates/vize_atelier_jsx/src/compile/authored_module/contexts.rs;crates/vize_atelier_jsx/src/compile/snapshots/vize_atelier_jsx__compile__tests__module_code_prepends_merged_preamble_to_render_code.snap;crates/vize_atelier_jsx/src/finder.rs;crates/vize_atelier_jsx/tests/authored_modules.rs;crates/vize_atelier_jsx/tests/authored_modules/scope.rs;crates/vize_atelier_jsx/tests/babel_object_slots.rs;crates/vize_atelier_jsx/tests/babel_v_slots.rs;crates/vize_atelier_jsx/tests/module_code.rs;crates/vize_atelier_jsx/tests/snapshots/adversarial_snapshots__mode_aware_multi_component_module.snap;crates/vize_atelier_jsx/tests/snapshots/adversarial_snapshots__mode_aware_multi_component_summary.snap;crates/vize_atelier_jsx/tests/snapshots/babel_compat_oracle__babel_compat__children.snap;crates/vize_atelier_jsx/tests/snapshots/babel_compat_oracle__babel_compat__directives.snap;crates/vize_atelier_jsx/tests/snapshots/babel_compat_oracle__babel_compat__elements.snap;crates/vize_atelier_jsx/tests/snapshots/babel_compat_oracle__babel_compat__errors.snap;crates/vize_atelier_jsx/tests/snapshots/babel_compat_oracle__babel_compat__events.snap;crates/vize_atelier_jsx/tests/snapshots/babel_compat_oracle__babel_compat__optimize.snap;crates/vize_atelier_jsx/tests/snapshots/babel_compat_oracle__babel_compat__options.snap;crates/vize_atelier_jsx/tests/snapshots/babel_compat_oracle__babel_compat__props.snap;crates/vize_atelier_jsx/tests/snapshots/babel_compat_oracle__babel_compat__slots.snap;crates/vize_atelier_jsx/tests/snapshots/module_code__tsx_component_keeps_destructured_props_signature_bindings.snap;crates/vize_atelier_jsx/tests/v_model_argument.rs	crates/vize_atelier_jsx/src/compile/snapshots/vize_atelier_jsx__compile__tests__module_code_prepends_merged_preamble_to_render_code.snap;crates/vize_atelier_jsx/tests/authored_modules.rs;crates/vize_atelier_jsx/tests/authored_modules/scope.rs;crates/vize_atelier_jsx/tests/babel_object_slots.rs;crates/vize_atelier_jsx/tests/babel_v_slots.rs;crates/vize_atelier_jsx/tests/module_code.rs;crates/vize_atelier_jsx/tests/snapshots/adversarial_snapshots__mode_aware_multi_component_module.snap;crates/vize_atelier_jsx/tests/snapshots/adversarial_snapshots__mode_aware_multi_component_summary.snap;crates/vize_atelier_jsx/tests/snapshots/babel_compat_oracle__babel_compat__children.snap;crates/vize_atelier_jsx/tests/snapshots/babel_compat_oracle__babel_compat__directives.snap;crates/vize_atelier_jsx/tests/snapshots/babel_compat_oracle__babel_compat__elements.snap;crates/vize_atelier_jsx/tests/snapshots/babel_compat_oracle__babel_compat__errors.snap;crates/vize_atelier_jsx/tests/snapshots/babel_compat_oracle__babel_compat__events.snap;crates/vize_atelier_jsx/tests/snapshots/babel_compat_oracle__babel_compat__optimize.snap;crates/vize_atelier_jsx/tests/snapshots/babel_compat_oracle__babel_compat__options.snap;crates/vize_atelier_jsx/tests/snapshots/babel_compat_oracle__babel_compat__props.snap;crates/vize_atelier_jsx/tests/snapshots/babel_compat_oracle__babel_compat__slots.snap;crates/vize_atelier_jsx/tests/snapshots/module_code__tsx_component_keeps_destructured_props_signature_bindings.snap;crates/vize_atelier_jsx/tests/v_model_argument.rs	-	semantic-review-pending	-
c57a04e5559c3f7026671ec1869d2514ae0a91c2	fix(croquis): exclude const assertions from type dependencies	crates/vize_croquis/src/croquis/alpha/emit_tests.rs;crates/vize_croquis/src/croquis/alpha/environment.rs	crates/vize_croquis/src/croquis/alpha/emit_tests.rs	-	semantic-review-pending	-
c5c305cda113a424b9cc5ae77eaa62eedf958f90	fix(croquis): preserve event payloads through const assertions	crates/vize_croquis/src/script_parser/extract/emits.rs;crates/vize_croquis/src/script_parser/extract/emits/tests.rs;crates/vize_croquis/src/script_parser/extract/runtime_objects.rs	crates/vize_croquis/src/script_parser/extract/emits/tests.rs	-	semantic-review-pending	-
1a2c5f7a88823ae933258cbd7c020e1d2a68968a	fix(jsx): preserve authored TSX module scopes and source maps	crates/vize_atelier_jsx/Cargo.toml;crates/vize_atelier_jsx/src/compile.rs;crates/vize_atelier_jsx/src/compile/authored_module.rs;crates/vize_atelier_jsx/src/compile/authored_module/collisions.rs;crates/vize_atelier_jsx/src/compile/authored_module/mapped.rs;crates/vize_atelier_jsx/src/compile/authored_module/unsupported.rs;crates/vize_atelier_jsx/src/compile/render_exports.rs;crates/vize_atelier_jsx/src/compile/snapshots/vize_atelier_jsx__compile__tests__module_code_prepends_merged_preamble_to_render_code.snap;crates/vize_atelier_jsx/src/compile/snapshots/vize_atelier_jsx__compile__tests__source_map_covers_single_and_multiple_component_modules.snap;crates/vize_atelier_jsx/src/compile/snapshots/vize_atelier_jsx__compile__tests__source_map_present_only_for_single_component_module.snap;crates/vize_atelier_jsx/src/compile/tests.rs;crates/vize_atelier_jsx/src/finder/signature.rs;crates/vize_atelier_jsx/src/lib.rs;crates/vize_atelier_jsx/src/lower/element.rs;crates/vize_atelier_jsx/src/vdom.rs;crates/vize_atelier_jsx/tests/authored_modules.rs;crates/vize_atelier_jsx/tests/babel_object_slots.rs;crates/vize_atelier_jsx/tests/babel_v_slots.rs;crates/vize_atelier_jsx/tests/module_code.rs;crates/vize_atelier_jsx/tests/snapshots/babel_compat_oracle__babel_compat__children.snap;crates/vize_atelier_jsx/tests/snapshots/babel_compat_oracle__babel_compat__directives.snap;crates/vize_atelier_jsx/tests/snapshots/babel_compat_oracle__babel_compat__elements.snap;crates/vize_atelier_jsx/tests/snapshots/babel_compat_oracle__babel_compat__errors.snap;crates/vize_atelier_jsx/tests/snapshots/babel_compat_oracle__babel_compat__events.snap;crates/vize_atelier_jsx/tests/snapshots/babel_compat_oracle__babel_compat__optimize.snap;crates/vize_atelier_jsx/tests/snapshots/babel_compat_oracle__babel_compat__options.snap;crates/vize_atelier_jsx/tests/snapshots/babel_compat_oracle__babel_compat__props.snap;crates/vize_atelier_jsx/tests/snapshots/babel_compat_oracle__babel_compat__slots.snap;crates/vize_atelier_jsx/tests/snapshots/module_code__tsx_component_keeps_destructured_props_signature_bindings.snap;crates/vize_atelier_jsx/tests/v_model_argument.rs	crates/vize_atelier_jsx/src/compile/snapshots/vize_atelier_jsx__compile__tests__module_code_prepends_merged_preamble_to_render_code.snap;crates/vize_atelier_jsx/src/compile/snapshots/vize_atelier_jsx__compile__tests__source_map_covers_single_and_multiple_component_modules.snap;crates/vize_atelier_jsx/src/compile/snapshots/vize_atelier_jsx__compile__tests__source_map_present_only_for_single_component_module.snap;crates/vize_atelier_jsx/src/compile/tests.rs;crates/vize_atelier_jsx/tests/authored_modules.rs;crates/vize_atelier_jsx/tests/babel_object_slots.rs;crates/vize_atelier_jsx/tests/babel_v_slots.rs;crates/vize_atelier_jsx/tests/module_code.rs;crates/vize_atelier_jsx/tests/snapshots/babel_compat_oracle__babel_compat__children.snap;crates/vize_atelier_jsx/tests/snapshots/babel_compat_oracle__babel_compat__directives.snap;crates/vize_atelier_jsx/tests/snapshots/babel_compat_oracle__babel_compat__elements.snap;crates/vize_atelier_jsx/tests/snapshots/babel_compat_oracle__babel_compat__errors.snap;crates/vize_atelier_jsx/tests/snapshots/babel_compat_oracle__babel_compat__events.snap;crates/vize_atelier_jsx/tests/snapshots/babel_compat_oracle__babel_compat__optimize.snap;crates/vize_atelier_jsx/tests/snapshots/babel_compat_oracle__babel_compat__options.snap;crates/vize_atelier_jsx/tests/snapshots/babel_compat_oracle__babel_compat__props.snap;crates/vize_atelier_jsx/tests/snapshots/babel_compat_oracle__babel_compat__slots.snap;crates/vize_atelier_jsx/tests/snapshots/module_code__tsx_component_keeps_destructured_props_signature_bindings.snap;crates/vize_atelier_jsx/tests/v_model_argument.rs	-	semantic-review-pending	-
225755faadb2db5bbc4d7638d116bb2cd81ced91	fix(croquis): refuse default facts after getter spreads	crates/vize_croquis/src/script_parser/extract/with_defaults.rs;crates/vize_croquis/src/script_parser/extract/with_defaults/invalidation.rs;crates/vize_croquis/src/script_parser/with_defaults_tests.rs	crates/vize_croquis/src/script_parser/with_defaults_tests.rs	-	semantic-review-pending	-
089bc31caba83e6c21c97e25a199433aed17e4fc	fix(croquis): format numeric keys with JavaScript semantics	crates/vize_atelier_sfc/src/script/context/type_world/scoped_props_tests.rs;crates/vize_croquis/Cargo.toml;crates/vize_croquis/src/script_parser/extract/with_defaults.rs;crates/vize_croquis/src/script_parser/with_defaults_tests.rs;crates/vize_croquis/src/types/world/props/helpers.rs	crates/vize_atelier_sfc/src/script/context/type_world/scoped_props_tests.rs;crates/vize_croquis/src/script_parser/with_defaults_tests.rs	-	semantic-review-pending	-
122d2d9885581d4f95543a3b8257d31d9a1c991a	fix(croquis): resolve static constant default objects	crates/vize_atelier_sfc/src/script/context/type_world/with_defaults_tests.rs;crates/vize_croquis/src/macros.rs;crates/vize_croquis/src/macros/defaults.rs;crates/vize_croquis/src/script_parser/extract.rs;crates/vize_croquis/src/script_parser/extract/runtime_objects.rs;crates/vize_croquis/src/script_parser/extract/with_defaults.rs;crates/vize_croquis/src/script_parser/extract/with_defaults/invalidation.rs;crates/vize_croquis/src/script_parser/parse.rs;crates/vize_croquis/src/script_parser/process/macros.rs;crates/vize_croquis/src/script_parser/process/statements.rs;crates/vize_croquis/src/script_parser/with_defaults_tests.rs	crates/vize_atelier_sfc/src/script/context/type_world/with_defaults_tests.rs;crates/vize_croquis/src/script_parser/with_defaults_tests.rs	-	semantic-review-pending	-
00d8b21a44cbabb6de01c0a13a279db09d949502	fix(croquis): iterate runtime event annotation rows safely	crates/vize_croquis/src/script_parser/extract/emits.rs	-	-	semantic-review-pending	-
ad5c60f710547d3f6431d9a12224616316b4449b	fix(croquis): preserve runtime event object type constraints	crates/vize_croquis/src/script_parser/extract/emits.rs;crates/vize_croquis/src/script_parser/extract/emits/tests.rs;crates/vize_croquis/src/script_parser/extract/runtime_objects.rs	crates/vize_croquis/src/script_parser/extract/emits/tests.rs	-	semantic-review-pending	-
21fbf06a5908a70fe8602ca7362fccdd7110415b	fix(resident): preserve prop catalogs and authored defaults	crates/vize_croquis/src/croquis/alpha.rs;crates/vize_croquis/src/croquis/alpha/tests.rs;crates/vize_croquis/src/croquis/alpha/types.rs	crates/vize_croquis/src/croquis/alpha/tests.rs	-	semantic-review-pending	-
27f9968e8690ba876095e821f4062d7d7ec57882	fix(croquis): retain authored withDefaults values	crates/vize_atelier_sfc/src/script/context/type_world.rs;crates/vize_atelier_sfc/src/script/context/type_world/with_defaults_tests.rs;crates/vize_croquis/src/macros.rs;crates/vize_croquis/src/macros/defaults.rs;crates/vize_croquis/src/macros/tracker.rs;crates/vize_croquis/src/script_parser.rs;crates/vize_croquis/src/script_parser/extract.rs;crates/vize_croquis/src/script_parser/extract/macros.rs;crates/vize_croquis/src/script_parser/extract/with_defaults.rs;crates/vize_croquis/src/script_parser/with_defaults_tests.rs	crates/vize_atelier_sfc/src/script/context/type_world/with_defaults_tests.rs;crates/vize_croquis/src/script_parser/with_defaults_tests.rs	-	semantic-review-pending	-
2e289e152f48bd505d200a70a545d27d1caab083	fix(croquis): preserve authored generic property projections	crates/vize_atelier_sfc/src/script/context/type_world/scoped_props_tests.rs;crates/vize_croquis/src/types/world/props/helpers.rs	crates/vize_atelier_sfc/src/script/context/type_world/scoped_props_tests.rs	-	semantic-review-pending	-
389fd87223fa8d487dcb9d06e0157cd844f24d63	fix(croquis): expand imported props in their declaring scope	crates/vize_atelier_sfc/src/croquis/resolved.rs;crates/vize_atelier_sfc/src/script/context/type_world.rs;crates/vize_atelier_sfc/src/script/context/type_world/scoped_props_tests.rs;crates/vize_croquis/src/types.rs;crates/vize_croquis/src/types/world.rs;crates/vize_croquis/src/types/world/props.rs;crates/vize_croquis/src/types/world/props/helpers.rs	crates/vize_atelier_sfc/src/script/context/type_world/scoped_props_tests.rs	-	semantic-review-pending	-
049358b200baa82d99b04c40f95aa68d0e8fae7c	fix(resident): retain scoped public interfaces across editor revisions	crates/vize_atelier_sfc/src/script/context/type_world.rs;crates/vize_atelier_sfc/src/template_tests.rs;crates/vize_croquis/src/croquis/alpha.rs;crates/vize_croquis/src/croquis/alpha/emit_tests.rs;crates/vize_croquis/src/croquis/alpha/environment.rs;crates/vize_croquis/src/croquis/alpha/environment/world.rs;crates/vize_croquis/src/croquis/alpha/environment_world_tests.rs;crates/vize_croquis/src/croquis/alpha/tests.rs;crates/vize_croquis/src/croquis/alpha/type_refs.rs;crates/vize_croquis/src/croquis/alpha/types.rs	crates/vize_atelier_sfc/src/template_tests.rs;crates/vize_croquis/src/croquis/alpha/emit_tests.rs;crates/vize_croquis/src/croquis/alpha/environment_world_tests.rs;crates/vize_croquis/src/croquis/alpha/tests.rs	-	semantic-review-pending	-
f37dfdd4f66a98387875d0a97c11f6dbaabcf942	fix(croquis): preserve runtime validator type assertions	crates/vize_croquis/src/macros.rs;crates/vize_croquis/src/macros/emits.rs;crates/vize_croquis/src/script_parser/extract/emits.rs;crates/vize_croquis/src/script_parser/extract/emits/signature.rs;crates/vize_croquis/src/script_parser/extract/emits/tests.rs;crates/vize_croquis/src/script_parser/extract/runtime_objects.rs;crates/vize_croquis/src/script_parser/result.rs	crates/vize_croquis/src/script_parser/extract/emits/tests.rs	-	semantic-review-pending	-
b7290a6d4e02fa6053d86eafd86a8dff0189bab9	fix(croquis): record authored runtime event validator headers	crates/vize_croquis/src/macros.rs;crates/vize_croquis/src/macros/emits.rs;crates/vize_croquis/src/script_parser/extract/emits.rs;crates/vize_croquis/src/script_parser/extract/emits/signature.rs;crates/vize_croquis/src/script_parser/extract/emits/tests.rs;crates/vize_croquis/src/script_parser/extract/runtime_objects.rs;crates/vize_croquis/src/script_parser/result.rs	crates/vize_croquis/src/script_parser/extract/emits/tests.rs	-	semantic-review-pending	-
55e908177cf642e3a4f62335824b417d5d568de9	fix(croquis): retain authored typed event payloads	crates/vize_croquis/src/script_parser/extract/emits.rs;crates/vize_croquis/src/script_parser/extract/emits/tests.rs;crates/vize_croquis/src/script_parser/extract/emits/typed.rs	crates/vize_croquis/src/script_parser/extract/emits/tests.rs	-	semantic-review-pending	-
06832158b8ffe13276ed1fde1a639ebfa476ccbd	fix(croquis): shift exposed binding identities with script offsets	crates/vize_croquis/src/macros/tracker.rs;crates/vize_croquis/src/script_parser/expose_tests.rs	crates/vize_croquis/src/script_parser/expose_tests.rs	-	semantic-review-pending	f65ff81259657e5ca5fa3f06283834ec925bfa08
f65ff81259657e5ca5fa3f06283834ec925bfa08	fix(croquis): shift exposed binding identities with script offsets	crates/vize_croquis/src/macros/tracker.rs;crates/vize_croquis/src/script_parser/expose_tests.rs	crates/vize_croquis/src/script_parser/expose_tests.rs	-	semantic-review-pending	06832158b8ffe13276ed1fde1a639ebfa476ccbd
64a1655088ef22e00e60189088eb602769915c6d	fix(croquis): retain unresolved declaration contract parts	crates/vize_atelier_sfc/Cargo.toml;crates/vize_atelier_sfc/src/script/context/type_world/parse.rs;crates/vize_atelier_sfc/src/script/context/type_world/tests.rs;crates/vize_croquis/src/types/world.rs	crates/vize_atelier_sfc/src/script/context/type_world/tests.rs	-	semantic-review-pending	-
56a65d3d314975ea29aa66f4f0f8cd942d67b8d0	fix(sfc): borrow descriptor text on stable Rust	crates/vize_atelier_sfc/src/croquis.rs;crates/vize_atelier_sfc/src/script/context/type_world.rs	-	-	semantic-review-pending	-
a8abdd41a35ac63c38f875a9787923e966fc4a1c	fix(croquis): preserve scoped public type dependency contracts	crates/vize_croquis/src/croquis/alpha.rs;crates/vize_croquis/src/croquis/alpha/environment.rs;crates/vize_croquis/src/croquis/alpha/environment/world.rs;crates/vize_croquis/src/croquis/alpha/environment_tests.rs;crates/vize_croquis/src/croquis/alpha/environment_world_tests.rs	crates/vize_croquis/src/croquis/alpha/environment_tests.rs;crates/vize_croquis/src/croquis/alpha/environment_world_tests.rs	-	semantic-review-pending	-
25861700ed35c12c377dd0660d02c60089921b56	fix(croquis): resolve public types in normal scripts	crates/vize_atelier_sfc/src/croquis.rs;crates/vize_atelier_sfc/src/script/context/type_world/tests.rs	crates/vize_atelier_sfc/src/script/context/type_world/tests.rs	-	semantic-review-pending	-
29738ab19e1ce4aa77e35ed73bd12792f8dfae44	fix(croquis): reject incomplete merged type declarations	crates/vize_atelier_sfc/src/script/context/type_world/parse.rs;crates/vize_atelier_sfc/src/script/context/type_world/tests.rs;crates/vize_croquis/src/types/world.rs;crates/vize_croquis/src/types/world/resolve.rs	crates/vize_atelier_sfc/src/script/context/type_world/tests.rs	-	semantic-review-pending	-
18488f435043193640aacc09156372ea13436c49	fix(croquis): retain uncertainty for inherited exposure members	crates/vize_croquis/src/script_parser/expose.rs;crates/vize_croquis/src/script_parser/expose_tests.rs	crates/vize_croquis/src/script_parser/expose_tests.rs	-	semantic-review-pending	9758d3f77dc6913225e21d9a1462149ac1b8f08e
9758d3f77dc6913225e21d9a1462149ac1b8f08e	fix(croquis): retain uncertainty for inherited exposure members	crates/vize_croquis/src/script_parser/expose.rs;crates/vize_croquis/src/script_parser/expose_tests.rs	crates/vize_croquis/src/script_parser/expose_tests.rs	-	semantic-review-pending	18488f435043193640aacc09156372ea13436c49
c9670d7f380fe2b4a9121d57280ac178f6e9eb7e	fix(vapor): preserve KeepAlive cache lifetimes in checked generation	crates/vize_atelier_vapor/src/generate/context.rs;crates/vize_atelier_vapor/src/generate/operations/component.rs;crates/vize_atelier_vapor/src/generate/operations/component_slots.rs;crates/vize_atelier_vapor/src/generate/setup.rs;crates/vize_atelier_vapor/src/s3/native/validate.rs;crates/vize_atelier_vapor/src/s3/native/validate/component.rs;crates/vize_atelier_vapor/src/s3/native/validate/keep_alive.rs;crates/vize_atelier_vapor/src/s3/tests.rs;crates/vize_atelier_vapor/src/s3/tests/components.rs;crates/vize_atelier_vapor/src/s3/tests/keep_alive.rs;crates/vize_atelier_vapor/src/s3/tests/snapshots/vize_atelier_vapor__s3__tests__keep_alive__keep_alive_payload.snap;crates/vize_atelier_vapor/src/s3/tests/teleport.rs;crates/vize_atelier_vapor/src/snapshots/vize_atelier_vapor__tests_source_map__keep_alive_dynamic_code.snap;crates/vize_atelier_vapor/src/snapshots/vize_atelier_vapor__tests_source_map__keep_alive_dynamic_map.snap;crates/vize_atelier_vapor/src/snapshots/vize_atelier_vapor__tests_source_map__keep_alive_static_code.snap;crates/vize_atelier_vapor/src/snapshots/vize_atelier_vapor__tests_source_map__keep_alive_static_map.snap;crates/vize_atelier_vapor/src/tests_source_map.rs;crates/vize_atelier_vapor/tests/davinci_expr_reparse_floor.rs;crates/vize_atelier_vapor/tests/davinci_vapor_upstream_parity/keep_alive.rs;crates/vize_atelier_vapor/tests/davinci_vapor_upstream_parity/main.rs	crates/vize_atelier_vapor/src/s3/tests.rs;crates/vize_atelier_vapor/src/s3/tests/components.rs;crates/vize_atelier_vapor/src/s3/tests/keep_alive.rs;crates/vize_atelier_vapor/src/s3/tests/snapshots/vize_atelier_vapor__s3__tests__keep_alive__keep_alive_payload.snap;crates/vize_atelier_vapor/src/s3/tests/teleport.rs;crates/vize_atelier_vapor/src/snapshots/vize_atelier_vapor__tests_source_map__keep_alive_dynamic_code.snap;crates/vize_atelier_vapor/src/snapshots/vize_atelier_vapor__tests_source_map__keep_alive_dynamic_map.snap;crates/vize_atelier_vapor/src/snapshots/vize_atelier_vapor__tests_source_map__keep_alive_static_code.snap;crates/vize_atelier_vapor/src/snapshots/vize_atelier_vapor__tests_source_map__keep_alive_static_map.snap;crates/vize_atelier_vapor/tests/davinci_expr_reparse_floor.rs;crates/vize_atelier_vapor/tests/davinci_vapor_upstream_parity/keep_alive.rs;crates/vize_atelier_vapor/tests/davinci_vapor_upstream_parity/main.rs	-	semantic-review-pending	-
44277038523be1b1bc7821d0c6b2083cf1e1dfc9	fix(vapor): reject inconsistent accepted S3 emission	crates/vize_atelier_vapor/src/compile.rs;crates/vize_atelier_vapor/src/compile/native.rs;crates/vize_atelier_vapor/src/s3.rs;crates/vize_atelier_vapor/src/s3/native.rs;crates/vize_atelier_vapor/src/s3/native/emit.rs;crates/vize_atelier_vapor/src/s3/native/tests.rs	crates/vize_atelier_vapor/src/s3/native/tests.rs	-	semantic-review-pending	-
181a231bdf164253843f3dc973f30813f196fe01	fix(sfc): align expression CSS variables with client and SSR values	crates/vize_atelier_sfc/src/compile.rs;crates/vize_atelier_sfc/src/compile/bindings.rs;crates/vize_atelier_sfc/src/compile/snapshots/vize_atelier_sfc__compile__tests__script_setup_css_v_bind_handles_quoted_parentheses.snap;crates/vize_atelier_sfc/src/compile/snapshots/vize_atelier_sfc__compile__tests__script_setup_css_v_bind_reads_define_props.snap;crates/vize_atelier_sfc/src/compile/snapshots/vize_atelier_sfc__compile__tests__script_setup_css_v_bind_uses_scoped_vars.snap;crates/vize_atelier_sfc/src/compile/styles.rs;crates/vize_atelier_sfc/src/compile_script/inline/compiler/setup_emit.rs;crates/vize_atelier_sfc/src/css.rs;crates/vize_atelier_sfc/src/css/snapshots/vize_atelier_sfc__css__tests__v_bind_extraction_handles_quoted_expressions_with_parentheses.snap;crates/vize_atelier_sfc/src/css/snapshots/vize_atelier_sfc__css__tests__v_bind_extraction_ignores_strings_and_comments.snap;crates/vize_atelier_sfc/src/css/snapshots/vize_atelier_sfc__css__tests__v_bind_extraction_with_scope_id.snap;crates/vize_atelier_sfc/src/css/vars.rs;crates/vize_atelier_sfc/tests/css_bind_runtime.rs;crates/vize_atelier_ssr/src/codegen.rs;crates/vize_atelier_ssr/tests/snapshots/ssr_snapshot__css_vars__element_with_css_vars.snap;crates/vize_atelier_ssr/tests/vue_ssr_render.rs;crates/vize_croquis/src/sfc/css_transform.rs	crates/vize_atelier_sfc/src/compile/snapshots/vize_atelier_sfc__compile__tests__script_setup_css_v_bind_handles_quoted_parentheses.snap;crates/vize_atelier_sfc/src/compile/snapshots/vize_atelier_sfc__compile__tests__script_setup_css_v_bind_reads_define_props.snap;crates/vize_atelier_sfc/src/compile/snapshots/vize_atelier_sfc__compile__tests__script_setup_css_v_bind_uses_scoped_vars.snap;crates/vize_atelier_sfc/src/css/snapshots/vize_atelier_sfc__css__tests__v_bind_extraction_handles_quoted_expressions_with_parentheses.snap;crates/vize_atelier_sfc/src/css/snapshots/vize_atelier_sfc__css__tests__v_bind_extraction_ignores_strings_and_comments.snap;crates/vize_atelier_sfc/src/css/snapshots/vize_atelier_sfc__css__tests__v_bind_extraction_with_scope_id.snap;crates/vize_atelier_sfc/tests/css_bind_runtime.rs;crates/vize_atelier_ssr/tests/snapshots/ssr_snapshot__css_vars__element_with_css_vars.snap;crates/vize_atelier_ssr/tests/vue_ssr_render.rs	-	semantic-review-pending	-
ca2fab538daf53f08700f368d4b6dae77a2d80e5	fix(ssr): pass string scope IDs to scoped slot outlets	crates/vize_atelier_ssr/src/codegen.rs;crates/vize_atelier_ssr/src/codegen/element/slot.rs;crates/vize_atelier_ssr/src/s4/emit/slot_outlet.rs;crates/vize_atelier_ssr/tests/snapshots/ssr_snapshot__scope_id__element_with_scope_id.snap;crates/vize_atelier_ssr/tests/snapshots/ssr_snapshot__scope_id__nested_with_scope_id.snap;crates/vize_atelier_ssr/tests/vue_ssr_render.rs	crates/vize_atelier_ssr/tests/snapshots/ssr_snapshot__scope_id__element_with_scope_id.snap;crates/vize_atelier_ssr/tests/snapshots/ssr_snapshot__scope_id__nested_with_scope_id.snap;crates/vize_atelier_ssr/tests/vue_ssr_render.rs	-	semantic-review-pending	-
0a7aaf21fbda36deea6de82ba90d7059aade1fc8	fix(vapor): avoid indexing root operations during codegen (#6748)	crates/vize_atelier_vapor/src/generate.rs	-	-	semantic-review-pending	-
8a6c88b343fa3dba948ea11bcd37d027d6ca473a	fix(vapor): omit sibling index during hydration (#6744)	crates/vize_atelier_vapor/src/generate/context.rs;crates/vize_atelier_vapor/src/generate/operations/refs.rs;crates/vize_atelier_vapor/src/ir.rs;crates/vize_atelier_vapor/src/snapshots/vize_atelier_vapor__tests__compile_control_flow_uses_parent_specific_insertion_state.snap;crates/vize_atelier_vapor/src/snapshots/vize_atelier_vapor__tests__compile_dynamic_siblings_around_control_flow_children.snap;crates/vize_atelier_vapor/src/snapshots/vize_atelier_vapor__tests__compile_first_dynamic_child_after_static_sibling.snap;crates/vize_atelier_vapor/src/snapshots/vize_atelier_vapor__tests__compile_first_dynamic_child_after_static_text.snap;crates/vize_atelier_vapor/src/snapshots/vize_atelier_vapor__tests_template_children__adjacent_control_flow_and_keyed_pattern_vapor_output.snap;crates/vize_atelier_vapor/src/snapshots/vize_atelier_vapor__tests_template_children__dynamic_sibling_inside_patterned_template_vapor_output.snap;crates/vize_atelier_vapor/src/snapshots/vize_atelier_vapor__tests_template_children__nested_patterned_template_child_vapor_output.snap;crates/vize_atelier_vapor/src/snapshots/vize_atelier_vapor__tests_template_children__nested_text_run_inside_patterned_template_vapor_output.snap;crates/vize_atelier_vapor/src/snapshots/vize_atelier_vapor__tests_template_children__patterned_template_child_vapor_output.snap;crates/vize_atelier_vapor/src/tests_insertion_state.rs;crates/vize_atelier_vapor/src/tests_sibling_navigation.rs	crates/vize_atelier_vapor/src/snapshots/vize_atelier_vapor__tests__compile_control_flow_uses_parent_specific_insertion_state.snap;crates/vize_atelier_vapor/src/snapshots/vize_atelier_vapor__tests__compile_dynamic_siblings_around_control_flow_children.snap;crates/vize_atelier_vapor/src/snapshots/vize_atelier_vapor__tests__compile_first_dynamic_child_after_static_sibling.snap;crates/vize_atelier_vapor/src/snapshots/vize_atelier_vapor__tests__compile_first_dynamic_child_after_static_text.snap;crates/vize_atelier_vapor/src/snapshots/vize_atelier_vapor__tests_template_children__adjacent_control_flow_and_keyed_pattern_vapor_output.snap;crates/vize_atelier_vapor/src/snapshots/vize_atelier_vapor__tests_template_children__dynamic_sibling_inside_patterned_template_vapor_output.snap;crates/vize_atelier_vapor/src/snapshots/vize_atelier_vapor__tests_template_children__nested_patterned_template_child_vapor_output.snap;crates/vize_atelier_vapor/src/snapshots/vize_atelier_vapor__tests_template_children__nested_text_run_inside_patterned_template_vapor_output.snap;crates/vize_atelier_vapor/src/snapshots/vize_atelier_vapor__tests_template_children__patterned_template_child_vapor_output.snap	-	semantic-review-pending	-
dfea039416f95ae63e1662344f7da0cf8c203e4d	fix(vapor): hydrate root nodes in document order (#6739)	crates/vize_atelier_sfc/src/compile/tests/vapor.rs;crates/vize_atelier_vapor/src/generate.rs;crates/vize_atelier_vapor/src/snapshots/vize_atelier_vapor__tests_template_children__dynamic_sibling_inside_patterned_template_vapor_output.snap;crates/vize_atelier_vapor/src/snapshots/vize_atelier_vapor__tests_template_children__nested_text_run_inside_patterned_template_vapor_output.snap;crates/vize_atelier_vapor/src/snapshots/vize_atelier_vapor__tests_template_children__patterned_template_child_vapor_output.snap;crates/vize_atelier_vapor/src/snapshots/vize_atelier_vapor__tests_template_children__separated_text_runs_inside_patterned_template_vapor_output.snap;crates/vize_atelier_vapor/src/tests_insertion_state.rs	crates/vize_atelier_sfc/src/compile/tests/vapor.rs;crates/vize_atelier_vapor/src/snapshots/vize_atelier_vapor__tests_template_children__dynamic_sibling_inside_patterned_template_vapor_output.snap;crates/vize_atelier_vapor/src/snapshots/vize_atelier_vapor__tests_template_children__nested_text_run_inside_patterned_template_vapor_output.snap;crates/vize_atelier_vapor/src/snapshots/vize_atelier_vapor__tests_template_children__patterned_template_child_vapor_output.snap;crates/vize_atelier_vapor/src/snapshots/vize_atelier_vapor__tests_template_children__separated_text_runs_inside_patterned_template_vapor_output.snap	-	semantic-review-pending	-
e9db02e5a12a6d34a21e1435e12653e0a88ef61b	fix(atelier): scope nested CSS selectors in SFC styles (#6738)	crates/vize_atelier_sfc/src/compile_tests.rs;crates/vize_atelier_sfc/src/style.rs;crates/vize_atelier_sfc/src/style/nested.rs;crates/vize_atelier_sfc/src/style/snapshots/vize_atelier_sfc__style__tests__nested_css_media_passthrough.snap;crates/vize_atelier_sfc/src/style/tests.rs	crates/vize_atelier_sfc/src/compile_tests.rs;crates/vize_atelier_sfc/src/style/snapshots/vize_atelier_sfc__style__tests__nested_css_media_passthrough.snap;crates/vize_atelier_sfc/src/style/tests.rs	-	semantic-review-pending	-
a74eaf8bdd84be0b341fad9dae26e09cfacddd47	fix(atelier): rewrite reactive props in spread keys and defaults (#6733)	crates/vize_atelier_sfc/src/compile/tests.rs;crates/vize_atelier_sfc/src/script/define_props_destructure/collector.rs;crates/vize_atelier_sfc/src/script/define_props_destructure/tests.rs	crates/vize_atelier_sfc/src/compile/tests.rs;crates/vize_atelier_sfc/src/script/define_props_destructure/tests.rs	-	semantic-review-pending	-
92adfb6927517974101e6837bed34bf76b55da9b	fix(atelier): erase inline type imports in dual script SFCs (#6732)	crates/vize_atelier_sfc/src/compile/normal_script.rs;crates/vize_atelier_sfc/src/compile/tests.rs	crates/vize_atelier_sfc/src/compile/tests.rs	compiler/sfc/dual-script-inline-type-only-imports@crates/vize_atelier_sfc/tests/fixtures/fix-history/provenance.json	fixture-linked;target-and-semantic-review-pending	-
6c4c964e67ce797ac26253aaa3917647531475f8	fix(atelier): apply object v-on casing in control-flow props (#6734)	crates/vize_atelier_core/src/codegen/props.rs;crates/vize_atelier_core/src/codegen/props/generate.rs;crates/vize_atelier_core/src/codegen/slots/outlet.rs;crates/vize_atelier_core/src/codegen/v_for/generate.rs;crates/vize_atelier_core/src/codegen/v_if/props.rs;crates/vize_atelier_core/tests/v_if_spread_order.rs	crates/vize_atelier_core/tests/v_if_spread_order.rs	-	semantic-review-pending	-
fe724476c7a1fd1bd9bf784699814626994ff9b4	fix(atelier): preserve user render bindings in separate SFC output (#6730)	crates/vize_atelier_sfc/src/compile.rs;crates/vize_atelier_sfc/src/compile_script/inline/compiler/component_output.rs;crates/vize_atelier_sfc/src/experimental_tests.rs	crates/vize_atelier_sfc/src/experimental_tests.rs	compiler/sfc/separate-template-authored-render-binding@crates/vize_atelier_sfc/tests/fixtures/fix-history/provenance.json	fixture-linked;target-and-semantic-review-pending	-
bd97be6912e916f430dd3ad5905928eb0ed729cb	fix(atelier): preserve component event names in object v-on (#6729)	crates/vize_atelier_core/src/codegen/props.rs;crates/vize_atelier_core/src/codegen/props/generate.rs;crates/vize_atelier_core/tests/v_if_spread_order.rs	crates/vize_atelier_core/tests/v_if_spread_order.rs	-	semantic-review-pending	-
0119bcb41f3267ef0b22793b2da7b811a6baf574	fix(atelier): preserve nested deep selectors and slotted scope IDs (#6712)	crates/vize_atelier_sfc/src/compile_tests.rs;crates/vize_atelier_sfc/src/style.rs;crates/vize_atelier_sfc/src/style/tests.rs	crates/vize_atelier_sfc/src/compile_tests.rs;crates/vize_atelier_sfc/src/style/tests.rs	-	semantic-review-pending	-
dc68be43bed308d0603fc08f7ebfcef50ff99ce0	fix(vite): preserve global selectors before legacy normalization (#6713)	crates/vize_atelier_sfc/src/vite_plugin/css_scope.rs	-	-	semantic-review-pending	-
a1deb169282b1dff4b2dc05e3e75d1bc720e73a6	fix(vite): keep global scoped CSS selectors unscoped (#6708)	crates/vize_atelier_sfc/src/vite_plugin/css_scope.rs;crates/vize_atelier_sfc/src/vite_plugin/css_scope/tests.rs	crates/vize_atelier_sfc/src/vite_plugin/css_scope/tests.rs	-	semantic-review-pending	-
efd7f5ac8d111f8db655a0dc9b6ed70c1457c504	fix(croquis): include parameter initializer references (#6707)	crates/vize_croquis/src/drawer/helpers/identifiers/ast.rs;crates/vize_croquis/src/drawer/helpers/identifiers/ast/walk.rs	-	-	semantic-review-pending	-
fbadd604cf5095381e748362319edd5117955d81	fix(croquis): walk block-bodied handler functions for template references (#6682)	crates/vize_croquis/src/drawer/helpers/identifiers/ast.rs;crates/vize_croquis/src/drawer/helpers/identifiers/ast/walk.rs	-	-	semantic-review-pending	-
6529c45443a99019dfa1897430e9ba9cb7c567da	fix(croquis): let Options API instance members own template names over same-named imports (#6681)	crates/vize_croquis/src/script_parser/process/imports.rs;crates/vize_croquis/src/script_parser/tests.rs	crates/vize_croquis/src/script_parser/tests.rs	-	semantic-review-pending	-
dec200cb6b144e9c780ee53d9bf8c529f048513c	fix(vapor): accept callable prop types and resolve static <component is> (#6671)	crates/vize_atelier_sfc/src/compile/tests/define_props_regressions.rs;crates/vize_atelier_sfc/src/compile_script/props.rs;crates/vize_atelier_sfc/src/compile_script/props/ast_resolve.rs;crates/vize_atelier_sfc/src/compile_script/props/callable.rs;crates/vize_atelier_sfc/src/compile_script/props/runtime_type.rs;crates/vize_atelier_vapor/src/generate/operations/component.rs;crates/vize_atelier_vapor/src/lib.rs;crates/vize_atelier_vapor/src/lower/element/component.rs;crates/vize_atelier_vapor/src/tests_dynamic_component.rs	crates/vize_atelier_sfc/src/compile/tests/define_props_regressions.rs	-	semantic-review-pending	-
af1079858fe8b74f623f459483d3a676e9bbb74c	fix(vapor): adopt the Vue 3.6 rc insertion-state model (#6669)	crates/vize_atelier_jsx/tests/snapshots/adversarial_snapshots__stateful_destructured_component_vapor.snap;crates/vize_atelier_jsx/tests/snapshots/control_flow__vapor_control_flow_matrix.snap;crates/vize_atelier_jsx/tests/snapshots/parity_vapor__vapor_parity_matrix_snapshot.snap;crates/vize_atelier_jsx/tests/snapshots/vapor_ssr__client_codegen_matrix_when_ssr_is_off.snap;crates/vize_atelier_sfc/src/compile/snapshots/vize_atelier_sfc__compile__tests__script_setup_sfc_vapor_custom_renderer_preserves_intrinsics_and_lowercase_imports.snap;crates/vize_atelier_sfc/src/compile/tests/snapshots/vize_atelier_sfc__compile__tests__vapor__script_setup_sfc_vapor_slot_outlet.snap;crates/vize_atelier_sfc/tests/vapor_runtime_contracts/events.rs;crates/vize_atelier_vapor/src/generate/operations/events.rs;crates/vize_atelier_vapor/src/generate/operations/for_loop.rs;crates/vize_atelier_vapor/src/generate/operations/if_block.rs;crates/vize_atelier_vapor/src/generate/operations/insertion.rs;crates/vize_atelier_vapor/src/generate/operations/match_scope.rs;crates/vize_atelier_vapor/src/generate/operations/slots.rs;crates/vize_atelier_vapor/src/generate/setup.rs;crates/vize_atelier_vapor/src/ir.rs;crates/vize_atelier_vapor/src/ir/control_flow.rs;crates/vize_atelier_vapor/src/lib.rs;crates/vize_atelier_vapor/src/lower/control.rs;crates/vize_atelier_vapor/src/lower/element.rs;crates/vize_atelier_vapor/src/lower/element/component.rs;crates/vize_atelier_vapor/src/lower/element/deferred.rs;crates/vize_atelier_vapor/src/lower/element/insertion.rs;crates/vize_atelier_vapor/src/lower/element/template.rs;crates/vize_atelier_vapor/src/s3/native/emit.rs;crates/vize_atelier_vapor/src/s3/native/emit/component.rs;crates/vize_atelier_vapor/src/s3/native/emit/control.rs;crates/vize_atelier_vapor/src/s3/native/emit/element.rs;crates/vize_atelier_vapor/src/s3/tests/control.rs;crates/vize_atelier_vapor/src/s3/tests/spreads.rs;crates/vize_atelier_vapor/src/snapshots/vize_atelier_vapor__tests__compile_branch_component_under_existing_parent.snap;crates/vize_atelier_vapor/src/snapshots/vize_atelier_vapor__tests__compile_component_resolution_is_scoped_per_branch.snap;crates/vize_atelier_vapor/src/snapshots/vize_atelier_vapor__tests__compile_component_resolution_reuses_outer_scope_inside_branch.snap;crates/vize_atelier_vapor/src/snapshots/vize_atelier_vapor__tests__compile_control_flow_uses_parent_specific_insertion_state.snap;crates/vize_atelier_vapor/src/snapshots/vize_atelier_vapor__tests__compile_dynamic_siblings_around_control_flow_children.snap;crates/vize_atelier_vapor/src/snapshots/vize_atelier_vapor__tests__compile_mixed_text_static_and_if_children_preserves_template_shape.snap;crates/vize_atelier_vapor/src/snapshots/vize_atelier_vapor__tests__compile_nested_component_child.snap;crates/vize_atelier_vapor/src/snapshots/vize_atelier_vapor__tests__compile_nested_control_flow_avoids_unused_root_insertion_state.snap;crates/vize_atelier_vapor/src/snapshots/vize_atelier_vapor__tests__compile_nested_if_under_existing_child.snap;crates/vize_atelier_vapor/src/snapshots/vize_atelier_vapor__tests__compile_nested_slot_outlet_child.snap;crates/vize_atelier_vapor/src/snapshots/vize_atelier_vapor__tests__compile_nested_v_for_key_uses_outer_alias.snap;crates/vize_atelier_vapor/src/snapshots/vize_atelier_vapor__tests__compile_v_for_aliases_in_complex_expressions.snap;crates/vize_atelier_vapor/src/snapshots/vize_atelier_vapor__tests_template_children__adjacent_control_flow_and_keyed_pattern_vapor_output.snap;crates/vize_atelier_vapor/src/snapshots/vize_atelier_vapor__tests_template_children__dynamic_sibling_inside_patterned_template_vapor_output.snap;crates/vize_atelier_vapor/src/snapshots/vize_atelier_vapor__tests_template_children__nested_patterned_template_child_vapor_output.snap;crates/vize_atelier_vapor/src/snapshots/vize_atelier_vapor__tests_template_children__nested_text_run_inside_patterned_template_vapor_output.snap;crates/vize_atelier_vapor/src/snapshots/vize_atelier_vapor__tests_template_children__patterned_template_child_vapor_output.snap;crates/vize_atelier_vapor/src/snapshots/vize_atelier_vapor__tests_template_children__separated_text_runs_inside_patterned_template_vapor_output.snap;crates/vize_atelier_vapor/src/steps/slot.rs;crates/vize_atelier_vapor/src/tests.rs;crates/vize_atelier_vapor/src/tests_insertion_state.rs;crates/vize_atelier_vapor/src/tests_source_map.rs;crates/vize_atelier_vapor/tests/davinci_mounted_behavior/loops_matrix.rs	crates/vize_atelier_jsx/tests/snapshots/adversarial_snapshots__stateful_destructured_component_vapor.snap;crates/vize_atelier_jsx/tests/snapshots/control_flow__vapor_control_flow_matrix.snap;crates/vize_atelier_jsx/tests/snapshots/parity_vapor__vapor_parity_matrix_snapshot.snap;crates/vize_atelier_jsx/tests/snapshots/vapor_ssr__client_codegen_matrix_when_ssr_is_off.snap;crates/vize_atelier_sfc/src/compile/snapshots/vize_atelier_sfc__compile__tests__script_setup_sfc_vapor_custom_renderer_preserves_intrinsics_and_lowercase_imports.snap;crates/vize_atelier_sfc/src/compile/tests/snapshots/vize_atelier_sfc__compile__tests__vapor__script_setup_sfc_vapor_slot_outlet.snap;crates/vize_atelier_sfc/tests/vapor_runtime_contracts/events.rs;crates/vize_atelier_vapor/src/s3/tests/control.rs;crates/vize_atelier_vapor/src/s3/tests/spreads.rs;crates/vize_atelier_vapor/src/snapshots/vize_atelier_vapor__tests__compile_branch_component_under_existing_parent.snap;crates/vize_atelier_vapor/src/snapshots/vize_atelier_vapor__tests__compile_component_resolution_is_scoped_per_branch.snap;crates/vize_atelier_vapor/src/snapshots/vize_atelier_vapor__tests__compile_component_resolution_reuses_outer_scope_inside_branch.snap;crates/vize_atelier_vapor/src/snapshots/vize_atelier_vapor__tests__compile_control_flow_uses_parent_specific_insertion_state.snap;crates/vize_atelier_vapor/src/snapshots/vize_atelier_vapor__tests__compile_dynamic_siblings_around_control_flow_children.snap;crates/vize_atelier_vapor/src/snapshots/vize_atelier_vapor__tests__compile_mixed_text_static_and_if_children_preserves_template_shape.snap;crates/vize_atelier_vapor/src/snapshots/vize_atelier_vapor__tests__compile_nested_component_child.snap;crates/vize_atelier_vapor/src/snapshots/vize_atelier_vapor__tests__compile_nested_control_flow_avoids_unused_root_insertion_state.snap;crates/vize_atelier_vapor/src/snapshots/vize_atelier_vapor__tests__compile_nested_if_under_existing_child.snap;crates/vize_atelier_vapor/src/snapshots/vize_atelier_vapor__tests__compile_nested_slot_outlet_child.snap;crates/vize_atelier_vapor/src/snapshots/vize_atelier_vapor__tests__compile_nested_v_for_key_uses_outer_alias.snap;crates/vize_atelier_vapor/src/snapshots/vize_atelier_vapor__tests__compile_v_for_aliases_in_complex_expressions.snap;crates/vize_atelier_vapor/src/snapshots/vize_atelier_vapor__tests_template_children__adjacent_control_flow_and_keyed_pattern_vapor_output.snap;crates/vize_atelier_vapor/src/snapshots/vize_atelier_vapor__tests_template_children__dynamic_sibling_inside_patterned_template_vapor_output.snap;crates/vize_atelier_vapor/src/snapshots/vize_atelier_vapor__tests_template_children__nested_patterned_template_child_vapor_output.snap;crates/vize_atelier_vapor/src/snapshots/vize_atelier_vapor__tests_template_children__nested_text_run_inside_patterned_template_vapor_output.snap;crates/vize_atelier_vapor/src/snapshots/vize_atelier_vapor__tests_template_children__patterned_template_child_vapor_output.snap;crates/vize_atelier_vapor/src/snapshots/vize_atelier_vapor__tests_template_children__separated_text_runs_inside_patterned_template_vapor_output.snap;crates/vize_atelier_vapor/src/tests.rs;crates/vize_atelier_vapor/tests/davinci_mounted_behavior/loops_matrix.rs	-	semantic-review-pending	-
b02f02a6a1528e7f898a6da79910c81f5a15bc41	fix(ci): align script evidence with release contracts (#6564)	crates/vize_atelier_sfc/tests/module_mode_setup_bindings.rs;crates/vize_atelier_sfc/tests/snapshots/module_mode_setup_bindings__module_mode_does_not_keep_type_import_for_prefixed_component_name.snap	crates/vize_atelier_sfc/tests/module_mode_setup_bindings.rs;crates/vize_atelier_sfc/tests/snapshots/module_mode_setup_bindings__module_mode_does_not_keep_type_import_for_prefixed_component_name.snap	-	semantic-review-pending	-
524b77f34dad509304dd81230cf9ddfc0757be50	fix(atelier): quote custom v-model modifier keys (#6560)	crates/vize_atelier_core/src/codegen.rs;crates/vize_atelier_core/src/lane/element.rs;crates/vize_atelier_core/tests/dynamic_model_arguments.rs	crates/vize_atelier_core/tests/dynamic_model_arguments.rs	-	semantic-review-pending	-
38c363b58ae6a7cd663ac18181db5c8369695c86	fix(davinci): freeze plain nested v-once subtrees (#6549)	crates/vize_atelier_vapor/src/s3/native/validate/once.rs;crates/vize_atelier_vapor/src/s3/tests/attributes.rs;crates/vize_atelier_vapor/tests/davinci_vapor_upstream_parity/main.rs	crates/vize_atelier_vapor/src/s3/tests/attributes.rs;crates/vize_atelier_vapor/tests/davinci_vapor_upstream_parity/main.rs	-	semantic-review-pending	-
281889f08e8aa62a686499a35c4994fd1bc07982	fix(parser): normalize CRLF in pre text (#6546)	crates/vize_armature/src/parser.rs;crates/vize_armature/src/parser/tests.rs;crates/vize_armature/src/parser/whitespace.rs;crates/vize_atelier_sfc/src/template_tests.rs	crates/vize_armature/src/parser/tests.rs;crates/vize_atelier_sfc/src/template_tests.rs	-	semantic-review-pending	-
7f802b69bf57fc555e65174d33d8319fc4753aa4	fix(canon): scope dynamic is before same-element v-for	crates/vize_croquis/src/drawer/template/visit_element/second_pass.rs	-	-	semantic-review-pending	-
4f22402bc1a11232fa7b793cea2f4483c76f6d86	fix(sfc): use checked slice for template binding reads	crates/vize_atelier_sfc/src/compile_script/inline/compiler/render.rs	-	-	semantic-review-pending	-
025f3b777a04d24b0698a79a368bc44d19d84478	fix(ci): restore full workspace Clippy on main (#6534)	crates/vize_atelier_dom/src/compile/sfc/selector.rs	-	-	semantic-review-pending	-
3ca0d36d7374019c762b7f7a6c5bdb1788e08185	fix(sfc): match complete template binding names	crates/vize_atelier_sfc/src/compile_script/inline/compiler/render.rs;crates/vize_atelier_sfc/tests/module_mode_setup_bindings.rs	crates/vize_atelier_sfc/tests/module_mode_setup_bindings.rs	-	semantic-review-pending	-
a92994b993eeb6ccdedd9ed5c62e6e2bf3d0ccd2	fix(davinci): preserve DOM emit option layout (#6520)	crates/vize_atelier_dom/src/compile/sfc.rs;crates/vize_atelier_dom/src/compile/stage_options.rs;crates/vize_atelier_jsx/src/vdom/s2_emit.rs;crates/vize_atelier_sfc/tests/davinci_production_reach.rs	crates/vize_atelier_sfc/tests/davinci_production_reach.rs	-	semantic-review-pending	-
f0b776df7275011ab59cfe59bb455a5c684ad6c9	fix(sfc): preserve script-only default export (#6519)	crates/vize_atelier_sfc/src/compile.rs;crates/vize_atelier_sfc/src/compile/module_trace.rs;crates/vize_atelier_sfc/src/compile/tests.rs;crates/vize_atelier_sfc/src/module_map/sfc_tests.rs	crates/vize_atelier_sfc/src/compile/tests.rs;crates/vize_atelier_sfc/src/module_map/sfc_tests.rs	-	semantic-review-pending	-
f59471e4cec7668de85ffa672cd80c9cfb98c81d	fix(atelier_dom): join the panic-free workspace lints (#6476)	crates/vize_atelier_dom/Cargo.toml;crates/vize_atelier_dom/benches/davinci.rs;crates/vize_atelier_dom/src/compile/croquis_facts.rs;crates/vize_atelier_dom/src/compile/custom_elements.rs;crates/vize_atelier_dom/src/compile/sfc.rs;crates/vize_atelier_dom/src/compile/sfc/p_end.rs;crates/vize_atelier_dom/src/compile/sfc/selector.rs;crates/vize_atelier_dom/src/compile/stage_options.rs;crates/vize_atelier_dom/src/experimental_tests.rs;crates/vize_atelier_dom/src/lib.rs;crates/vize_atelier_dom/src/prefix_identifier_tests.rs;crates/vize_atelier_dom/src/steps/v_html.rs;crates/vize_atelier_dom/src/steps/v_model.rs;crates/vize_atelier_dom/src/steps/v_on.rs;crates/vize_atelier_dom/src/steps/v_text.rs;crates/vize_atelier_dom/tests/conditional_v_model_quirks.rs;crates/vize_atelier_dom/tests/davinci_s2_bind_modifiers.rs;crates/vize_atelier_dom/tests/davinci_s2_binding_metadata.rs;crates/vize_atelier_dom/tests/davinci_s2_build_profile.rs;crates/vize_atelier_dom/tests/davinci_s2_builtins.rs;crates/vize_atelier_dom/tests/davinci_s2_cache_handlers.rs;crates/vize_atelier_dom/tests/davinci_s2_cache_slot_order.rs;crates/vize_atelier_dom/tests/davinci_s2_cached_props_multiline.rs;crates/vize_atelier_dom/tests/davinci_s2_cloak.rs;crates/vize_atelier_dom/tests/davinci_s2_codegen_option_selector.rs;crates/vize_atelier_dom/tests/davinci_s2_colon.rs;crates/vize_atelier_dom/tests/davinci_s2_component_name.rs;crates/vize_atelier_dom/tests/davinci_s2_constant_style_binding.rs;crates/vize_atelier_dom/tests/davinci_s2_constant_text_run.rs;crates/vize_atelier_dom/tests/davinci_s2_corpus_residuals.rs;crates/vize_atelier_dom/tests/davinci_s2_custom_element_selector.rs;crates/vize_atelier_dom/tests/davinci_s2_dirs.rs;crates/vize_atelier_dom/tests/davinci_s2_dom.rs;crates/vize_atelier_dom/tests/davinci_s2_dom_namespace.rs;crates/vize_atelier_dom/tests/davinci_s2_dynamic.rs;crates/vize_atelier_dom/tests/davinci_s2_dynamic_bind_keys.rs;crates/vize_atelier_dom/tests/davinci_s2_dynamic_bind_options.rs;crates/vize_atelier_dom/tests/davinci_s2_dynamic_von_keys.rs;crates/vize_atelier_dom/tests/davinci_s2_expression_residuals.rs;crates/vize_atelier_dom/tests/davinci_s2_filters.rs;crates/vize_atelier_dom/tests/davinci_s2_for.rs;crates/vize_atelier_dom/tests/davinci_s2_format_residuals.rs;crates/vize_atelier_dom/tests/davinci_s2_fragments.rs;crates/vize_atelier_dom/tests/davinci_s2_handler_parity.rs;crates/vize_atelier_dom/tests/davinci_s2_helper_composition.rs;crates/vize_atelier_dom/tests/davinci_s2_helper_order.rs;crates/vize_atelier_dom/tests/davinci_s2_hoist_order.rs;crates/vize_atelier_dom/tests/davinci_s2_hoist_static_selector.rs;crates/vize_atelier_dom/tests/davinci_s2_html.rs;crates/vize_atelier_dom/tests/davinci_s2_if_for.rs;crates/vize_atelier_dom/tests/davinci_s2_inline.rs;crates/vize_atelier_dom/tests/davinci_s2_inline_root_hoist.rs;crates/vize_atelier_dom/tests/davinci_s2_inline_root_hoist_components.rs;crates/vize_atelier_dom/tests/davinci_s2_inline_template_ref.rs;crates/vize_atelier_dom/tests/davinci_s2_is_ts.rs;crates/vize_atelier_dom/tests/davinci_s2_keyed_component_block.rs;crates/vize_atelier_dom/tests/davinci_s2_legacy_selector.rs;crates/vize_atelier_dom/tests/davinci_s2_memo.rs;crates/vize_atelier_dom/tests/davinci_s2_merged_const_handler.rs;crates/vize_atelier_dom/tests/davinci_s2_model.rs;crates/vize_atelier_dom/tests/davinci_s2_module_mode.rs;crates/vize_atelier_dom/tests/davinci_s2_multiline_props.rs;crates/vize_atelier_dom/tests/davinci_s2_native_on.rs;crates/vize_atelier_dom/tests/davinci_s2_once.rs;crates/vize_atelier_dom/tests/davinci_s2_option_audit.rs;crates/vize_atelier_dom/tests/davinci_s2_option_families.rs;crates/vize_atelier_dom/tests/davinci_s2_option_matrix.rs;crates/vize_atelier_dom/tests/davinci_s2_outlets.rs;crates/vize_atelier_dom/tests/davinci_s2_patch_flags.rs;crates/vize_atelier_dom/tests/davinci_s2_patch_flags_legacy.rs;crates/vize_atelier_dom/tests/davinci_s2_patch_flags_static.rs;crates/vize_atelier_dom/tests/davinci_s2_prefix_identifiers.rs;crates/vize_atelier_dom/tests/davinci_s2_production_selector.rs;crates/vize_atelier_dom/tests/davinci_s2_profile.rs;crates/vize_atelier_dom/tests/davinci_s2_profile_unsupported.rs;crates/vize_atelier_dom/tests/davinci_s2_recent_patch_flags.rs;crates/vize_atelier_dom/tests/davinci_s2_refs.rs;crates/vize_atelier_dom/tests/davinci_s2_root_hoist.rs;crates/vize_atelier_dom/tests/davinci_s2_runtime_module_profile.rs;crates/vize_atelier_dom/tests/davinci_s2_scope_id.rs;crates/vize_atelier_dom/tests/davinci_s2_sfc_comment_selector.rs;crates/vize_atelier_dom/tests/davinci_s2_sfc_namespace_selector.rs;crates/vize_atelier_dom/tests/davinci_s2_sfc_self_closing_selector.rs;crates/vize_atelier_dom/tests/davinci_s2_show.rs;crates/vize_atelier_dom/tests/davinci_s2_slots.rs;crates/vize_atelier_dom/tests/davinci_s2_source_map.rs;crates/vize_atelier_dom/tests/davinci_s2_static_cache.rs;crates/vize_atelier_dom/tests/davinci_s2_static_class_patch.rs;crates/vize_atelier_dom/tests/davinci_s2_static_style.rs;crates/vize_atelier_dom/tests/davinci_s2_static_vnode_hoist.rs;crates/vize_atelier_dom/tests/davinci_s2_style_merge.rs;crates/vize_atelier_dom/tests/davinci_s2_template_wrapper_component_props.rs;crates/vize_atelier_dom/tests/davinci_s2_text.rs;crates/vize_atelier_dom/tests/davinci_s2_text_facts.rs;crates/vize_atelier_dom/tests/davinci_s2_tpl.rs;crates/vize_atelier_dom/tests/davinci_s2_unref_helper_order.rs;crates/vize_atelier_dom/tests/davinci_s2_v_for_child_props.rs;crates/vize_atelier_dom/tests/davinci_s2_v_pre.rs;crates/vize_atelier_dom/tests/davinci_s2_von.rs;crates/vize_atelier_dom/tests/davinci_s2_vslots.rs;crates/vize_atelier_dom/tests/davinci_s2_whitespace_text_vnode.rs;crates/vize_atelier_dom/tests/davinci_walk_baseline.rs;crates/vize_atelier_dom/tests/dom_snapshot.rs;crates/vize_atelier_dom/tests/dropped_comment_text_runs.rs;crates/vize_atelier_dom/tests/dynamic_template_ref.rs;crates/vize_atelier_dom/tests/element_nesting_depth.rs;crates/vize_atelier_dom/tests/invalid_expression_diagnostics.rs;crates/vize_atelier_dom/tests/setup_component_unref.rs;crates/vize_atelier_dom/tests/support/battery/dom.rs;crates/vize_atelier_dom/tests/support/battery/model.rs;crates/vize_atelier_dom/tests/support/battery/outlets.rs;crates/vize_atelier_dom/tests/support/mod.rs;crates/vize_atelier_dom/tests/support/profile.rs;crates/vize_atelier_dom/tests/text_shape_matrix.rs;crates/vize_atelier_dom/tests/v_pre_freezes_its_subtree.rs	crates/vize_atelier_dom/src/experimental_tests.rs;crates/vize_atelier_dom/src/prefix_identifier_tests.rs;crates/vize_atelier_dom/tests/conditional_v_model_quirks.rs;crates/vize_atelier_dom/tests/davinci_s2_bind_modifiers.rs;crates/vize_atelier_dom/tests/davinci_s2_binding_metadata.rs;crates/vize_atelier_dom/tests/davinci_s2_build_profile.rs;crates/vize_atelier_dom/tests/davinci_s2_builtins.rs;crates/vize_atelier_dom/tests/davinci_s2_cache_handlers.rs;crates/vize_atelier_dom/tests/davinci_s2_cache_slot_order.rs;crates/vize_atelier_dom/tests/davinci_s2_cached_props_multiline.rs;crates/vize_atelier_dom/tests/davinci_s2_cloak.rs;crates/vize_atelier_dom/tests/davinci_s2_codegen_option_selector.rs;crates/vize_atelier_dom/tests/davinci_s2_colon.rs;crates/vize_atelier_dom/tests/davinci_s2_component_name.rs;crates/vize_atelier_dom/tests/davinci_s2_constant_style_binding.rs;crates/vize_atelier_dom/tests/davinci_s2_constant_text_run.rs;crates/vize_atelier_dom/tests/davinci_s2_corpus_residuals.rs;crates/vize_atelier_dom/tests/davinci_s2_custom_element_selector.rs;crates/vize_atelier_dom/tests/davinci_s2_dirs.rs;crates/vize_atelier_dom/tests/davinci_s2_dom.rs;crates/vize_atelier_dom/tests/davinci_s2_dom_namespace.rs;crates/vize_atelier_dom/tests/davinci_s2_dynamic.rs;crates/vize_atelier_dom/tests/davinci_s2_dynamic_bind_keys.rs;crates/vize_atelier_dom/tests/davinci_s2_dynamic_bind_options.rs;crates/vize_atelier_dom/tests/davinci_s2_dynamic_von_keys.rs;crates/vize_atelier_dom/tests/davinci_s2_expression_residuals.rs;crates/vize_atelier_dom/tests/davinci_s2_filters.rs;crates/vize_atelier_dom/tests/davinci_s2_for.rs;crates/vize_atelier_dom/tests/davinci_s2_format_residuals.rs;crates/vize_atelier_dom/tests/davinci_s2_fragments.rs;crates/vize_atelier_dom/tests/davinci_s2_handler_parity.rs;crates/vize_atelier_dom/tests/davinci_s2_helper_composition.rs;crates/vize_atelier_dom/tests/davinci_s2_helper_order.rs;crates/vize_atelier_dom/tests/davinci_s2_hoist_order.rs;crates/vize_atelier_dom/tests/davinci_s2_hoist_static_selector.rs;crates/vize_atelier_dom/tests/davinci_s2_html.rs;crates/vize_atelier_dom/tests/davinci_s2_if_for.rs;crates/vize_atelier_dom/tests/davinci_s2_inline.rs;crates/vize_atelier_dom/tests/davinci_s2_inline_root_hoist.rs;crates/vize_atelier_dom/tests/davinci_s2_inline_root_hoist_components.rs;crates/vize_atelier_dom/tests/davinci_s2_inline_template_ref.rs;crates/vize_atelier_dom/tests/davinci_s2_is_ts.rs;crates/vize_atelier_dom/tests/davinci_s2_keyed_component_block.rs;crates/vize_atelier_dom/tests/davinci_s2_legacy_selector.rs;crates/vize_atelier_dom/tests/davinci_s2_memo.rs;crates/vize_atelier_dom/tests/davinci_s2_merged_const_handler.rs;crates/vize_atelier_dom/tests/davinci_s2_model.rs;crates/vize_atelier_dom/tests/davinci_s2_module_mode.rs;crates/vize_atelier_dom/tests/davinci_s2_multiline_props.rs;crates/vize_atelier_dom/tests/davinci_s2_native_on.rs;crates/vize_atelier_dom/tests/davinci_s2_once.rs;crates/vize_atelier_dom/tests/davinci_s2_option_audit.rs;crates/vize_atelier_dom/tests/davinci_s2_option_families.rs;crates/vize_atelier_dom/tests/davinci_s2_option_matrix.rs;crates/vize_atelier_dom/tests/davinci_s2_outlets.rs;crates/vize_atelier_dom/tests/davinci_s2_patch_flags.rs;crates/vize_atelier_dom/tests/davinci_s2_patch_flags_legacy.rs;crates/vize_atelier_dom/tests/davinci_s2_patch_flags_static.rs;crates/vize_atelier_dom/tests/davinci_s2_prefix_identifiers.rs;crates/vize_atelier_dom/tests/davinci_s2_production_selector.rs;crates/vize_atelier_dom/tests/davinci_s2_profile.rs;crates/vize_atelier_dom/tests/davinci_s2_profile_unsupported.rs;crates/vize_atelier_dom/tests/davinci_s2_recent_patch_flags.rs;crates/vize_atelier_dom/tests/davinci_s2_refs.rs;crates/vize_atelier_dom/tests/davinci_s2_root_hoist.rs;crates/vize_atelier_dom/tests/davinci_s2_runtime_module_profile.rs;crates/vize_atelier_dom/tests/davinci_s2_scope_id.rs;crates/vize_atelier_dom/tests/davinci_s2_sfc_comment_selector.rs;crates/vize_atelier_dom/tests/davinci_s2_sfc_namespace_selector.rs;crates/vize_atelier_dom/tests/davinci_s2_sfc_self_closing_selector.rs;crates/vize_atelier_dom/tests/davinci_s2_show.rs;crates/vize_atelier_dom/tests/davinci_s2_slots.rs;crates/vize_atelier_dom/tests/davinci_s2_source_map.rs;crates/vize_atelier_dom/tests/davinci_s2_static_cache.rs;crates/vize_atelier_dom/tests/davinci_s2_static_class_patch.rs;crates/vize_atelier_dom/tests/davinci_s2_static_style.rs;crates/vize_atelier_dom/tests/davinci_s2_static_vnode_hoist.rs;crates/vize_atelier_dom/tests/davinci_s2_style_merge.rs;crates/vize_atelier_dom/tests/davinci_s2_template_wrapper_component_props.rs;crates/vize_atelier_dom/tests/davinci_s2_text.rs;crates/vize_atelier_dom/tests/davinci_s2_text_facts.rs;crates/vize_atelier_dom/tests/davinci_s2_tpl.rs;crates/vize_atelier_dom/tests/davinci_s2_unref_helper_order.rs;crates/vize_atelier_dom/tests/davinci_s2_v_for_child_props.rs;crates/vize_atelier_dom/tests/davinci_s2_v_pre.rs;crates/vize_atelier_dom/tests/davinci_s2_von.rs;crates/vize_atelier_dom/tests/davinci_s2_vslots.rs;crates/vize_atelier_dom/tests/davinci_s2_whitespace_text_vnode.rs;crates/vize_atelier_dom/tests/davinci_walk_baseline.rs;crates/vize_atelier_dom/tests/dom_snapshot.rs;crates/vize_atelier_dom/tests/dropped_comment_text_runs.rs;crates/vize_atelier_dom/tests/dynamic_template_ref.rs;crates/vize_atelier_dom/tests/element_nesting_depth.rs;crates/vize_atelier_dom/tests/invalid_expression_diagnostics.rs;crates/vize_atelier_dom/tests/setup_component_unref.rs;crates/vize_atelier_dom/tests/support/battery/dom.rs;crates/vize_atelier_dom/tests/support/battery/model.rs;crates/vize_atelier_dom/tests/support/battery/outlets.rs;crates/vize_atelier_dom/tests/support/mod.rs;crates/vize_atelier_dom/tests/support/profile.rs;crates/vize_atelier_dom/tests/text_shape_matrix.rs;crates/vize_atelier_dom/tests/v_pre_freezes_its_subtree.rs	-	semantic-review-pending	-
74b65a545138cc3209ac1dc87800b174aab04b88	fix(atelier_jsx): join the panic-free workspace lints (#6473)	crates/vize_atelier_jsx/Cargo.toml;crates/vize_atelier_jsx/src/compile/preamble.rs;crates/vize_atelier_jsx/src/compile/render_exports.rs;crates/vize_atelier_jsx/src/compile/tests.rs;crates/vize_atelier_jsx/src/lower/child.rs;crates/vize_atelier_jsx/src/lower/expr.rs;crates/vize_atelier_jsx/src/lower/name.rs;crates/vize_atelier_jsx/src/lower/v_custom.rs;crates/vize_atelier_jsx/src/lower/v_model.rs;crates/vize_atelier_jsx/src/parse.rs;crates/vize_atelier_jsx/src/s2.rs;crates/vize_atelier_jsx/src/s2/control_flow.rs;crates/vize_atelier_jsx/src/s2/native_model_tests.rs;crates/vize_atelier_jsx/src/span.rs;crates/vize_atelier_jsx/src/ssr.rs;crates/vize_atelier_jsx/src/tooling_recovery.rs;crates/vize_atelier_jsx/src/tooling_recovery/tests.rs;crates/vize_atelier_jsx/src/vapor.rs;crates/vize_atelier_jsx/src/vdom.rs;crates/vize_atelier_jsx/src/vdom/s2_emit/events_tests.rs;crates/vize_atelier_jsx/src/vdom/s2_emit/model_tests.rs;crates/vize_atelier_jsx/src/vdom/s2_emit/scoped_tests.rs;crates/vize_atelier_jsx/src/vdom/s2_emit/tests.rs;crates/vize_atelier_jsx/src/vdom/s2_emit/vue_directives_tests.rs;crates/vize_atelier_jsx/tests/adversarial_snapshots.rs;crates/vize_atelier_jsx/tests/analysis.rs;crates/vize_atelier_jsx/tests/attributes.rs;crates/vize_atelier_jsx/tests/babel_compat/mod.rs;crates/vize_atelier_jsx/tests/babel_compat_oracle.rs;crates/vize_atelier_jsx/tests/babel_merge_props.rs;crates/vize_atelier_jsx/tests/babel_object_slots.rs;crates/vize_atelier_jsx/tests/babel_v_slots.rs;crates/vize_atelier_jsx/tests/children.rs;crates/vize_atelier_jsx/tests/common/mod.rs;crates/vize_atelier_jsx/tests/compat_mode.rs;crates/vize_atelier_jsx/tests/compile.rs;crates/vize_atelier_jsx/tests/components.rs;crates/vize_atelier_jsx/tests/control_flow.rs;crates/vize_atelier_jsx/tests/diagnostics.rs;crates/vize_atelier_jsx/tests/directives.rs;crates/vize_atelier_jsx/tests/ecosystem_smoke.rs;crates/vize_atelier_jsx/tests/edge_cases.rs;crates/vize_atelier_jsx/tests/elements.rs;crates/vize_atelier_jsx/tests/events.rs;crates/vize_atelier_jsx/tests/fragments.rs;crates/vize_atelier_jsx/tests/modes.rs;crates/vize_atelier_jsx/tests/module_code.rs;crates/vize_atelier_jsx/tests/module_props.rs;crates/vize_atelier_jsx/tests/parity_tsx.rs;crates/vize_atelier_jsx/tests/parity_vapor.rs;crates/vize_atelier_jsx/tests/parity_vdom.rs;crates/vize_atelier_jsx/tests/slots.rs;crates/vize_atelier_jsx/tests/ssr.rs;crates/vize_atelier_jsx/tests/style.rs;crates/vize_atelier_jsx/tests/tsx.rs;crates/vize_atelier_jsx/tests/v_model_argument.rs;crates/vize_atelier_jsx/tests/v_model_target.rs;crates/vize_atelier_jsx/tests/v_models.rs;crates/vize_atelier_jsx/tests/v_slots.rs;crates/vize_atelier_jsx/tests/v_slots_forwarding.rs;crates/vize_atelier_jsx/tests/vapor.rs;crates/vize_atelier_jsx/tests/vapor_ssr.rs;crates/vize_atelier_jsx/tests/vdom.rs	crates/vize_atelier_jsx/src/compile/tests.rs;crates/vize_atelier_jsx/src/s2/native_model_tests.rs;crates/vize_atelier_jsx/src/tooling_recovery/tests.rs;crates/vize_atelier_jsx/src/vdom/s2_emit/events_tests.rs;crates/vize_atelier_jsx/src/vdom/s2_emit/model_tests.rs;crates/vize_atelier_jsx/src/vdom/s2_emit/scoped_tests.rs;crates/vize_atelier_jsx/src/vdom/s2_emit/tests.rs;crates/vize_atelier_jsx/src/vdom/s2_emit/vue_directives_tests.rs;crates/vize_atelier_jsx/tests/adversarial_snapshots.rs;crates/vize_atelier_jsx/tests/analysis.rs;crates/vize_atelier_jsx/tests/attributes.rs;crates/vize_atelier_jsx/tests/babel_compat/mod.rs;crates/vize_atelier_jsx/tests/babel_compat_oracle.rs;crates/vize_atelier_jsx/tests/babel_merge_props.rs;crates/vize_atelier_jsx/tests/babel_object_slots.rs;crates/vize_atelier_jsx/tests/babel_v_slots.rs;crates/vize_atelier_jsx/tests/children.rs;crates/vize_atelier_jsx/tests/common/mod.rs;crates/vize_atelier_jsx/tests/compat_mode.rs;crates/vize_atelier_jsx/tests/compile.rs;crates/vize_atelier_jsx/tests/components.rs;crates/vize_atelier_jsx/tests/control_flow.rs;crates/vize_atelier_jsx/tests/diagnostics.rs;crates/vize_atelier_jsx/tests/directives.rs;crates/vize_atelier_jsx/tests/ecosystem_smoke.rs;crates/vize_atelier_jsx/tests/edge_cases.rs;crates/vize_atelier_jsx/tests/elements.rs;crates/vize_atelier_jsx/tests/events.rs;crates/vize_atelier_jsx/tests/fragments.rs;crates/vize_atelier_jsx/tests/modes.rs;crates/vize_atelier_jsx/tests/module_code.rs;crates/vize_atelier_jsx/tests/module_props.rs;crates/vize_atelier_jsx/tests/parity_tsx.rs;crates/vize_atelier_jsx/tests/parity_vapor.rs;crates/vize_atelier_jsx/tests/parity_vdom.rs;crates/vize_atelier_jsx/tests/slots.rs;crates/vize_atelier_jsx/tests/ssr.rs;crates/vize_atelier_jsx/tests/style.rs;crates/vize_atelier_jsx/tests/tsx.rs;crates/vize_atelier_jsx/tests/v_model_argument.rs;crates/vize_atelier_jsx/tests/v_model_target.rs;crates/vize_atelier_jsx/tests/v_models.rs;crates/vize_atelier_jsx/tests/v_slots.rs;crates/vize_atelier_jsx/tests/v_slots_forwarding.rs;crates/vize_atelier_jsx/tests/vapor.rs;crates/vize_atelier_jsx/tests/vapor_ssr.rs;crates/vize_atelier_jsx/tests/vdom.rs	-	semantic-review-pending	-
9a1b71923c8c5e3040c7907243b873f043e1dda6	fix(atelier_core): join the panic-free workspace lints (#6460)	crates/vize_atelier_core/Cargo.toml;crates/vize_atelier_core/benches/davinci.rs;crates/vize_atelier_core/src/codegen.rs;crates/vize_atelier_core/src/codegen/children.rs;crates/vize_atelier_core/src/codegen/context.rs;crates/vize_atelier_core/src/codegen/context/vnode_factory.rs;crates/vize_atelier_core/src/codegen/document.rs;crates/vize_atelier_core/src/codegen/element.rs;crates/vize_atelier_core/src/codegen/element/directives.rs;crates/vize_atelier_core/src/codegen/element/inline.rs;crates/vize_atelier_core/src/codegen/emit.rs;crates/vize_atelier_core/src/codegen/expression.rs;crates/vize_atelier_core/src/codegen/expression/comment_rewrite.rs;crates/vize_atelier_core/src/codegen/expression/generate.rs;crates/vize_atelier_core/src/codegen/expression/helpers.rs;crates/vize_atelier_core/src/codegen/expression/prefix_bindings.rs;crates/vize_atelier_core/src/codegen/expression/prefix_context.rs;crates/vize_atelier_core/src/codegen/expression/scope_prefix.rs;crates/vize_atelier_core/src/codegen/generate/static_vnode.rs;crates/vize_atelier_core/src/codegen/helpers.rs;crates/vize_atelier_core/src/codegen/patch_flag/static_literal.rs;crates/vize_atelier_core/src/codegen/props/generate.rs;crates/vize_atelier_core/src/codegen/rewrite_spans.rs;crates/vize_atelier_core/src/codegen/source_map.rs;crates/vize_atelier_core/src/codegen/span_tests.rs;crates/vize_atelier_core/src/codegen/tests.rs;crates/vize_atelier_core/src/codegen/v_for.rs;crates/vize_atelier_core/src/codegen/v_for/generate.rs;crates/vize_atelier_core/src/codegen/v_for/helpers.rs;crates/vize_atelier_core/src/codegen/v_for/item_props.rs;crates/vize_atelier_core/src/codegen/v_if/branch.rs;crates/vize_atelier_core/src/codegen/v_if/props.rs;crates/vize_atelier_core/src/lane.rs;crates/vize_atelier_core/src/lane/context.rs;crates/vize_atelier_core/src/lane/element.rs;crates/vize_atelier_core/src/lane/element/tests.rs;crates/vize_atelier_core/src/lane/patterned_template.rs;crates/vize_atelier_core/src/lane/structural.rs;crates/vize_atelier_core/src/lane/structural/tests.rs;crates/vize_atelier_core/src/lane/tests.rs;crates/vize_atelier_core/src/lane/traverse.rs;crates/vize_atelier_core/src/lib.rs;crates/vize_atelier_core/src/retained.rs;crates/vize_atelier_core/src/steps/expression.rs;crates/vize_atelier_core/src/steps/expression/collector.rs;crates/vize_atelier_core/src/steps/expression/retained_rewrite.rs;crates/vize_atelier_core/src/steps/expression/rewrite.rs;crates/vize_atelier_core/src/steps/expression/splice.rs;crates/vize_atelier_core/src/steps/expression/typescript.rs;crates/vize_atelier_core/src/steps/hoist_static.rs;crates/vize_atelier_core/src/steps/hoist_static/branch_root.rs;crates/vize_atelier_core/src/steps/legacy.rs;crates/vize_atelier_core/src/steps/legacy/tests.rs;crates/vize_atelier_core/src/steps/legacy_filters.rs;crates/vize_atelier_core/src/steps/text.rs;crates/vize_atelier_core/src/steps/v_for.rs;crates/vize_atelier_core/src/steps/v_if.rs;crates/vize_atelier_core/src/steps/v_memo.rs;crates/vize_atelier_core/src/steps/v_model.rs;crates/vize_atelier_core/src/steps/v_once.rs;crates/vize_atelier_core/src/test_macros.rs;crates/vize_atelier_core/src/walk_probe.rs;crates/vize_atelier_core/tests/davinci_s2_transform.rs;crates/vize_atelier_core/tests/davinci_s2_transform_corpus.rs;crates/vize_atelier_core/tests/davinci_s2_transform_vue2.rs;crates/vize_atelier_core/tests/davinci_sourcemap_prefixed_identifiers.rs;crates/vize_atelier_core/tests/dynamic_model_arguments.rs;crates/vize_atelier_core/tests/dynamic_slot_forwarding.rs;crates/vize_atelier_core/tests/expression_nesting_guard_type_angles.rs;crates/vize_atelier_core/tests/fuzz_slow_unit_js_ts_expression_3712.rs;crates/vize_atelier_core/tests/fuzz_slow_unit_js_ts_expression_4374.rs;crates/vize_atelier_core/tests/fuzz_slow_unit_js_ts_expression_4618.rs;crates/vize_atelier_core/tests/fuzz_slow_unit_js_ts_expression_4743.rs;crates/vize_atelier_core/tests/fuzz_slow_unit_js_ts_expression_6122.rs;crates/vize_atelier_core/tests/fuzz_slow_unit_js_ts_expression_6401.rs;crates/vize_atelier_core/tests/legacy_event_modifiers.rs;crates/vize_atelier_core/tests/legacy_filters.rs;crates/vize_atelier_core/tests/legacy_template_sugar.rs;crates/vize_atelier_core/tests/s2_support/hoist.rs;crates/vize_atelier_core/tests/s2_support/hoist_owner.rs;crates/vize_atelier_core/tests/s2_support/hoist_walk.rs;crates/vize_atelier_core/tests/s2_support/mod.rs;crates/vize_atelier_core/tests/s2_support/slots.rs;crates/vize_atelier_core/tests/s2_support/surface_check.rs;crates/vize_atelier_core/tests/s2_support/surface_s2.rs;crates/vize_atelier_core/tests/scoped_slot_shadowing.rs;crates/vize_atelier_core/tests/upstream_pure_comment_assertion.rs;crates/vize_atelier_core/tests/upstream_tuple_type_span_assertion.rs;crates/vize_atelier_core/tests/upstream_tuple_type_span_typescript_strip.rs;crates/vize_atelier_core/tests/v_once_prop_keys.rs	crates/vize_atelier_core/src/codegen/span_tests.rs;crates/vize_atelier_core/src/codegen/tests.rs;crates/vize_atelier_core/src/lane/element/tests.rs;crates/vize_atelier_core/src/lane/structural/tests.rs;crates/vize_atelier_core/src/lane/tests.rs;crates/vize_atelier_core/src/steps/legacy/tests.rs;crates/vize_atelier_core/tests/davinci_s2_transform.rs;crates/vize_atelier_core/tests/davinci_s2_transform_corpus.rs;crates/vize_atelier_core/tests/davinci_s2_transform_vue2.rs;crates/vize_atelier_core/tests/davinci_sourcemap_prefixed_identifiers.rs;crates/vize_atelier_core/tests/dynamic_model_arguments.rs;crates/vize_atelier_core/tests/dynamic_slot_forwarding.rs;crates/vize_atelier_core/tests/expression_nesting_guard_type_angles.rs;crates/vize_atelier_core/tests/fuzz_slow_unit_js_ts_expression_3712.rs;crates/vize_atelier_core/tests/fuzz_slow_unit_js_ts_expression_4374.rs;crates/vize_atelier_core/tests/fuzz_slow_unit_js_ts_expression_4618.rs;crates/vize_atelier_core/tests/fuzz_slow_unit_js_ts_expression_4743.rs;crates/vize_atelier_core/tests/fuzz_slow_unit_js_ts_expression_6122.rs;crates/vize_atelier_core/tests/fuzz_slow_unit_js_ts_expression_6401.rs;crates/vize_atelier_core/tests/legacy_event_modifiers.rs;crates/vize_atelier_core/tests/legacy_filters.rs;crates/vize_atelier_core/tests/legacy_template_sugar.rs;crates/vize_atelier_core/tests/s2_support/hoist.rs;crates/vize_atelier_core/tests/s2_support/hoist_owner.rs;crates/vize_atelier_core/tests/s2_support/hoist_walk.rs;crates/vize_atelier_core/tests/s2_support/mod.rs;crates/vize_atelier_core/tests/s2_support/slots.rs;crates/vize_atelier_core/tests/s2_support/surface_check.rs;crates/vize_atelier_core/tests/s2_support/surface_s2.rs;crates/vize_atelier_core/tests/scoped_slot_shadowing.rs;crates/vize_atelier_core/tests/upstream_pure_comment_assertion.rs;crates/vize_atelier_core/tests/upstream_tuple_type_span_assertion.rs;crates/vize_atelier_core/tests/upstream_tuple_type_span_typescript_strip.rs;crates/vize_atelier_core/tests/v_once_prop_keys.rs	-	semantic-review-pending	-
f9d2d8dc16a264097a764e18a6c0d0375cc7f2f6	fix(atelier_ssr): join the panic-free workspace lints (#6465)	crates/vize_atelier_ssr/Cargo.toml;crates/vize_atelier_ssr/benches/davinci.rs;crates/vize_atelier_ssr/src/codegen.rs;crates/vize_atelier_ssr/src/codegen/component_resolution.rs;crates/vize_atelier_ssr/src/codegen/element/component_props.rs;crates/vize_atelier_ssr/src/codegen/element/slot_fn.rs;crates/vize_atelier_ssr/src/codegen/element/spanned_props.rs;crates/vize_atelier_ssr/src/codegen/element/vnode.rs;crates/vize_atelier_ssr/src/codegen/helpers.rs;crates/vize_atelier_ssr/src/codegen/helpers/destructure.rs;crates/vize_atelier_ssr/src/codegen/scope_prefix.rs;crates/vize_atelier_ssr/src/lib.rs;crates/vize_atelier_ssr/src/s4/croquis.rs;crates/vize_atelier_ssr/src/s4/differential_tests.rs;crates/vize_atelier_ssr/src/s4/emit/attrs.rs;crates/vize_atelier_ssr/src/s4/emit/control.rs;crates/vize_atelier_ssr/src/s4/emit/create_slots.rs;crates/vize_atelier_ssr/src/s4/emit/merged.rs;crates/vize_atelier_ssr/src/s4/emit/region.rs;crates/vize_atelier_ssr/src/s4/emit/slots.rs;crates/vize_atelier_ssr/src/s4/emit/spans.rs;crates/vize_atelier_ssr/src/s4/emit/text.rs;crates/vize_atelier_ssr/src/s4/emit/vnode.rs;crates/vize_atelier_ssr/src/s4/emit/vnode_control.rs;crates/vize_atelier_ssr/src/s4/emit/vnode_props.rs;crates/vize_atelier_ssr/src/s4/string_plan.rs;crates/vize_atelier_ssr/src/s4/tests.rs;crates/vize_atelier_ssr/src/source_map_tests.rs;crates/vize_atelier_ssr/tests/davinci_ssr_corpus.rs;crates/vize_atelier_ssr/tests/davinci_ssr_production_cases.rs;crates/vize_atelier_ssr/tests/davinci_walk_baseline.rs;crates/vize_atelier_ssr/tests/fallthrough_roots.rs;crates/vize_atelier_ssr/tests/setup_component_parity.rs;crates/vize_atelier_ssr/tests/ssr_snapshot.rs;crates/vize_atelier_ssr/tests/vue_ssr_render.rs	crates/vize_atelier_ssr/src/s4/differential_tests.rs;crates/vize_atelier_ssr/src/s4/tests.rs;crates/vize_atelier_ssr/src/source_map_tests.rs;crates/vize_atelier_ssr/tests/davinci_ssr_corpus.rs;crates/vize_atelier_ssr/tests/davinci_ssr_production_cases.rs;crates/vize_atelier_ssr/tests/davinci_walk_baseline.rs;crates/vize_atelier_ssr/tests/fallthrough_roots.rs;crates/vize_atelier_ssr/tests/setup_component_parity.rs;crates/vize_atelier_ssr/tests/ssr_snapshot.rs;crates/vize_atelier_ssr/tests/vue_ssr_render.rs	-	semantic-review-pending	-
e2e0e184f20f60df3375acf5aa9e1bf8303d329d	fix(croquis): join the panic-free workspace lints (#6464)	crates/vize_croquis/Cargo.toml;crates/vize_croquis/benches/davinci.rs;crates/vize_croquis/src/call_graph/analysis.rs;crates/vize_croquis/src/call_graph/builder.rs;crates/vize_croquis/src/croquis/vir/scopes.rs;crates/vize_croquis/src/display/formatters.rs;crates/vize_croquis/src/drawer/helpers.rs;crates/vize_croquis/src/drawer/helpers/identifiers/comments.rs;crates/vize_croquis/src/drawer/helpers/identifiers/tests.rs;crates/vize_croquis/src/drawer/helpers/slots/callbacks.rs;crates/vize_croquis/src/drawer/helpers/v_for.rs;crates/vize_croquis/src/drawer/helpers/v_for/oxc.rs;crates/vize_croquis/src/drawer/helpers/v_scope.rs;crates/vize_croquis/src/drawer/template/directives/v_on.rs;crates/vize_croquis/src/drawer/template/ids.rs;crates/vize_croquis/src/drawer/template/patterns.rs;crates/vize_croquis/src/drawer/template/patterns/tests.rs;crates/vize_croquis/src/drawer/template/visit_element/v_for_scope.rs;crates/vize_croquis/src/effect_graph.rs;crates/vize_croquis/src/facts.rs;crates/vize_croquis/src/facts/access.rs;crates/vize_croquis/src/facts/provide_inject.rs;crates/vize_croquis/src/facts/race.rs;crates/vize_croquis/src/facts/reactivity.rs;crates/vize_croquis/src/facts/spec/reactivity.rs;crates/vize_croquis/src/facts/spec/undefined_refs.rs;crates/vize_croquis/src/import_resolver.rs;crates/vize_croquis/src/lib.rs;crates/vize_croquis/src/macros.rs;crates/vize_croquis/src/provide.rs;crates/vize_croquis/src/reactivity_tracking.rs;crates/vize_croquis/src/reactivity_tracking/tracker.rs;crates/vize_croquis/src/scope/chain/resolution.rs;crates/vize_croquis/src/scope/types.rs;crates/vize_croquis/src/script_parser.rs;crates/vize_croquis/src/script_parser/emits_ranges_tests.rs;crates/vize_croquis/src/script_parser/enum_tests.rs;crates/vize_croquis/src/script_parser/extract/macros.rs;crates/vize_croquis/src/script_parser/extract/provide.rs;crates/vize_croquis/src/script_parser/process/macros.rs;crates/vize_croquis/src/script_parser/process/options_api.rs;crates/vize_croquis/src/script_parser/props_ranges_tests.rs;crates/vize_croquis/src/script_parser/recovery.rs;crates/vize_croquis/src/script_parser/result.rs;crates/vize_croquis/src/script_parser/tests/reactivity_offsets.rs;crates/vize_croquis/src/script_parser/typeof_refs.rs;crates/vize_croquis/src/sfc.rs;crates/vize_croquis/src/sfc/css_transform.rs;crates/vize_croquis/src/sfc/css_transform/scanner.rs;crates/vize_croquis/src/sfc/parse/block.rs;crates/vize_croquis/src/sfc/parse/block/end.rs;crates/vize_croquis/src/sfc/parse/block/literals.rs;crates/vize_croquis/src/sfc/parse/block/regex.rs;crates/vize_croquis/src/sfc/parse/parse_sfc.rs;crates/vize_croquis/src/sfc/parse/regex_recovery_tests.rs;crates/vize_croquis/src/sfc/parse/template_boundary.rs;crates/vize_croquis/src/sfc/parse/template_boundary/fast_path.rs;crates/vize_croquis/src/sfc/parse/template_boundary/interpolation.rs;crates/vize_croquis/src/sfc/parse/template_boundary/tags.rs;crates/vize_croquis/src/types.rs;crates/vize_croquis/src/types/props.rs;crates/vize_croquis/tests/declaration_ts.rs;crates/vize_croquis/tests/fact_spec/runner.rs	crates/vize_croquis/src/drawer/helpers/identifiers/tests.rs;crates/vize_croquis/src/drawer/template/patterns/tests.rs;crates/vize_croquis/src/script_parser/emits_ranges_tests.rs;crates/vize_croquis/src/script_parser/enum_tests.rs;crates/vize_croquis/src/script_parser/props_ranges_tests.rs;crates/vize_croquis/src/script_parser/tests/reactivity_offsets.rs;crates/vize_croquis/src/sfc/parse/regex_recovery_tests.rs;crates/vize_croquis/tests/declaration_ts.rs;crates/vize_croquis/tests/fact_spec/runner.rs	-	semantic-review-pending	-
f13d719468eb464f06ba3056270566aa5eb8e5c2	fix(armature): join the panic-free workspace lints (#6461)	crates/vize_armature/Cargo.toml;crates/vize_armature/benches/davinci.rs;crates/vize_armature/src/parser.rs;crates/vize_armature/src/parser/callbacks.rs;crates/vize_armature/src/parser/element/comment.rs;crates/vize_armature/src/parser/element/formatting.rs;crates/vize_armature/src/parser/element/nesting.rs;crates/vize_armature/src/parser/element/scope.rs;crates/vize_armature/src/parser/element/table.rs;crates/vize_armature/src/parser/element/tags.rs;crates/vize_armature/src/parser/element/text.rs;crates/vize_armature/src/parser/experimental_tests.rs;crates/vize_armature/src/parser/legacy_tests.rs;crates/vize_armature/src/parser/tests.rs;crates/vize_armature/src/parser/whitespace.rs;crates/vize_armature/src/patterns.rs;crates/vize_armature/src/patterns/aggregate.rs;crates/vize_armature/src/patterns/attribute.rs;crates/vize_armature/src/patterns/parser.rs;crates/vize_armature/src/patterns/tokens.rs;crates/vize_armature/src/tokenizer.rs;crates/vize_armature/src/tokenizer/dynamic_arg.rs;crates/vize_armature/src/tokenizer/entity_decode.rs;crates/vize_armature/src/tokenizer/sequences.rs;crates/vize_armature/src/tokenizer/states.rs;crates/vize_armature/tests/davinci_expr_parses.rs;crates/vize_armature/tests/element_nesting_limit.rs	crates/vize_armature/src/parser/experimental_tests.rs;crates/vize_armature/src/parser/legacy_tests.rs;crates/vize_armature/src/parser/tests.rs;crates/vize_armature/tests/davinci_expr_parses.rs;crates/vize_armature/tests/element_nesting_limit.rs	-	semantic-review-pending	-
800bbb7e3f1a6e67086faf31143f4e71f9cf3b86	fix(sfc): join the panic-free workspace lints (#6445)	crates/vize_atelier_sfc/Cargo.toml;crates/vize_atelier_sfc/benches/output_boundary.rs;crates/vize_atelier_sfc/benches/sfc_compile.rs;crates/vize_atelier_sfc/benches/sfc_parse.rs;crates/vize_atelier_sfc/examples/css_engine_recovery.rs;crates/vize_atelier_sfc/src/bundler/asset_rewrite.rs;crates/vize_atelier_sfc/src/bundler/asset_rewrite/predicates.rs;crates/vize_atelier_sfc/src/bundler/asset_rewrite/replacements.rs;crates/vize_atelier_sfc/src/bundler/assets.rs;crates/vize_atelier_sfc/src/bundler/css.rs;crates/vize_atelier_sfc/src/bundler/scope.rs;crates/vize_atelier_sfc/src/bundler/tests.rs;crates/vize_atelier_sfc/src/compile.rs;crates/vize_atelier_sfc/src/compile/bindings.rs;crates/vize_atelier_sfc/src/compile/entry/root_match.rs;crates/vize_atelier_sfc/src/compile/helpers.rs;crates/vize_atelier_sfc/src/compile/normal_script.rs;crates/vize_atelier_sfc/src/compile/output_module.rs;crates/vize_atelier_sfc/src/compile/template_only.rs;crates/vize_atelier_sfc/src/compile/tests.rs;crates/vize_atelier_sfc/src/compile/tests/define_props_regressions.rs;crates/vize_atelier_sfc/src/compile/tests/options_api_events.rs;crates/vize_atelier_sfc/src/compile/tests/vapor.rs;crates/vize_atelier_sfc/src/compile_script.rs;crates/vize_atelier_sfc/src/compile_script/import_utils.rs;crates/vize_atelier_sfc/src/compile_script/inline.rs;crates/vize_atelier_sfc/src/compile_script/inline/compiler/body.rs;crates/vize_atelier_sfc/src/compile_script/inline/compiler/model.rs;crates/vize_atelier_sfc/src/compile_script/inline/compiler/setup_emit.rs;crates/vize_atelier_sfc/src/compile_script/inline/const_hoist_tests.rs;crates/vize_atelier_sfc/src/compile_script/inline/static_enum_tests.rs;crates/vize_atelier_sfc/src/compile_script/props/validation/macro_scope/tests.rs;crates/vize_atelier_sfc/src/compile_template/extraction.rs;crates/vize_atelier_sfc/src/compile_template/section_offsets_tests.rs;crates/vize_atelier_sfc/src/compile_template/string_tracking.rs;crates/vize_atelier_sfc/src/compile_template/tests.rs;crates/vize_atelier_sfc/src/compile_template/vapor.rs;crates/vize_atelier_sfc/src/compile_tests.rs;crates/vize_atelier_sfc/src/croquis/tests.rs;crates/vize_atelier_sfc/src/css/parser/nesting.rs;crates/vize_atelier_sfc/src/css/tests.rs;crates/vize_atelier_sfc/src/lib.rs;crates/vize_atelier_sfc/src/module_map.rs;crates/vize_atelier_sfc/src/module_map/reprint.rs;crates/vize_atelier_sfc/src/module_map/runs.rs;crates/vize_atelier_sfc/src/module_map/sfc_tests.rs;crates/vize_atelier_sfc/src/module_map/traced.rs;crates/vize_atelier_sfc/src/module_shape/tests.rs;crates/vize_atelier_sfc/src/parse_tests.rs;crates/vize_atelier_sfc/src/rewrite_default/tests.rs;crates/vize_atelier_sfc/src/script/analyze_script_bindings.rs;crates/vize_atelier_sfc/src/script/context.rs;crates/vize_atelier_sfc/src/script/context/external_types.rs;crates/vize_atelier_sfc/src/script/context/external_types/resolution/tests.rs;crates/vize_atelier_sfc/src/script/context/external_types/tests.rs;crates/vize_atelier_sfc/src/script/context/external_types/tests/summaries.rs;crates/vize_atelier_sfc/src/script/define_emits.rs;crates/vize_atelier_sfc/src/script/define_model_metadata.rs;crates/vize_atelier_sfc/src/script/define_props_destructure.rs;crates/vize_atelier_sfc/src/script/import_usage_check.rs;crates/vize_atelier_sfc/src/script/import_usage_check/tests.rs;crates/vize_atelier_sfc/src/script/type_resolution.rs;crates/vize_atelier_sfc/src/snapshot_tests.rs;crates/vize_atelier_sfc/src/style.rs;crates/vize_atelier_sfc/src/style/snapshots/vize_atelier_sfc__style__tests__apply_scoped_css_at_import.snap;crates/vize_atelier_sfc/src/style/snapshots/vize_atelier_sfc__style__tests__apply_scoped_css_at_import_with_nested_css.snap;crates/vize_atelier_sfc/src/style/snapshots/vize_atelier_sfc__style__tests__nested_css_media_passthrough.snap;crates/vize_atelier_sfc/src/style/snapshots/vize_atelier_sfc__style__tests__root_level_media_with_custom_query.snap;crates/vize_atelier_sfc/src/style/snapshots/vize_atelier_sfc__style__tests__scope_keyframes.snap;crates/vize_atelier_sfc/src/style/snapshots/vize_atelier_sfc__style__tests__scope_keyframes_inside_media.snap;crates/vize_atelier_sfc/src/style/snapshots/vize_atelier_sfc__style__tests__scope_media_query.snap;crates/vize_atelier_sfc/src/style/snapshots/vize_atelier_sfc__style__tests__scope_media_query_with_comment.snap;crates/vize_atelier_sfc/src/style/snapshots/vize_atelier_sfc__style__tests__scope_webkit_keyframes.snap;crates/vize_atelier_sfc/src/style/tests.rs;crates/vize_atelier_sfc/src/template_tests.rs;crates/vize_atelier_sfc/src/vite_plugin/hmr.rs;crates/vize_atelier_sfc/src/vite_plugin/resolver.rs;crates/vize_atelier_sfc/src/vite_plugin/resolver/tests.rs;crates/vize_atelier_sfc/src/vite_plugin/tests.rs;crates/vize_atelier_sfc/src/vite_plugin/tests/precompile.rs;crates/vize_atelier_sfc/src/vite_plugin/transform/tests.rs;crates/vize_atelier_sfc/tests/allocation_budget.rs;crates/vize_atelier_sfc/tests/component_spread_props.rs;crates/vize_atelier_sfc/tests/component_tag_binding.rs;crates/vize_atelier_sfc/tests/custom_directive_patch_flag.rs;crates/vize_atelier_sfc/tests/davinci_arena_pool.rs;crates/vize_atelier_sfc/tests/davinci_production_reach.rs;crates/vize_atelier_sfc/tests/davinci_production_reach/diff.rs;crates/vize_atelier_sfc/tests/davinci_production_reach/tally.rs;crates/vize_atelier_sfc/tests/davinci_ts31_sourcemap.rs;crates/vize_atelier_sfc/tests/dynamic_slot_setup_binding.rs;crates/vize_atelier_sfc/tests/dynamic_template_ref.rs;crates/vize_atelier_sfc/tests/emitter_javascript_output.rs;crates/vize_atelier_sfc/tests/imported_pick_intersection_props.rs;crates/vize_atelier_sfc/tests/imported_prop_defaults.rs;crates/vize_atelier_sfc/tests/imported_type_cache.rs;crates/vize_atelier_sfc/tests/module_mode_setup_bindings.rs;crates/vize_atelier_sfc/tests/pug_compile_oracle.rs;crates/vize_atelier_sfc/tests/root_patterned_template.rs;crates/vize_atelier_sfc/tests/vapor_runtime_contracts.rs;crates/vize_atelier_sfc/tests/workspace_prop_types.rs	crates/vize_atelier_sfc/src/bundler/tests.rs;crates/vize_atelier_sfc/src/compile/tests.rs;crates/vize_atelier_sfc/src/compile/tests/define_props_regressions.rs;crates/vize_atelier_sfc/src/compile/tests/options_api_events.rs;crates/vize_atelier_sfc/src/compile/tests/vapor.rs;crates/vize_atelier_sfc/src/compile_script/inline/const_hoist_tests.rs;crates/vize_atelier_sfc/src/compile_script/inline/static_enum_tests.rs;crates/vize_atelier_sfc/src/compile_script/props/validation/macro_scope/tests.rs;crates/vize_atelier_sfc/src/compile_template/section_offsets_tests.rs;crates/vize_atelier_sfc/src/compile_template/tests.rs;crates/vize_atelier_sfc/src/compile_tests.rs;crates/vize_atelier_sfc/src/croquis/tests.rs;crates/vize_atelier_sfc/src/css/tests.rs;crates/vize_atelier_sfc/src/module_map/sfc_tests.rs;crates/vize_atelier_sfc/src/module_shape/tests.rs;crates/vize_atelier_sfc/src/parse_tests.rs;crates/vize_atelier_sfc/src/rewrite_default/tests.rs;crates/vize_atelier_sfc/src/script/context/external_types/resolution/tests.rs;crates/vize_atelier_sfc/src/script/context/external_types/tests.rs;crates/vize_atelier_sfc/src/script/context/external_types/tests/summaries.rs;crates/vize_atelier_sfc/src/script/import_usage_check/tests.rs;crates/vize_atelier_sfc/src/snapshot_tests.rs;crates/vize_atelier_sfc/src/style/snapshots/vize_atelier_sfc__style__tests__apply_scoped_css_at_import.snap;crates/vize_atelier_sfc/src/style/snapshots/vize_atelier_sfc__style__tests__apply_scoped_css_at_import_with_nested_css.snap;crates/vize_atelier_sfc/src/style/snapshots/vize_atelier_sfc__style__tests__nested_css_media_passthrough.snap;crates/vize_atelier_sfc/src/style/snapshots/vize_atelier_sfc__style__tests__root_level_media_with_custom_query.snap;crates/vize_atelier_sfc/src/style/snapshots/vize_atelier_sfc__style__tests__scope_keyframes.snap;crates/vize_atelier_sfc/src/style/snapshots/vize_atelier_sfc__style__tests__scope_keyframes_inside_media.snap;crates/vize_atelier_sfc/src/style/snapshots/vize_atelier_sfc__style__tests__scope_media_query.snap;crates/vize_atelier_sfc/src/style/snapshots/vize_atelier_sfc__style__tests__scope_media_query_with_comment.snap;crates/vize_atelier_sfc/src/style/snapshots/vize_atelier_sfc__style__tests__scope_webkit_keyframes.snap;crates/vize_atelier_sfc/src/style/tests.rs;crates/vize_atelier_sfc/src/template_tests.rs;crates/vize_atelier_sfc/src/vite_plugin/resolver/tests.rs;crates/vize_atelier_sfc/src/vite_plugin/tests.rs;crates/vize_atelier_sfc/src/vite_plugin/tests/precompile.rs;crates/vize_atelier_sfc/src/vite_plugin/transform/tests.rs;crates/vize_atelier_sfc/tests/allocation_budget.rs;crates/vize_atelier_sfc/tests/component_spread_props.rs;crates/vize_atelier_sfc/tests/component_tag_binding.rs;crates/vize_atelier_sfc/tests/custom_directive_patch_flag.rs;crates/vize_atelier_sfc/tests/davinci_arena_pool.rs;crates/vize_atelier_sfc/tests/davinci_production_reach.rs;crates/vize_atelier_sfc/tests/davinci_production_reach/diff.rs;crates/vize_atelier_sfc/tests/davinci_production_reach/tally.rs;crates/vize_atelier_sfc/tests/davinci_ts31_sourcemap.rs;crates/vize_atelier_sfc/tests/dynamic_slot_setup_binding.rs;crates/vize_atelier_sfc/tests/dynamic_template_ref.rs;crates/vize_atelier_sfc/tests/emitter_javascript_output.rs;crates/vize_atelier_sfc/tests/imported_pick_intersection_props.rs;crates/vize_atelier_sfc/tests/imported_prop_defaults.rs;crates/vize_atelier_sfc/tests/imported_type_cache.rs;crates/vize_atelier_sfc/tests/module_mode_setup_bindings.rs;crates/vize_atelier_sfc/tests/pug_compile_oracle.rs;crates/vize_atelier_sfc/tests/root_patterned_template.rs;crates/vize_atelier_sfc/tests/vapor_runtime_contracts.rs;crates/vize_atelier_sfc/tests/workspace_prop_types.rs	-	semantic-review-pending	-
4c3b7d8ed539ded1fb1bc404c104e971a2549964	fix(vapor): join the panic-free workspace lints (#6440)	crates/vize_atelier_vapor/Cargo.toml;crates/vize_atelier_vapor/benches/davinci.rs;crates/vize_atelier_vapor/src/compile.rs;crates/vize_atelier_vapor/src/generate.rs;crates/vize_atelier_vapor/src/generate/context.rs;crates/vize_atelier_vapor/src/generate/context/scopes.rs;crates/vize_atelier_vapor/src/generate/destructure.rs;crates/vize_atelier_vapor/src/generate/entry.rs;crates/vize_atelier_vapor/src/generate/expression.rs;crates/vize_atelier_vapor/src/generate/expression_retained.rs;crates/vize_atelier_vapor/src/generate/helpers.rs;crates/vize_atelier_vapor/src/generate/operations/component_props.rs;crates/vize_atelier_vapor/src/generate/setup.rs;crates/vize_atelier_vapor/src/generate/tests.rs;crates/vize_atelier_vapor/src/generators/block.rs;crates/vize_atelier_vapor/src/generators/component.rs;crates/vize_atelier_vapor/src/generators/generate_text.rs;crates/vize_atelier_vapor/src/lib.rs;crates/vize_atelier_vapor/src/lower/control.rs;crates/vize_atelier_vapor/src/lower/directive.rs;crates/vize_atelier_vapor/src/lower/element.rs;crates/vize_atelier_vapor/src/lower/element/deferred.rs;crates/vize_atelier_vapor/src/lower/text.rs;crates/vize_atelier_vapor/src/s3.rs;crates/vize_atelier_vapor/src/s3/markup.rs;crates/vize_atelier_vapor/src/s3/native.rs;crates/vize_atelier_vapor/src/s3/native/emit.rs;crates/vize_atelier_vapor/src/s3/native/emit/bindings.rs;crates/vize_atelier_vapor/src/s3/native/emit/component.rs;crates/vize_atelier_vapor/src/s3/native/emit/control.rs;crates/vize_atelier_vapor/src/s3/native/emit/element.rs;crates/vize_atelier_vapor/src/s3/native/emit/spans.rs;crates/vize_atelier_vapor/src/s3/native/emit/spread.rs;crates/vize_atelier_vapor/src/s3/native/emit/text.rs;crates/vize_atelier_vapor/src/s3/native/validate.rs;crates/vize_atelier_vapor/src/s3/native/validate/attach.rs;crates/vize_atelier_vapor/src/s3/native/validate/control.rs;crates/vize_atelier_vapor/src/s3/native/validate/ident.rs;crates/vize_atelier_vapor/src/s3/native/validate/operands.rs;crates/vize_atelier_vapor/src/s3/native/validate/slots.rs;crates/vize_atelier_vapor/src/s3/native/validate/tree.rs;crates/vize_atelier_vapor/src/s3/templates.rs;crates/vize_atelier_vapor/src/s3/tests.rs;crates/vize_atelier_vapor/src/s3/tests/parser_agreement.rs;crates/vize_atelier_vapor/src/s3/text.rs;crates/vize_atelier_vapor/src/s3/text/tests.rs;crates/vize_atelier_vapor/src/steps/text.rs;crates/vize_atelier_vapor/src/steps/v_for.rs;crates/vize_atelier_vapor/src/steps/v_if.rs;crates/vize_atelier_vapor/src/steps/v_model.rs;crates/vize_atelier_vapor/src/steps/v_on.rs;crates/vize_atelier_vapor/src/tests_dotted_slots.rs;crates/vize_atelier_vapor/src/tests_setup_components.rs;crates/vize_atelier_vapor/src/tests_sibling_navigation.rs;crates/vize_atelier_vapor/src/tests_slot_outlets.rs;crates/vize_atelier_vapor/src/tests_source_map.rs;crates/vize_atelier_vapor/src/tests_template_children.rs;crates/vize_atelier_vapor/src/tests_valueless_attr.rs;crates/vize_atelier_vapor/tests/davinci_event_handlers/main.rs;crates/vize_atelier_vapor/tests/davinci_mounted_behavior.rs;crates/vize_atelier_vapor/tests/davinci_s3_compiled_trace.rs;crates/vize_atelier_vapor/tests/davinci_vapor_native_budget.rs;crates/vize_atelier_vapor/tests/davinci_vapor_upstream_parity/main.rs;crates/vize_atelier_vapor/tests/davinci_vapor_upstream_parity/trace.rs;crates/vize_atelier_vapor/tests/davinci_walk_baseline.rs;crates/vize_atelier_vapor/tests/nested_delegate_events.rs;crates/vize_atelier_vapor/tests/patterned_template_grammar.rs;crates/vize_atelier_vapor/tests/patterned_template_recovery.rs;crates/vize_atelier_vapor/tests/patterned_template_runtime.rs	crates/vize_atelier_vapor/src/generate/tests.rs;crates/vize_atelier_vapor/src/s3/tests.rs;crates/vize_atelier_vapor/src/s3/tests/parser_agreement.rs;crates/vize_atelier_vapor/src/s3/text/tests.rs;crates/vize_atelier_vapor/tests/davinci_event_handlers/main.rs;crates/vize_atelier_vapor/tests/davinci_mounted_behavior.rs;crates/vize_atelier_vapor/tests/davinci_s3_compiled_trace.rs;crates/vize_atelier_vapor/tests/davinci_vapor_native_budget.rs;crates/vize_atelier_vapor/tests/davinci_vapor_upstream_parity/main.rs;crates/vize_atelier_vapor/tests/davinci_vapor_upstream_parity/trace.rs;crates/vize_atelier_vapor/tests/davinci_walk_baseline.rs;crates/vize_atelier_vapor/tests/nested_delegate_events.rs;crates/vize_atelier_vapor/tests/patterned_template_grammar.rs;crates/vize_atelier_vapor/tests/patterned_template_recovery.rs;crates/vize_atelier_vapor/tests/patterned_template_runtime.rs	-	semantic-review-pending	-
2af89aceb6f0b934c99d1676f0be899d7c9532b8	fix(sfc): eliminate panic paths in script analysis and compile_script (#6437)	crates/vize_atelier_sfc/src/compile_script.rs;crates/vize_atelier_sfc/src/compile_script/artifacts.rs;crates/vize_atelier_sfc/src/compile_script/function_mode/compiler.rs;crates/vize_atelier_sfc/src/compile_script/inline/compiler.rs;crates/vize_atelier_sfc/src/compile_script/inline/compiler/await_transform.rs;crates/vize_atelier_sfc/src/compile_script/inline/compiler/body.rs;crates/vize_atelier_sfc/src/compile_script/inline/compiler/component_output.rs;crates/vize_atelier_sfc/src/compile_script/inline/compiler/hoist.rs;crates/vize_atelier_sfc/src/compile_script/inline/compiler/parser.rs;crates/vize_atelier_sfc/src/compile_script/inline/compiler/preamble.rs;crates/vize_atelier_sfc/src/compile_script/inline/compiler/props.rs;crates/vize_atelier_sfc/src/compile_script/inline/compiler/render.rs;crates/vize_atelier_sfc/src/compile_script/inline/compiler/setup_emit.rs;crates/vize_atelier_sfc/src/compile_script/inline/helpers.rs;crates/vize_atelier_sfc/src/compile_script/inline/tests.rs;crates/vize_atelier_sfc/src/compile_script/lazy_hydration.rs;crates/vize_atelier_sfc/src/compile_script/macros.rs;crates/vize_atelier_sfc/src/compile_script/props/ast_resolve/runtime_type_combine.rs;crates/vize_atelier_sfc/src/compile_script/props/runtime_type.rs;crates/vize_atelier_sfc/src/compile_script/props/text_resolve.rs;crates/vize_atelier_sfc/src/compile_script/props/validation/macro_scope.rs;crates/vize_atelier_sfc/src/compile_script/statement_sections.rs;crates/vize_atelier_sfc/src/script/context.rs;crates/vize_atelier_sfc/src/script/context/batch_epoch.rs;crates/vize_atelier_sfc/src/script/context/external_types.rs;crates/vize_atelier_sfc/src/script/context/external_types/resolution.rs;crates/vize_atelier_sfc/src/script/context/helpers.rs;crates/vize_atelier_sfc/src/script/context/parse.rs;crates/vize_atelier_sfc/src/script/context/props.rs;crates/vize_atelier_sfc/src/script/define_emits.rs;crates/vize_atelier_sfc/src/script/define_expose.rs;crates/vize_atelier_sfc/src/script/define_model.rs;crates/vize_atelier_sfc/src/script/define_options.rs;crates/vize_atelier_sfc/src/script/define_props.rs;crates/vize_atelier_sfc/src/script/define_props_destructure/process.rs;crates/vize_atelier_sfc/src/script/define_props_destructure/tests.rs;crates/vize_atelier_sfc/src/script/define_props_destructure/transform.rs;crates/vize_atelier_sfc/src/script/define_slots.rs;crates/vize_atelier_sfc/src/script/import_usage_check.rs;crates/vize_atelier_sfc/src/script/import_usage_check/tests.rs;crates/vize_atelier_sfc/src/script/snapshots/vize_atelier_sfc__script__define_model__tests__extract_define_model_with_options.snap;crates/vize_atelier_sfc/src/script/snapshots/vize_atelier_sfc__script__define_options__tests__extract_define_options.snap;crates/vize_atelier_sfc/src/script/type_resolution.rs;crates/vize_atelier_sfc/src/script/utils.rs	crates/vize_atelier_sfc/src/compile_script/inline/tests.rs;crates/vize_atelier_sfc/src/script/define_props_destructure/tests.rs;crates/vize_atelier_sfc/src/script/import_usage_check/tests.rs;crates/vize_atelier_sfc/src/script/snapshots/vize_atelier_sfc__script__define_model__tests__extract_define_model_with_options.snap;crates/vize_atelier_sfc/src/script/snapshots/vize_atelier_sfc__script__define_options__tests__extract_define_options.snap	-	semantic-review-pending	-
135d81cd4295c67fb66c323c959a4cef0d87d4b9	fix(sfc): eliminate panic paths in CSS and Vite plugin helpers (#6429)	crates/vize_atelier_sfc/src/css/parser/engine_boundary/value_guard.rs;crates/vize_atelier_sfc/src/css/parser/nesting.rs;crates/vize_atelier_sfc/src/css/scoped.rs;crates/vize_atelier_sfc/src/css/scoped/slotted.rs;crates/vize_atelier_sfc/src/css/scoped_selector.rs;crates/vize_atelier_sfc/src/style.rs;crates/vize_atelier_sfc/src/vite_plugin/css.rs;crates/vize_atelier_sfc/src/vite_plugin/css_scope.rs;crates/vize_atelier_sfc/src/vite_plugin/css_scope/legacy_deep.rs;crates/vize_atelier_sfc/src/vite_plugin/css_scope/slotted.rs;crates/vize_atelier_sfc/src/vite_plugin/css_scope/tests.rs;crates/vize_atelier_sfc/src/vite_plugin/js_string.rs;crates/vize_atelier_sfc/src/vite_plugin/middleware.rs;crates/vize_atelier_sfc/src/vite_plugin/query.rs;crates/vize_atelier_sfc/src/vite_plugin/request.rs;crates/vize_atelier_sfc/src/vite_plugin/resolver.rs;crates/vize_atelier_sfc/src/vite_plugin/transform.rs	crates/vize_atelier_sfc/src/vite_plugin/css_scope/tests.rs	-	semantic-review-pending	-
cbdb57919373186170dbffdbbdf4d866abb8c592	fix(ci): align Davinci release gate oracles (#6423)	crates/vize_atelier_sfc/tests/davinci_production_reach.rs;crates/vize_atelier_sfc/tests/davinci_production_reach/inline_parity_regressions.rs;crates/vize_atelier_sfc/tests/davinci_production_reach/selection_tests.rs	crates/vize_atelier_sfc/tests/davinci_production_reach.rs;crates/vize_atelier_sfc/tests/davinci_production_reach/inline_parity_regressions.rs;crates/vize_atelier_sfc/tests/davinci_production_reach/selection_tests.rs	-	semantic-review-pending	-
032162ce2225c187f43f589d515bae057cda768b	fix(davinci): restore hydrated DOM parity for release (#6422)	crates/vize_atelier_core/src/codegen/element/helpers.rs;crates/vize_atelier_dom/src/compile/sfc/selector.rs;crates/vize_atelier_dom/src/tests.rs;crates/vize_atelier_dom/tests/davinci_s2_inline.rs;crates/vize_atelier_sfc/tests/davinci_inline_parity_regressions.rs;crates/vize_atelier_sfc/tests/davinci_production_reach.rs;crates/vize_atelier_sfc/tests/davinci_production_reach/diff.rs;crates/vize_atelier_sfc/tests/davinci_production_reach/parity.rs;crates/vize_atelier_sfc/tests/davinci_production_reach/selection_tests.rs;crates/vize_atelier_sfc/tests/davinci_production_reach/shapes.rs;crates/vize_atelier_sfc/tests/davinci_production_reach/tally.rs;crates/vize_croquis/src/sfc/types.rs	crates/vize_atelier_dom/src/tests.rs;crates/vize_atelier_dom/tests/davinci_s2_inline.rs;crates/vize_atelier_sfc/tests/davinci_inline_parity_regressions.rs;crates/vize_atelier_sfc/tests/davinci_production_reach.rs;crates/vize_atelier_sfc/tests/davinci_production_reach/diff.rs;crates/vize_atelier_sfc/tests/davinci_production_reach/parity.rs;crates/vize_atelier_sfc/tests/davinci_production_reach/selection_tests.rs;crates/vize_atelier_sfc/tests/davinci_production_reach/shapes.rs;crates/vize_atelier_sfc/tests/davinci_production_reach/tally.rs	-	semantic-review-pending	-
271e29e414b6def86b6bf9466591a4ecc416691a	fix(davinci): restore full Check after plugin cache and parity tests (#6420)	crates/vize_atelier_vapor/tests/davinci_vapor_upstream_parity.rs	crates/vize_atelier_vapor/tests/davinci_vapor_upstream_parity.rs	-	semantic-review-pending	-
fdc2822758ea2330c7a9c3030dacb15d3476a54a	fix(ci): restore full validation and gate release SemVer (#6414)	crates/vize_croquis/src/drawer/tests/snapshots/vize_croquis__drawer__tests__script__drawer_script_bindings.snap;crates/vize_croquis/src/script_parser/snapshots/vize_croquis__script_parser__tests__parse_imports.snap;crates/vize_croquis/src/script_parser/snapshots/vize_croquis__script_parser__tests__parse_reactivity.snap	crates/vize_croquis/src/drawer/tests/snapshots/vize_croquis__drawer__tests__script__drawer_script_bindings.snap;crates/vize_croquis/src/script_parser/snapshots/vize_croquis__script_parser__tests__parse_imports.snap;crates/vize_croquis/src/script_parser/snapshots/vize_croquis__script_parser__tests__parse_reactivity.snap	-	semantic-review-pending	-
3c22a95a11207bfa669adce118a8d31fd78572b8	fix(fuzz): bound repeated speculative type arguments (#6410)	crates/vize_atelier_core/tests/fixtures/js_ts_expression_slow_unit_6401.txt;crates/vize_atelier_core/tests/fuzz_slow_unit_js_ts_expression_6401.rs	crates/vize_atelier_core/tests/fixtures/js_ts_expression_slow_unit_6401.txt;crates/vize_atelier_core/tests/fuzz_slow_unit_js_ts_expression_6401.rs	-	semantic-review-pending	-
beb84df46db611f6bf017fa6803af8cf84e6d59e	fix(davinci): clear the required checks from the integration squash (#6403)	crates/vize_atelier_ssr/tests/davinci_ssr_production_cases.rs;crates/vize_croquis/src/facts/access.rs	crates/vize_atelier_ssr/tests/davinci_ssr_production_cases.rs	-	semantic-review-pending	-
fb9b50e49c1710ace06398eae0df0d067c7529ab	fix(ssr)!: align element directives and merged props with @vue/compiler-ssr 3.5 (#6352)	crates/vize_atelier_ssr/src/codegen.rs;crates/vize_atelier_ssr/src/codegen/element.rs;crates/vize_atelier_ssr/src/codegen/element/component.rs;crates/vize_atelier_ssr/src/codegen/element/directive_props.rs;crates/vize_atelier_ssr/src/codegen/element/merged.rs;crates/vize_atelier_ssr/src/codegen/element/plain.rs;crates/vize_atelier_ssr/src/codegen/element/slot.rs;crates/vize_atelier_ssr/src/codegen/element/spanned_props.rs;crates/vize_atelier_ssr/src/codegen/module_parts.rs;crates/vize_atelier_ssr/src/s4/differential_tests.rs;crates/vize_atelier_ssr/src/s4/differential_tests/fixtures.rs;crates/vize_atelier_ssr/src/s4/differential_tests/vue_align_fixtures.rs;crates/vize_atelier_ssr/src/s4/emit.rs;crates/vize_atelier_ssr/src/s4/emit/attrs.rs;crates/vize_atelier_ssr/src/s4/emit/component_props.rs;crates/vize_atelier_ssr/src/s4/emit/directive_props.rs;crates/vize_atelier_ssr/src/s4/emit/element.rs;crates/vize_atelier_ssr/src/s4/emit/fallthrough.rs;crates/vize_atelier_ssr/src/s4/emit/inline_bind.rs;crates/vize_atelier_ssr/src/s4/emit/merged.rs;crates/vize_atelier_ssr/src/s4/emit/slot_outlet.rs;crates/vize_atelier_ssr/src/s4/tests.rs;crates/vize_atelier_ssr/src/snapshots/vize_atelier_ssr__tests__ssr_v_bind_object.snap;crates/vize_atelier_ssr/src/snapshots/vize_atelier_ssr__tests__ssr_v_show.snap;crates/vize_atelier_ssr/tests/vue_ssr_render.rs;crates/vize_atelier_ssr/tests/vue_ssr_render/fixtures.rs	crates/vize_atelier_ssr/src/s4/differential_tests.rs;crates/vize_atelier_ssr/src/s4/tests.rs;crates/vize_atelier_ssr/src/snapshots/vize_atelier_ssr__tests__ssr_v_bind_object.snap;crates/vize_atelier_ssr/src/snapshots/vize_atelier_ssr__tests__ssr_v_show.snap;crates/vize_atelier_ssr/tests/vue_ssr_render.rs;crates/vize_atelier_ssr/tests/vue_ssr_render/fixtures.rs	-	semantic-review-pending	-
81abb389dc8d1e55c37bc62103d3e318f42745f6	fix(croquis): preserve locations after failed regex lookahead (#6280)	crates/vize_croquis/src/sfc/parse.rs;crates/vize_croquis/src/sfc/parse/block.rs;crates/vize_croquis/src/sfc/parse/block/regex.rs;crates/vize_croquis/src/sfc/parse/regex_recovery_tests.rs	crates/vize_croquis/src/sfc/parse/regex_recovery_tests.rs	-	semantic-review-pending	-
215ca5706f402ed831a3bac0166e96cbc21da286	fix(tooling)!: enforce upstream diagnostic and dependency contracts (#6260)	crates/vize_atelier_core/src/codegen/props/directives.rs;crates/vize_atelier_jsx/src/lib.rs;crates/vize_atelier_jsx/src/tooling_recovery.rs;crates/vize_atelier_jsx/src/tooling_recovery/tests.rs;crates/vize_atelier_sfc/src/compile_script/props/validation/macro_scope.rs;crates/vize_atelier_sfc/src/compile_script/props/validation/macro_scope/tests.rs;crates/vize_atelier_sfc/src/script/import_usage_check.rs;crates/vize_atelier_sfc/src/script/import_usage_check/expressions.rs;crates/vize_atelier_sfc/src/script/import_usage_check/tests.rs;crates/vize_croquis/Cargo.toml;crates/vize_croquis/src/builtins.rs;crates/vize_croquis/src/croquis/merge.rs;crates/vize_croquis/src/croquis/snapshot/names.rs;crates/vize_croquis/src/croquis/template.rs;crates/vize_croquis/src/drawer.rs;crates/vize_croquis/src/drawer/helpers.rs;crates/vize_croquis/src/drawer/helpers/identifiers/ast.rs;crates/vize_croquis/src/drawer/helpers/identifiers/ast/walk.rs;crates/vize_croquis/src/drawer/helpers/identifiers/ast/walk/statement.rs;crates/vize_croquis/src/drawer/helpers/identifiers/tests.rs;crates/vize_croquis/src/drawer/helpers/slots.rs;crates/vize_croquis/src/drawer/helpers/slots/callbacks.rs;crates/vize_croquis/src/drawer/helpers/slots/slot_props.rs;crates/vize_croquis/src/drawer/template.rs;crates/vize_croquis/src/drawer/template/directives/v_on.rs;crates/vize_croquis/src/drawer/template/directives/v_on/tests.rs;crates/vize_croquis/src/drawer/template/dynamic_names_tests.rs;crates/vize_croquis/src/drawer/template/ids.rs;crates/vize_croquis/src/drawer/template/slot_scope_tests.rs;crates/vize_croquis/src/drawer/template/visit_element.rs;crates/vize_croquis/src/drawer/template/visit_element/dynamic_component_alias.rs;crates/vize_croquis/src/drawer/template/visit_element/first_pass.rs;crates/vize_croquis/src/drawer/template/visit_element/scopes.rs;crates/vize_croquis/src/drawer/template/visit_element/second_pass.rs;crates/vize_croquis/src/macros.rs;crates/vize_croquis/src/macros/tracker.rs;crates/vize_croquis/src/scope/chain.rs;crates/vize_croquis/src/scope/chain/template_offsets.rs;crates/vize_croquis/src/scope/chain/v_for_offsets.rs;crates/vize_croquis/src/script_parser.rs;crates/vize_croquis/src/script_parser/binding_classification_tests.rs;crates/vize_croquis/src/script_parser/emits_ranges_tests.rs;crates/vize_croquis/src/script_parser/extract/macros.rs;crates/vize_croquis/src/script_parser/extract/props.rs;crates/vize_croquis/src/script_parser/extract/props_type.rs;crates/vize_croquis/src/script_parser/parse.rs;crates/vize_croquis/src/script_parser/recovery.rs	crates/vize_atelier_jsx/src/tooling_recovery/tests.rs;crates/vize_atelier_sfc/src/compile_script/props/validation/macro_scope/tests.rs;crates/vize_atelier_sfc/src/script/import_usage_check/tests.rs;crates/vize_croquis/src/drawer/helpers/identifiers/tests.rs;crates/vize_croquis/src/drawer/template/directives/v_on/tests.rs;crates/vize_croquis/src/drawer/template/dynamic_names_tests.rs;crates/vize_croquis/src/drawer/template/slot_scope_tests.rs;crates/vize_croquis/src/script_parser/binding_classification_tests.rs;crates/vize_croquis/src/script_parser/emits_ranges_tests.rs	-	semantic-review-pending	-
91c0b74b33c8c3a8eb2b3678c6c8b04c329fe296	fix(atelier): keep an outer scope variable registered when a nested scope reuses its name (#6267)	crates/vize_atelier_core/src/codegen/context.rs;crates/vize_atelier_core/src/codegen/context/vnode_factory.rs;crates/vize_atelier_core/src/codegen/slots/generate.rs;crates/vize_atelier_dom/tests/nested_scope_bindings.rs	crates/vize_atelier_dom/tests/nested_scope_bindings.rs	-	semantic-review-pending	-
c3b4680b46f612145042c453c5ce53a02b09c739	fix(davinci): preserve event handler binding scopes (#6262)	crates/vize_atelier_core/src/codegen/expression.rs;crates/vize_atelier_core/src/codegen/expression/generate.rs;crates/vize_atelier_core/src/codegen/expression/prefix_bindings.rs;crates/vize_atelier_core/src/codegen/expression/prefix_context.rs;crates/vize_atelier_core/src/codegen/expression/prefix_context/tests.rs;crates/vize_atelier_core/src/codegen/expression/prefix_visitor.rs;crates/vize_atelier_core/src/steps/expression.rs;crates/vize_atelier_core/src/steps/expression/collector.rs;crates/vize_atelier_core/src/steps/expression/collector_targets.rs;crates/vize_atelier_core/src/steps/expression/inline_handler.rs;crates/vize_atelier_core/src/steps/expression/prefix.rs;crates/vize_atelier_core/src/steps/expression/scope.rs;crates/vize_atelier_core/src/steps/expression/shape_checks.rs;crates/vize_atelier_vapor/src/generate/context.rs;crates/vize_atelier_vapor/src/generate/expression.rs;crates/vize_atelier_vapor/src/generate/expression_retained.rs;crates/vize_atelier_vapor/src/generate/operations/component_props.rs;crates/vize_atelier_vapor/src/generate/operations/events.rs;crates/vize_atelier_vapor/src/snapshots/vize_atelier_vapor__tests__compile_component_multiline_event_handler_parses.snap;crates/vize_atelier_vapor/src/snapshots/vize_atelier_vapor__tests__compile_dynamic_siblings_around_control_flow_children.snap;crates/vize_atelier_vapor/src/snapshots/vize_atelier_vapor__tests__compile_v_for_aliases_in_complex_expressions.snap;crates/vize_atelier_vapor/tests/davinci_event_handlers/cases.rs;crates/vize_atelier_vapor/tests/davinci_event_handlers/main.rs;crates/vize_atelier_vapor/tests/davinci_event_handlers/scope.rs;crates/vize_atelier_vapor/tests/davinci_mounted_behavior/artifact.rs;crates/vize_atelier_vapor/tests/davinci_vapor_artifact.rs	crates/vize_atelier_core/src/codegen/expression/prefix_context/tests.rs;crates/vize_atelier_vapor/src/snapshots/vize_atelier_vapor__tests__compile_component_multiline_event_handler_parses.snap;crates/vize_atelier_vapor/src/snapshots/vize_atelier_vapor__tests__compile_dynamic_siblings_around_control_flow_children.snap;crates/vize_atelier_vapor/src/snapshots/vize_atelier_vapor__tests__compile_v_for_aliases_in_complex_expressions.snap;crates/vize_atelier_vapor/tests/davinci_event_handlers/cases.rs;crates/vize_atelier_vapor/tests/davinci_event_handlers/main.rs;crates/vize_atelier_vapor/tests/davinci_event_handlers/scope.rs;crates/vize_atelier_vapor/tests/davinci_mounted_behavior/artifact.rs;crates/vize_atelier_vapor/tests/davinci_vapor_artifact.rs	-	semantic-review-pending	-
66aae15e42872c314d508137548587b5386ba618	fix(lsp): preserve lexical identity without the native checker (#6246)	crates/vize_croquis/src/drawer/template/patterns/tests.rs;crates/vize_croquis/src/drawer/template/visit_element/second_pass.rs;crates/vize_croquis/src/sfc.rs;crates/vize_croquis/src/sfc/css_transform.rs	crates/vize_croquis/src/drawer/template/patterns/tests.rs	-	semantic-review-pending	-
4191117372384ec4c2b374536d2ce0b60dab7059	fix(css): preserve panic recovery in native release artifacts (#6248)	crates/vize_atelier_sfc/Cargo.toml;crates/vize_atelier_sfc/examples/css_engine_recovery.rs;crates/vize_atelier_sfc/src/css/parser/engine_boundary.rs;crates/vize_atelier_sfc/src/css/parser/engine_boundary/value_guard.rs;crates/vize_atelier_sfc/tests/css_engine_panic_boundary.rs;crates/vize_atelier_sfc/tests/css_fuzz_recovery.rs;crates/vize_atelier_sfc/tests/fixtures/css-engine/6190.css;crates/vize_atelier_sfc/tests/support/css_fuzz_boundary.rs;crates/vize_atelier_sfc/tests/support/mod.rs	crates/vize_atelier_sfc/tests/css_engine_panic_boundary.rs;crates/vize_atelier_sfc/tests/css_fuzz_recovery.rs;crates/vize_atelier_sfc/tests/fixtures/css-engine/6190.css;crates/vize_atelier_sfc/tests/support/css_fuzz_boundary.rs;crates/vize_atelier_sfc/tests/support/mod.rs	-	semantic-review-pending	-
bd8fff6f6c186f3efd072eb7d81431e00e1a9994	fix(tooling): preserve match guard comments and backend coordinates (#6229)	crates/vize_armature/src/patterns/parser.rs;crates/vize_armature/src/patterns/tests.rs;crates/vize_armature/src/patterns/tokens.rs;crates/vize_atelier_vapor/tests/patterned_template_runtime/evaluation.rs	crates/vize_armature/src/patterns/tests.rs;crates/vize_atelier_vapor/tests/patterned_template_runtime/evaluation.rs	-	semantic-review-pending	-
0dfe185cb89453abd87c72568e6c89d2bab34583	fix(atelier): recover invalid match headers without diagnostic cascades (#6227)	crates/vize_atelier_core/src/lane/patterned_template.rs;crates/vize_atelier_vapor/tests/patterned_template_recovery.rs	crates/vize_atelier_vapor/tests/patterned_template_recovery.rs	-	semantic-review-pending	-
5628b75a43444e4e7a2ae9d99ec88ca964ddf4f6	fix(atelier): share parsed match patterns and capture arm values once (#6225)	crates/vize_atelier_core/src/lane/patterned_template.rs;crates/vize_atelier_core/src/lane/patterned_template/LICENSE;crates/vize_atelier_core/src/lane/patterned_template/directives.rs;crates/vize_atelier_core/src/lane/patterned_template/lowering.rs;crates/vize_atelier_core/src/lane/patterned_template/lowering/aggregate.rs;crates/vize_atelier_core/src/lane/patterned_template/names.rs;crates/vize_atelier_core/src/lane/patterned_template/syntax.rs;crates/vize_atelier_dom/src/experimental_tests.rs;crates/vize_atelier_dom/src/snapshots/vize_atelier_dom__experimental_tests__compile_experimental_patterned_template_array_rest_and_as_binding.snap;crates/vize_atelier_dom/src/snapshots/vize_atelier_dom__experimental_tests__compile_experimental_patterned_template_object_const_binding_and_guard.snap;crates/vize_atelier_dom/src/snapshots/vize_atelier_dom__experimental_tests__compile_experimental_patterned_template_or_when.snap;crates/vize_atelier_dom/src/snapshots/vize_atelier_dom__experimental_tests__compile_experimental_patterned_template_shorthand_rest_as_and_nan.snap;crates/vize_atelier_dom/src/snapshots/vize_atelier_dom__experimental_tests__compile_experimental_patterned_template_when_branches.snap;crates/vize_atelier_vapor/src/snapshots/vize_atelier_vapor__tests_template_children__adjacent_control_flow_and_keyed_pattern_dom_output.snap;crates/vize_atelier_vapor/src/snapshots/vize_atelier_vapor__tests_template_children__adjacent_control_flow_and_keyed_pattern_vapor_output.snap;crates/vize_atelier_vapor/src/snapshots/vize_atelier_vapor__tests_template_children__dynamic_sibling_inside_patterned_template_dom_output.snap;crates/vize_atelier_vapor/src/snapshots/vize_atelier_vapor__tests_template_children__dynamic_sibling_inside_patterned_template_vapor_output.snap;crates/vize_atelier_vapor/src/snapshots/vize_atelier_vapor__tests_template_children__nested_patterned_template_child_dom_output.snap;crates/vize_atelier_vapor/src/snapshots/vize_atelier_vapor__tests_template_children__nested_patterned_template_child_vapor_output.snap;crates/vize_atelier_vapor/src/snapshots/vize_atelier_vapor__tests_template_children__nested_text_run_inside_patterned_template_dom_output.snap;crates/vize_atelier_vapor/src/snapshots/vize_atelier_vapor__tests_template_children__nested_text_run_inside_patterned_template_vapor_output.snap;crates/vize_atelier_vapor/src/snapshots/vize_atelier_vapor__tests_template_children__patterned_template_child_dom_output.snap;crates/vize_atelier_vapor/src/snapshots/vize_atelier_vapor__tests_template_children__patterned_template_child_vapor_output.snap;crates/vize_atelier_vapor/src/snapshots/vize_atelier_vapor__tests_template_children__separated_text_runs_inside_patterned_template_dom_output.snap;crates/vize_atelier_vapor/src/snapshots/vize_atelier_vapor__tests_template_children__separated_text_runs_inside_patterned_template_vapor_output.snap;crates/vize_atelier_vapor/tests/patterned_template_grammar.rs;crates/vize_atelier_vapor/tests/patterned_template_runtime.rs;crates/vize_atelier_vapor/tests/patterned_template_runtime/evaluation.rs	crates/vize_atelier_dom/src/experimental_tests.rs;crates/vize_atelier_dom/src/snapshots/vize_atelier_dom__experimental_tests__compile_experimental_patterned_template_array_rest_and_as_binding.snap;crates/vize_atelier_dom/src/snapshots/vize_atelier_dom__experimental_tests__compile_experimental_patterned_template_object_const_binding_and_guard.snap;crates/vize_atelier_dom/src/snapshots/vize_atelier_dom__experimental_tests__compile_experimental_patterned_template_or_when.snap;crates/vize_atelier_dom/src/snapshots/vize_atelier_dom__experimental_tests__compile_experimental_patterned_template_shorthand_rest_as_and_nan.snap;crates/vize_atelier_dom/src/snapshots/vize_atelier_dom__experimental_tests__compile_experimental_patterned_template_when_branches.snap;crates/vize_atelier_vapor/src/snapshots/vize_atelier_vapor__tests_template_children__adjacent_control_flow_and_keyed_pattern_dom_output.snap;crates/vize_atelier_vapor/src/snapshots/vize_atelier_vapor__tests_template_children__adjacent_control_flow_and_keyed_pattern_vapor_output.snap;crates/vize_atelier_vapor/src/snapshots/vize_atelier_vapor__tests_template_children__dynamic_sibling_inside_patterned_template_dom_output.snap;crates/vize_atelier_vapor/src/snapshots/vize_atelier_vapor__tests_template_children__dynamic_sibling_inside_patterned_template_vapor_output.snap;crates/vize_atelier_vapor/src/snapshots/vize_atelier_vapor__tests_template_children__nested_patterned_template_child_dom_output.snap;crates/vize_atelier_vapor/src/snapshots/vize_atelier_vapor__tests_template_children__nested_patterned_template_child_vapor_output.snap;crates/vize_atelier_vapor/src/snapshots/vize_atelier_vapor__tests_template_children__nested_text_run_inside_patterned_template_dom_output.snap;crates/vize_atelier_vapor/src/snapshots/vize_atelier_vapor__tests_template_children__nested_text_run_inside_patterned_template_vapor_output.snap;crates/vize_atelier_vapor/src/snapshots/vize_atelier_vapor__tests_template_children__patterned_template_child_dom_output.snap;crates/vize_atelier_vapor/src/snapshots/vize_atelier_vapor__tests_template_children__patterned_template_child_vapor_output.snap;crates/vize_atelier_vapor/src/snapshots/vize_atelier_vapor__tests_template_children__separated_text_runs_inside_patterned_template_dom_output.snap;crates/vize_atelier_vapor/src/snapshots/vize_atelier_vapor__tests_template_children__separated_text_runs_inside_patterned_template_vapor_output.snap;crates/vize_atelier_vapor/tests/patterned_template_grammar.rs;crates/vize_atelier_vapor/tests/patterned_template_runtime.rs;crates/vize_atelier_vapor/tests/patterned_template_runtime/evaluation.rs	-	semantic-review-pending	-
cb7949c9203d1f5ac012ddff8b64f8e36bad1126	fix(atelier): preserve compound dynamic model arguments (#6222)	crates/vize_atelier_core/src/codegen/props/v_model.rs;crates/vize_atelier_core/tests/dynamic_model_arguments.rs;crates/vize_atelier_core/tests/dynamic_v_model_argument.rs;crates/vize_atelier_jsx/tests/snapshots/babel_compat_oracle__babel_compat__directives.snap;crates/vize_atelier_jsx/tests/v_model_argument.rs;crates/vize_atelier_sfc/tests/vapor_runtime_contracts.rs;crates/vize_atelier_sfc/tests/vapor_runtime_contracts/model_arguments.rs;crates/vize_atelier_sfc/tests/vapor_runtime_contracts/models.rs;crates/vize_atelier_vapor/src/generate/operations/component_props.rs	crates/vize_atelier_core/tests/dynamic_model_arguments.rs;crates/vize_atelier_core/tests/dynamic_v_model_argument.rs;crates/vize_atelier_jsx/tests/snapshots/babel_compat_oracle__babel_compat__directives.snap;crates/vize_atelier_jsx/tests/v_model_argument.rs;crates/vize_atelier_sfc/tests/vapor_runtime_contracts.rs;crates/vize_atelier_sfc/tests/vapor_runtime_contracts/model_arguments.rs;crates/vize_atelier_sfc/tests/vapor_runtime_contracts/models.rs	-	semantic-review-pending	-
be7c77a8e531cc66c63f1d5c3310a2db49d87f4a	fix(vapor): preserve dynamic component event arguments (#6221)	crates/vize_atelier_sfc/tests/vapor_runtime_contracts.rs;crates/vize_atelier_sfc/tests/vapor_runtime_contracts/events.rs;crates/vize_atelier_sfc/tests/vapor_runtime_contracts/models.rs;crates/vize_atelier_vapor/src/generate/operations/component_props.rs;crates/vize_atelier_vapor/src/lower/element/component.rs;crates/vize_atelier_vapor/src/lower/element/component/model.rs	crates/vize_atelier_sfc/tests/vapor_runtime_contracts.rs;crates/vize_atelier_sfc/tests/vapor_runtime_contracts/events.rs;crates/vize_atelier_sfc/tests/vapor_runtime_contracts/models.rs	-	semantic-review-pending	-
66b336f1ffb7e3e45d3adb26590f5aa76ac81ad2	fix(parser): preserve nested dynamic directive arguments (#6220)	crates/vize_armature/src/tokenizer.rs;crates/vize_armature/src/tokenizer/dynamic_arg.rs;crates/vize_armature/src/tokenizer/dynamic_arg/tests.rs;crates/vize_armature/src/tokenizer/states.rs;crates/vize_armature/tests/dynamic_directive_arguments.rs;crates/vize_armature/tests/dynamic_directive_parse_count.rs;crates/vize_atelier_sfc/tests/vapor_runtime_contracts/models.rs	crates/vize_armature/src/tokenizer/dynamic_arg/tests.rs;crates/vize_armature/tests/dynamic_directive_arguments.rs;crates/vize_armature/tests/dynamic_directive_parse_count.rs;crates/vize_atelier_sfc/tests/vapor_runtime_contracts/models.rs	-	semantic-review-pending	-
21c1b961cce05bbc2bbd7c0a488fd42154b3796f	fix(vapor): preserve reactive component model arguments (#6217)	crates/vize_atelier_jsx/tests/snapshots/parity_vapor__vapor_parity_matrix_snapshot.snap;crates/vize_atelier_sfc/tests/vapor_runtime_contracts.rs;crates/vize_atelier_sfc/tests/vapor_runtime_contracts/models.rs;crates/vize_atelier_vapor/src/generate.rs;crates/vize_atelier_vapor/src/generate/operations/component_props.rs;crates/vize_atelier_vapor/src/lower/element/component/model.rs;crates/vize_atelier_vapor/src/snapshots/vize_atelier_vapor__tests__compile_component_v_model_uses_update_listener_getter.snap	crates/vize_atelier_jsx/tests/snapshots/parity_vapor__vapor_parity_matrix_snapshot.snap;crates/vize_atelier_sfc/tests/vapor_runtime_contracts.rs;crates/vize_atelier_sfc/tests/vapor_runtime_contracts/models.rs;crates/vize_atelier_vapor/src/snapshots/vize_atelier_vapor__tests__compile_component_v_model_uses_update_listener_getter.snap	-	semantic-review-pending	-
60656df799a4c879268eb9a25d2a086ec8c96cdd	fix(vapor): preserve scoped component runtime contracts (#6208)	crates/vize_atelier_jsx/tests/snapshots/adversarial_snapshots__stateful_destructured_component_vapor.snap;crates/vize_atelier_jsx/tests/snapshots/control_flow__vapor_control_flow_matrix.snap;crates/vize_atelier_jsx/tests/snapshots/parity_vapor__vapor_parity_matrix_snapshot.snap;crates/vize_atelier_jsx/tests/snapshots/vapor_ssr__client_codegen_matrix_when_ssr_is_off.snap;crates/vize_atelier_sfc/src/compile/snapshots/vize_atelier_sfc__compile__tests__script_setup_sfc_vapor_custom_renderer_preserves_intrinsics_and_lowercase_imports.snap;crates/vize_atelier_sfc/src/compile/tests/snapshots/vize_atelier_sfc__compile__tests__vapor__script_setup_sfc_vapor_slot_outlet.snap;crates/vize_atelier_sfc/src/compile_template/snapshots/vize_atelier_sfc__compile_template__tests__add_scope_id_to_template.snap;crates/vize_atelier_sfc/src/compile_template/tests.rs;crates/vize_atelier_sfc/src/compile_template/vapor.rs;crates/vize_atelier_sfc/tests/vapor_runtime_contracts.rs;crates/vize_atelier_vapor/src/compile.rs;crates/vize_atelier_vapor/src/compile/entry.rs;crates/vize_atelier_vapor/src/generate/operations/component_props.rs;crates/vize_atelier_vapor/src/generate/operations/slots.rs;crates/vize_atelier_vapor/src/lib.rs;crates/vize_atelier_vapor/src/lower.rs;crates/vize_atelier_vapor/src/lower/context.rs;crates/vize_atelier_vapor/src/lower/control.rs;crates/vize_atelier_vapor/src/lower/element.rs;crates/vize_atelier_vapor/src/lower/element/component.rs;crates/vize_atelier_vapor/src/lower/element/component/model.rs;crates/vize_atelier_vapor/src/lower/element/deferred.rs;crates/vize_atelier_vapor/src/lower/element/deferred/control_flow.rs;crates/vize_atelier_vapor/src/lower/element/template.rs;crates/vize_atelier_vapor/src/lower/text.rs;crates/vize_atelier_vapor/src/snapshots/vize_atelier_vapor__tests__compile_branch_component_under_existing_parent.snap;crates/vize_atelier_vapor/src/snapshots/vize_atelier_vapor__tests__compile_component_props_are_getters.snap;crates/vize_atelier_vapor/src/snapshots/vize_atelier_vapor__tests__compile_component_resolution_is_scoped_per_branch.snap;crates/vize_atelier_vapor/src/snapshots/vize_atelier_vapor__tests__compile_component_resolution_reuses_outer_scope_inside_branch.snap;crates/vize_atelier_vapor/src/snapshots/vize_atelier_vapor__tests__compile_control_flow_uses_parent_specific_insertion_state.snap;crates/vize_atelier_vapor/src/snapshots/vize_atelier_vapor__tests__compile_dynamic_siblings_around_control_flow_children.snap;crates/vize_atelier_vapor/src/snapshots/vize_atelier_vapor__tests__compile_mixed_text_static_and_if_children_preserves_template_shape.snap;crates/vize_atelier_vapor/src/snapshots/vize_atelier_vapor__tests__compile_nested_component_child.snap;crates/vize_atelier_vapor/src/snapshots/vize_atelier_vapor__tests__compile_nested_control_flow_avoids_unused_root_insertion_state.snap;crates/vize_atelier_vapor/src/snapshots/vize_atelier_vapor__tests__compile_nested_if_under_existing_child.snap;crates/vize_atelier_vapor/src/snapshots/vize_atelier_vapor__tests__compile_nested_slot_outlet_child.snap;crates/vize_atelier_vapor/src/snapshots/vize_atelier_vapor__tests__compile_nested_v_for_key_uses_outer_alias.snap;crates/vize_atelier_vapor/src/snapshots/vize_atelier_vapor__tests__compile_v_for_aliases_in_complex_expressions.snap;crates/vize_atelier_vapor/src/snapshots/vize_atelier_vapor__tests_slot_outlets__compile_bare_default_slot_outlet.snap;crates/vize_atelier_vapor/src/snapshots/vize_atelier_vapor__tests_template_children__adjacent_control_flow_and_keyed_pattern_vapor_output.snap;crates/vize_atelier_vapor/src/snapshots/vize_atelier_vapor__tests_template_children__dynamic_sibling_inside_patterned_template_vapor_output.snap;crates/vize_atelier_vapor/src/snapshots/vize_atelier_vapor__tests_template_children__nested_patterned_template_child_vapor_output.snap;crates/vize_atelier_vapor/src/snapshots/vize_atelier_vapor__tests_template_children__nested_text_run_inside_patterned_template_vapor_output.snap;crates/vize_atelier_vapor/src/snapshots/vize_atelier_vapor__tests_template_children__patterned_template_child_vapor_output.snap;crates/vize_atelier_vapor/src/snapshots/vize_atelier_vapor__tests_template_children__separated_text_runs_inside_patterned_template_vapor_output.snap;crates/vize_atelier_vapor/src/tests.rs	crates/vize_atelier_jsx/tests/snapshots/adversarial_snapshots__stateful_destructured_component_vapor.snap;crates/vize_atelier_jsx/tests/snapshots/control_flow__vapor_control_flow_matrix.snap;crates/vize_atelier_jsx/tests/snapshots/parity_vapor__vapor_parity_matrix_snapshot.snap;crates/vize_atelier_jsx/tests/snapshots/vapor_ssr__client_codegen_matrix_when_ssr_is_off.snap;crates/vize_atelier_sfc/src/compile/snapshots/vize_atelier_sfc__compile__tests__script_setup_sfc_vapor_custom_renderer_preserves_intrinsics_and_lowercase_imports.snap;crates/vize_atelier_sfc/src/compile/tests/snapshots/vize_atelier_sfc__compile__tests__vapor__script_setup_sfc_vapor_slot_outlet.snap;crates/vize_atelier_sfc/src/compile_template/snapshots/vize_atelier_sfc__compile_template__tests__add_scope_id_to_template.snap;crates/vize_atelier_sfc/src/compile_template/tests.rs;crates/vize_atelier_sfc/tests/vapor_runtime_contracts.rs;crates/vize_atelier_vapor/src/snapshots/vize_atelier_vapor__tests__compile_branch_component_under_existing_parent.snap;crates/vize_atelier_vapor/src/snapshots/vize_atelier_vapor__tests__compile_component_props_are_getters.snap;crates/vize_atelier_vapor/src/snapshots/vize_atelier_vapor__tests__compile_component_resolution_is_scoped_per_branch.snap;crates/vize_atelier_vapor/src/snapshots/vize_atelier_vapor__tests__compile_component_resolution_reuses_outer_scope_inside_branch.snap;crates/vize_atelier_vapor/src/snapshots/vize_atelier_vapor__tests__compile_control_flow_uses_parent_specific_insertion_state.snap;crates/vize_atelier_vapor/src/snapshots/vize_atelier_vapor__tests__compile_dynamic_siblings_around_control_flow_children.snap;crates/vize_atelier_vapor/src/snapshots/vize_atelier_vapor__tests__compile_mixed_text_static_and_if_children_preserves_template_shape.snap;crates/vize_atelier_vapor/src/snapshots/vize_atelier_vapor__tests__compile_nested_component_child.snap;crates/vize_atelier_vapor/src/snapshots/vize_atelier_vapor__tests__compile_nested_control_flow_avoids_unused_root_insertion_state.snap;crates/vize_atelier_vapor/src/snapshots/vize_atelier_vapor__tests__compile_nested_if_under_existing_child.snap;crates/vize_atelier_vapor/src/snapshots/vize_atelier_vapor__tests__compile_nested_slot_outlet_child.snap;crates/vize_atelier_vapor/src/snapshots/vize_atelier_vapor__tests__compile_nested_v_for_key_uses_outer_alias.snap;crates/vize_atelier_vapor/src/snapshots/vize_atelier_vapor__tests__compile_v_for_aliases_in_complex_expressions.snap;crates/vize_atelier_vapor/src/snapshots/vize_atelier_vapor__tests_slot_outlets__compile_bare_default_slot_outlet.snap;crates/vize_atelier_vapor/src/snapshots/vize_atelier_vapor__tests_template_children__adjacent_control_flow_and_keyed_pattern_vapor_output.snap;crates/vize_atelier_vapor/src/snapshots/vize_atelier_vapor__tests_template_children__dynamic_sibling_inside_patterned_template_vapor_output.snap;crates/vize_atelier_vapor/src/snapshots/vize_atelier_vapor__tests_template_children__nested_patterned_template_child_vapor_output.snap;crates/vize_atelier_vapor/src/snapshots/vize_atelier_vapor__tests_template_children__nested_text_run_inside_patterned_template_vapor_output.snap;crates/vize_atelier_vapor/src/snapshots/vize_atelier_vapor__tests_template_children__patterned_template_child_vapor_output.snap;crates/vize_atelier_vapor/src/snapshots/vize_atelier_vapor__tests_template_children__separated_text_runs_inside_patterned_template_vapor_output.snap;crates/vize_atelier_vapor/src/tests.rs	-	semantic-review-pending	-
8fd82f7e75d5eea334e767303fe762948b77c067	fix(maestro): preserve patterned template symbol identity (#6207)	crates/vize_croquis/src/scope/chain.rs;crates/vize_croquis/src/scope/chain/visibility.rs	-	-	semantic-review-pending	-
3b0400f76165e2bafa3f4b61e728cc7ae9769bc8	fix(atelier): register delegated events from nested Vapor blocks (#6203)	crates/vize_atelier_vapor/src/generate/entry.rs;crates/vize_atelier_vapor/src/generate/operations/events.rs;crates/vize_atelier_vapor/src/generate/setup.rs;crates/vize_atelier_vapor/src/snapshots/vize_atelier_vapor__tests__compile_v_for_aliases_in_complex_expressions.snap;crates/vize_atelier_vapor/tests/davinci_mounted_behavior.rs;crates/vize_atelier_vapor/tests/davinci_mounted_behavior/control.rs;crates/vize_atelier_vapor/tests/nested_delegate_events.rs	crates/vize_atelier_vapor/src/snapshots/vize_atelier_vapor__tests__compile_v_for_aliases_in_complex_expressions.snap;crates/vize_atelier_vapor/tests/davinci_mounted_behavior.rs;crates/vize_atelier_vapor/tests/davinci_mounted_behavior/control.rs;crates/vize_atelier_vapor/tests/nested_delegate_events.rs	delegated-if@crates/vize_atelier_vapor/tests/fixtures/fix-history/input-provenance.json;delegated-loop@crates/vize_atelier_vapor/tests/fixtures/fix-history/input-provenance.json;delegated-slot-fallback@crates/vize_atelier_vapor/tests/fixtures/fix-history/input-provenance.json	fixture-linked;target-and-semantic-review-pending	-
1649cd0a40ec22aa887f15b1509a27de007ccf88	fix(atelier): compile SFC root patterned templates (#6184)	crates/vize_atelier_sfc/src/compile.rs;crates/vize_atelier_sfc/src/compile/entry.rs;crates/vize_atelier_sfc/src/compile/entry/root_match.rs;crates/vize_atelier_sfc/src/lib.rs;crates/vize_atelier_sfc/tests/root_patterned_template.rs;crates/vize_croquis/src/sfc/types.rs;crates/vize_croquis/src/sfc/types/template.rs	crates/vize_atelier_sfc/tests/root_patterned_template.rs	-	semantic-review-pending	-
38151fd3384faebe7fb45cdf636baca00d3ee05e	fix(atelier): preserve patterned template shapes and containers (#6177)	crates/vize_atelier_core/src/lane/context.rs;crates/vize_atelier_core/src/lane/context/for_bindings.rs;crates/vize_atelier_core/src/lane/patterned_template.rs;crates/vize_atelier_core/src/lane/patterned_template/directives.rs;crates/vize_atelier_core/src/lane/patterned_template/lowering/aggregate.rs;crates/vize_atelier_core/src/lane/patterned_template/syntax.rs;crates/vize_atelier_dom/src/experimental_tests.rs;crates/vize_atelier_jsx/tests/snapshots/adversarial_snapshots__vapor_ssr_nested_control_flow_vapor.snap;crates/vize_atelier_ssr/src/codegen/element/plain.rs;crates/vize_atelier_ssr/src/snapshots/vize_atelier_ssr__tests__ssr_v_for_list.snap;crates/vize_atelier_ssr/tests/reserved_attrs.rs;crates/vize_atelier_ssr/tests/snapshots/ssr_snapshot__component__component_slot_v_for_aliases_stay_local.snap;crates/vize_atelier_vapor/Cargo.toml;crates/vize_atelier_vapor/src/generate/destructure.rs;crates/vize_atelier_vapor/src/snapshots/vize_atelier_vapor__tests_template_children__adjacent_control_flow_and_keyed_pattern_dom_output.snap;crates/vize_atelier_vapor/src/snapshots/vize_atelier_vapor__tests_template_children__adjacent_control_flow_and_keyed_pattern_vapor_output.snap;crates/vize_atelier_vapor/src/snapshots/vize_atelier_vapor__tests_template_children__dynamic_sibling_inside_patterned_template_dom_output.snap;crates/vize_atelier_vapor/src/snapshots/vize_atelier_vapor__tests_template_children__dynamic_sibling_inside_patterned_template_vapor_output.snap;crates/vize_atelier_vapor/src/snapshots/vize_atelier_vapor__tests_template_children__nested_patterned_template_child_dom_output.snap;crates/vize_atelier_vapor/src/snapshots/vize_atelier_vapor__tests_template_children__nested_patterned_template_child_vapor_output.snap;crates/vize_atelier_vapor/src/snapshots/vize_atelier_vapor__tests_template_children__nested_text_run_inside_patterned_template_dom_output.snap;crates/vize_atelier_vapor/src/snapshots/vize_atelier_vapor__tests_template_children__nested_text_run_inside_patterned_template_vapor_output.snap;crates/vize_atelier_vapor/src/snapshots/vize_atelier_vapor__tests_template_children__patterned_template_child_dom_output.snap;crates/vize_atelier_vapor/src/snapshots/vize_atelier_vapor__tests_template_children__patterned_template_child_vapor_output.snap;crates/vize_atelier_vapor/src/snapshots/vize_atelier_vapor__tests_template_children__separated_text_runs_inside_patterned_template_dom_output.snap;crates/vize_atelier_vapor/src/snapshots/vize_atelier_vapor__tests_template_children__separated_text_runs_inside_patterned_template_vapor_output.snap;crates/vize_atelier_vapor/tests/patterned_template_runtime.rs	crates/vize_atelier_dom/src/experimental_tests.rs;crates/vize_atelier_jsx/tests/snapshots/adversarial_snapshots__vapor_ssr_nested_control_flow_vapor.snap;crates/vize_atelier_ssr/src/snapshots/vize_atelier_ssr__tests__ssr_v_for_list.snap;crates/vize_atelier_ssr/tests/reserved_attrs.rs;crates/vize_atelier_ssr/tests/snapshots/ssr_snapshot__component__component_slot_v_for_aliases_stay_local.snap;crates/vize_atelier_vapor/src/snapshots/vize_atelier_vapor__tests_template_children__adjacent_control_flow_and_keyed_pattern_dom_output.snap;crates/vize_atelier_vapor/src/snapshots/vize_atelier_vapor__tests_template_children__adjacent_control_flow_and_keyed_pattern_vapor_output.snap;crates/vize_atelier_vapor/src/snapshots/vize_atelier_vapor__tests_template_children__dynamic_sibling_inside_patterned_template_dom_output.snap;crates/vize_atelier_vapor/src/snapshots/vize_atelier_vapor__tests_template_children__dynamic_sibling_inside_patterned_template_vapor_output.snap;crates/vize_atelier_vapor/src/snapshots/vize_atelier_vapor__tests_template_children__nested_patterned_template_child_dom_output.snap;crates/vize_atelier_vapor/src/snapshots/vize_atelier_vapor__tests_template_children__nested_patterned_template_child_vapor_output.snap;crates/vize_atelier_vapor/src/snapshots/vize_atelier_vapor__tests_template_children__nested_text_run_inside_patterned_template_dom_output.snap;crates/vize_atelier_vapor/src/snapshots/vize_atelier_vapor__tests_template_children__nested_text_run_inside_patterned_template_vapor_output.snap;crates/vize_atelier_vapor/src/snapshots/vize_atelier_vapor__tests_template_children__patterned_template_child_dom_output.snap;crates/vize_atelier_vapor/src/snapshots/vize_atelier_vapor__tests_template_children__patterned_template_child_vapor_output.snap;crates/vize_atelier_vapor/src/snapshots/vize_atelier_vapor__tests_template_children__separated_text_runs_inside_patterned_template_dom_output.snap;crates/vize_atelier_vapor/src/snapshots/vize_atelier_vapor__tests_template_children__separated_text_runs_inside_patterned_template_vapor_output.snap;crates/vize_atelier_vapor/tests/patterned_template_runtime.rs	-	semantic-review-pending	-
8c9e4642d4bef05d16b796ef04b7454d81fb95e5	fix(vapor): resolve model bindings and gate composition behavior (#6147)	crates/vize_atelier_jsx/tests/snapshots/parity_vapor__vapor_parity_matrix_snapshot.snap;crates/vize_atelier_vapor/src/generate/operations/directives.rs;crates/vize_atelier_vapor/tests/davinci_mounted_behavior.rs;crates/vize_atelier_vapor/tests/snapshots/davinci_mounted_behavior__native_model_prefix_false.snap;crates/vize_atelier_vapor/tests/snapshots/davinci_mounted_behavior__native_model_prefix_true.snap	crates/vize_atelier_jsx/tests/snapshots/parity_vapor__vapor_parity_matrix_snapshot.snap;crates/vize_atelier_vapor/tests/davinci_mounted_behavior.rs;crates/vize_atelier_vapor/tests/snapshots/davinci_mounted_behavior__native_model_prefix_false.snap;crates/vize_atelier_vapor/tests/snapshots/davinci_mounted_behavior__native_model_prefix_true.snap	-	semantic-review-pending	-
1679959a38f6170133111118a06dd29dffd8901c	fix(vapor): correct mounted text and control-slot behavior (#6144)	crates/vize_atelier_vapor/src/generate.rs;crates/vize_atelier_vapor/src/generate/helpers.rs;crates/vize_atelier_vapor/src/generate/operations/dom.rs;crates/vize_atelier_vapor/src/generators/generate_text.rs;crates/vize_atelier_vapor/src/ir.rs;crates/vize_atelier_vapor/src/lower.rs;crates/vize_atelier_vapor/src/lower/directive.rs;crates/vize_atelier_vapor/src/lower/element.rs;crates/vize_atelier_vapor/src/lower/element/deferred.rs;crates/vize_atelier_vapor/src/lower/element/deferred/control_flow.rs;crates/vize_atelier_vapor/src/lower/text.rs;crates/vize_atelier_vapor/src/snapshots/vize_atelier_vapor__tests__compile_dynamic_siblings_around_control_flow_children.snap;crates/vize_atelier_vapor/src/steps/text.rs;crates/vize_atelier_vapor/tests/davinci_mounted_behavior.rs;crates/vize_atelier_vapor/tests/davinci_s3_compiled_trace.rs;crates/vize_atelier_vapor/tests/davinci_walk_baseline.rs	crates/vize_atelier_vapor/src/snapshots/vize_atelier_vapor__tests__compile_dynamic_siblings_around_control_flow_children.snap;crates/vize_atelier_vapor/tests/davinci_mounted_behavior.rs;crates/vize_atelier_vapor/tests/davinci_s3_compiled_trace.rs;crates/vize_atelier_vapor/tests/davinci_walk_baseline.rs	-	semantic-review-pending	-
dbb3d7e4aaf78255bc569ebbba911efa692fb2d2	fix(fuzz): reject escaped type-angle slow units (#6125)	crates/vize_atelier_core/tests/fuzz_slow_unit_js_ts_expression_3712.rs;crates/vize_atelier_core/tests/fuzz_slow_unit_js_ts_expression_6122.rs	crates/vize_atelier_core/tests/fuzz_slow_unit_js_ts_expression_3712.rs;crates/vize_atelier_core/tests/fuzz_slow_unit_js_ts_expression_6122.rs	-	semantic-review-pending	-
6e76dbcffcd8a1d70a9b8ab719924393c6299ee0	fix(patina): avoid component id-reference false positives	crates/vize_croquis/src/drawer/template/ids.rs;crates/vize_croquis/src/drawer/template/visit_element.rs	-	-	semantic-review-pending	-
4b889011a1f6cdea06aac9ef1779a048d2518b74	fix(typechecker): align real project parity (#5967)	crates/vize_croquis/src/croquis/vir/surface.rs;crates/vize_croquis/src/macros.rs;crates/vize_croquis/src/script_parser/emits_ranges_tests.rs;crates/vize_croquis/src/script_parser/extract/common.rs;crates/vize_croquis/src/script_parser/extract/common/objects.rs;crates/vize_croquis/src/script_parser/extract/macros.rs	crates/vize_croquis/src/script_parser/emits_ranges_tests.rs	-	semantic-review-pending	-
84b9245085683c9eb12f28afadf1278ee93fa27b	fix(canon): include script setup enums in strict context (#6025)	crates/vize_croquis/src/script_parser.rs;crates/vize_croquis/src/script_parser/enum_tests.rs;crates/vize_croquis/src/script_parser/process.rs;crates/vize_croquis/src/script_parser/process/enums.rs;crates/vize_croquis/src/script_parser/process/statements.rs;crates/vize_croquis/src/script_parser/process/vue_runtime_api.rs	crates/vize_croquis/src/script_parser/enum_tests.rs	-	semantic-review-pending	-
31eda47f02acc8cdc9d34338a3655d6e3a285467	fix(sfc): normalize mixed legacy deep markers (#6019)	crates/vize_atelier_sfc/src/vite_plugin/css_scope/legacy_deep.rs;crates/vize_atelier_sfc/tests/vite_css_scope.rs	crates/vize_atelier_sfc/tests/vite_css_scope.rs	-	semantic-review-pending	-
8706b9e8137a45eb07325cafc6a1e029eb0c133f	fix(sfc): rewrite legacy deep combinators (#6016)	crates/vize_atelier_sfc/src/vite_plugin/css_scope.rs;crates/vize_atelier_sfc/src/vite_plugin/css_scope/legacy_deep.rs;crates/vize_atelier_sfc/tests/vite_css_scope.rs	crates/vize_atelier_sfc/tests/vite_css_scope.rs	-	semantic-review-pending	-
1718a37c628dd6db9cbc5002be938c54c69bc4dd	fix(sfc): handle slotted column combinator (#6012)	crates/vize_atelier_sfc/src/vite_plugin/css_scope.rs;crates/vize_atelier_sfc/src/vite_plugin/css_scope/slotted.rs	-	-	semantic-review-pending	-
035c80d9663fdbe7b5e85fcdd5fcba5cdcede219	fix(sfc): preserve slotted nesting scope (#6010)	crates/vize_atelier_sfc/src/css/scoped.rs;crates/vize_atelier_sfc/src/css/scoped/slotted.rs;crates/vize_atelier_sfc/src/css/tests/scoped_regressions.rs;crates/vize_atelier_sfc/src/vite_plugin/css_scope.rs;crates/vize_atelier_sfc/src/vite_plugin/css_scope/slotted.rs	crates/vize_atelier_sfc/src/css/tests/scoped_regressions.rs	-	semantic-review-pending	-
a865d26c4d60b8f4c3e6389e8e8775939273e991	fix(patina): recognize split-script component imports (#5995)	crates/vize_atelier_sfc/src/croquis/tests.rs;crates/vize_croquis/src/croquis.rs;crates/vize_croquis/src/croquis/merge.rs;crates/vize_croquis/src/croquis/model.rs	crates/vize_atelier_sfc/src/croquis/tests.rs	-	semantic-review-pending	-
c0dae2112cf5ddf351946882af19b5ede2f76407	fix(typechecker): align element-plus parity (#5965)	crates/vize_atelier_sfc/src/script.rs;crates/vize_atelier_sfc/src/script/import_usage_check.rs;crates/vize_atelier_sfc/src/script/import_usage_check/tests.rs;crates/vize_atelier_sfc/src/script/snapshots/vize_atelier_sfc__script__import_usage_check__tests__ref_attribute_with_expression_read.snap	crates/vize_atelier_sfc/src/script/import_usage_check/tests.rs;crates/vize_atelier_sfc/src/script/snapshots/vize_atelier_sfc__script__import_usage_check__tests__ref_attribute_with_expression_read.snap	-	semantic-review-pending	-
788000753c5c6bab73faedebc979a18d6db735e2	fix(typechecker): improve real project parity (#5962)	crates/vize_croquis/src/macros/tracker.rs	-	-	semantic-review-pending	-
4f8a5eafcba1fb6168f543e05333f27488cf39f3	fix(jsx): admit component event option modifiers in s2 vdom (#5904)	crates/vize_atelier_jsx/src/vdom/s2_differential.rs;crates/vize_atelier_jsx/src/vdom/s2_emit.rs;crates/vize_atelier_jsx/src/vdom/s2_emit/events_tests.rs	crates/vize_atelier_jsx/src/vdom/s2_emit/events_tests.rs	-	semantic-review-pending	-
e32634d522796397159ce00ce9b4e2a616ee7e21	fix(davinci): freeze v-pre subtrees, and two comment-group regressions (#5889)	crates/vize_atelier_core/tests/davinci_s2_transform.rs;crates/vize_atelier_core/tests/davinci_s2_transform_corpus.rs;crates/vize_atelier_core/tests/s2_support/hoist.rs;crates/vize_atelier_core/tests/s2_support/text.rs;crates/vize_atelier_dom/Cargo.toml;crates/vize_atelier_dom/tests/text_shape_matrix.rs;crates/vize_atelier_dom/tests/v_pre_freezes_its_subtree.rs	crates/vize_atelier_core/tests/davinci_s2_transform.rs;crates/vize_atelier_core/tests/davinci_s2_transform_corpus.rs;crates/vize_atelier_core/tests/s2_support/hoist.rs;crates/vize_atelier_core/tests/s2_support/text.rs;crates/vize_atelier_dom/tests/text_shape_matrix.rs;crates/vize_atelier_dom/tests/v_pre_freezes_its_subtree.rs	-	semantic-review-pending	-
9d707bee19229548761857cedacd4a5ae33ec8f4	fix(davinci): merge text runs across a dropped comment (#5887)	crates/vize_atelier_core/tests/davinci_s2_transform.rs;crates/vize_atelier_core/tests/davinci_s2_transform_corpus.rs;crates/vize_atelier_core/tests/s2_support/compare.rs;crates/vize_atelier_dom/Cargo.toml;crates/vize_atelier_dom/src/compile.rs;crates/vize_atelier_dom/src/compile/legacy.rs;crates/vize_atelier_dom/src/compile/pipeline.rs;crates/vize_atelier_dom/src/lib.rs;crates/vize_atelier_dom/tests/dropped_comment_text_runs.rs;crates/vize_atelier_dom/tests/text_shape_matrix.rs	crates/vize_atelier_core/tests/davinci_s2_transform.rs;crates/vize_atelier_core/tests/davinci_s2_transform_corpus.rs;crates/vize_atelier_core/tests/s2_support/compare.rs;crates/vize_atelier_dom/tests/dropped_comment_text_runs.rs;crates/vize_atelier_dom/tests/text_shape_matrix.rs	-	semantic-review-pending	-
bd9412f75c523e90548dea3b72f0b428d6688dd3	fix(davinci): lower JSX v-show through S2 (#5886)	crates/vize_atelier_jsx/src/s2.rs;crates/vize_atelier_jsx/src/s2/tests.rs;crates/vize_atelier_jsx/src/vdom/s2_differential.rs;crates/vize_atelier_jsx/src/vdom/s2_emit.rs;crates/vize_atelier_jsx/src/vdom/s2_emit/tests.rs	crates/vize_atelier_jsx/src/s2/tests.rs;crates/vize_atelier_jsx/src/vdom/s2_emit/tests.rs	-	semantic-review-pending	-
8355c59869d5fe68122e01cbf9edcea8b2f984be	fix(atelier-jsx): admit component spreads to s2 vdom (#5875)	crates/vize_atelier_jsx/src/vdom/s2_emit.rs	-	-	semantic-review-pending	-
6d41be4a703c3e8c91a4c436918935b88e9eddda	fix(atelier-jsx): admit leaf components to s2 vdom	crates/vize_atelier_jsx/src/vdom/s2_emit.rs	-	-	semantic-review-pending	-
3557d8a6d52b2e30a56b48ff2a2a9317bc6beb6f	fix(davinci): skip model pass for model-free S2 DOM builds (#5866)	crates/vize_atelier_dom/tests/davinci_s2_build_profile.rs;crates/vize_atelier_dom/tests/davinci_s2_profile.rs;crates/vize_atelier_jsx/src/vdom/s2_emit.rs	crates/vize_atelier_dom/tests/davinci_s2_build_profile.rs;crates/vize_atelier_dom/tests/davinci_s2_profile.rs	-	semantic-review-pending	-
99db931e548378f3715ecd180f929399c7cdd08f	fix(davinci): remove DOM legacy lane flag	crates/vize_atelier_dom/src/compile.rs;crates/vize_atelier_dom/src/compile/sfc.rs;crates/vize_atelier_dom/src/compile/stage_options.rs;crates/vize_atelier_dom/src/compile/stage_options/tests.rs;crates/vize_atelier_dom/tests/davinci_s2_codegen_option_selector.rs;crates/vize_atelier_dom/tests/davinci_s2_legacy_selector.rs;crates/vize_atelier_dom/tests/davinci_s2_sfc_self_closing_selector.rs	crates/vize_atelier_dom/src/compile/stage_options/tests.rs;crates/vize_atelier_dom/tests/davinci_s2_codegen_option_selector.rs;crates/vize_atelier_dom/tests/davinci_s2_legacy_selector.rs;crates/vize_atelier_dom/tests/davinci_s2_sfc_self_closing_selector.rs	-	semantic-review-pending	-
ae0721dbafe29c4b4b9eefe5b4c8ca58f8438f9d	fix(davinci): honor custom element predicates in s2 (#5854)	crates/vize_atelier_dom/src/compile/sfc.rs;crates/vize_atelier_dom/src/compile/stage_options.rs;crates/vize_atelier_dom/src/compile/stage_options/tests.rs;crates/vize_atelier_dom/tests/davinci_s2_custom_element_selector.rs;crates/vize_atelier_dom/tests/davinci_s2_production_selector.rs;crates/vize_atelier_dom/tests/davinci_s2_sfc_namespace_selector.rs;crates/vize_atelier_dom/tests/davinci_s2_sfc_self_closing_selector.rs	crates/vize_atelier_dom/src/compile/stage_options/tests.rs;crates/vize_atelier_dom/tests/davinci_s2_custom_element_selector.rs;crates/vize_atelier_dom/tests/davinci_s2_production_selector.rs;crates/vize_atelier_dom/tests/davinci_s2_sfc_namespace_selector.rs;crates/vize_atelier_dom/tests/davinci_s2_sfc_self_closing_selector.rs	-	semantic-review-pending	-
44058cef0c27606221ba93230c2cb3e7ca8649d4	fix(davinci): admit DOM optimize imports no-op (#5849)	crates/vize_atelier_dom/src/compile/stage_options.rs;crates/vize_atelier_dom/src/compile/stage_options/tests.rs;crates/vize_atelier_dom/tests/davinci_s2_codegen_option_selector.rs	crates/vize_atelier_dom/src/compile/stage_options/tests.rs;crates/vize_atelier_dom/tests/davinci_s2_codegen_option_selector.rs	-	semantic-review-pending	-
00b6fd3939ed3f1c77e1a342215849644f64aded	fix(typecheck): unwrap defineModel refs in templates (#5847)	crates/vize_croquis/src/macros/tracker.rs;crates/vize_croquis/src/script_parser/emits_ranges_tests.rs;crates/vize_croquis/src/script_parser/process/macros.rs;crates/vize_croquis/src/script_parser/process/macros/define_model_destructure.rs	crates/vize_croquis/src/script_parser/emits_ranges_tests.rs	-	semantic-review-pending	-
36388b763f942b6f137fc2bd9f889d47974014f7	fix(atelier-dom): fail closed unknown DOM lane flag (#5846)	crates/vize_atelier_dom/src/compile/stage_options.rs;crates/vize_atelier_dom/src/compile/stage_options/tests.rs	crates/vize_atelier_dom/src/compile/stage_options/tests.rs	-	semantic-review-pending	-
6e47205896906fe8e0c3e0a4ea3c6e02b6e08122	fix(davinci): guard custom element projection (#5842)	crates/vize_atelier_dom/src/compile.rs;crates/vize_atelier_dom/src/compile/sfc.rs;crates/vize_atelier_dom/src/compile/stage_options.rs;crates/vize_atelier_dom/src/compile/stage_options/tests.rs;crates/vize_atelier_dom/tests/davinci_s2_custom_element_selector.rs	crates/vize_atelier_dom/src/compile/stage_options/tests.rs;crates/vize_atelier_dom/tests/davinci_s2_custom_element_selector.rs	-	semantic-review-pending	-
840c71e625c07a410556dc7459d42879465ad715	fix(davinci): gate unsupported DOM codegen options (#5834)	crates/vize_atelier_dom/src/compile/stage_options.rs;crates/vize_atelier_dom/src/compile/stage_options/tests.rs;crates/vize_atelier_dom/tests/davinci_s2_codegen_option_selector.rs	crates/vize_atelier_dom/src/compile/stage_options/tests.rs;crates/vize_atelier_dom/tests/davinci_s2_codegen_option_selector.rs	-	semantic-review-pending	-
5fea9fdc0fb12435e2f57af6b8744c0464c41bd4	fix(davinci): guard DOM S2 legacy selection (#5829)	crates/vize_atelier_dom/src/compile.rs;crates/vize_atelier_dom/src/compile/sfc.rs;crates/vize_atelier_dom/src/compile/stage_options.rs;crates/vize_atelier_dom/src/compile/stage_options/tests.rs;crates/vize_atelier_dom/tests/davinci_s2_legacy_selector.rs	crates/vize_atelier_dom/src/compile/stage_options/tests.rs;crates/vize_atelier_dom/tests/davinci_s2_legacy_selector.rs	-	semantic-review-pending	-
263cb45bf2d7ce6ef8f26a3ef683e55db8c28ccd	fix(davinci): pop html reentry closes case-insensitively (#5826)	crates/vize_atelier_dom/src/compile/sfc/selector.rs;crates/vize_atelier_dom/tests/davinci_s2_sfc_namespace_selector.rs	crates/vize_atelier_dom/tests/davinci_s2_sfc_namespace_selector.rs	-	semantic-review-pending	-
90eb689e28265666445d27125e74352f6543f1c3	fix(davinci): route disabled static hoists through s2	crates/vize_atelier_dom/src/compile/stage_options.rs;crates/vize_atelier_dom/tests/davinci_s2_hoist_static_selector.rs;crates/vize_atelier_dom/tests/davinci_s2_option_matrix.rs	crates/vize_atelier_dom/tests/davinci_s2_hoist_static_selector.rs;crates/vize_atelier_dom/tests/davinci_s2_option_matrix.rs	-	semantic-review-pending	-
219f5994a0747d8351e8e4fd191b881acab05c04	fix(davinci): admit bare static style merges	crates/vize_atelier_dom/tests/davinci_s2_style_merge.rs	crates/vize_atelier_dom/tests/davinci_s2_style_merge.rs	-	semantic-review-pending	-
799a6d54b0e8f3e382135e3204548b782cc0e155	fix(davinci): support custom element patterns on S2 DOM (#5806)	crates/vize_atelier_dom/src/compile.rs;crates/vize_atelier_dom/src/compile/sfc.rs;crates/vize_atelier_dom/src/compile/stage_options.rs;crates/vize_atelier_dom/tests/davinci_s2_custom_element_selector.rs;crates/vize_atelier_dom/tests/davinci_s2_source_map.rs	crates/vize_atelier_dom/tests/davinci_s2_custom_element_selector.rs;crates/vize_atelier_dom/tests/davinci_s2_source_map.rs	-	semantic-review-pending	-
bcf9616e1e751409f80fc180980cddf37a8b1fa0	fix(davinci): route in-tag comments through S2 DOM	crates/vize_atelier_dom/src/compile/stage_options.rs;crates/vize_atelier_dom/tests/davinci_s2_production_selector.rs;crates/vize_atelier_dom/tests/davinci_s2_profile_unsupported.rs;crates/vize_atelier_dom/tests/davinci_s2_source_map.rs	crates/vize_atelier_dom/tests/davinci_s2_production_selector.rs;crates/vize_atelier_dom/tests/davinci_s2_profile_unsupported.rs;crates/vize_atelier_dom/tests/davinci_s2_source_map.rs	-	semantic-review-pending	-
99ee05a1b1136b17652d5239d639ff91b312ef2e	fix(davinci): route source maps through S2 DOM emit (#5798)	crates/vize_atelier_dom/Cargo.toml;crates/vize_atelier_dom/src/compile.rs;crates/vize_atelier_dom/src/compile/sfc.rs;crates/vize_atelier_dom/src/compile/source_map.rs;crates/vize_atelier_dom/src/compile/stage_options.rs;crates/vize_atelier_dom/tests/davinci_s2_production_selector.rs;crates/vize_atelier_dom/tests/davinci_s2_source_map.rs	crates/vize_atelier_dom/tests/davinci_s2_production_selector.rs;crates/vize_atelier_dom/tests/davinci_s2_source_map.rs	-	semantic-review-pending	-
a7ab8b2a5c2ff30160eb613fd8ae87db08d08353	fix(davinci): preserve S2 DOM comments (#5796)	crates/vize_atelier_core/tests/s2_support/hoist.rs;crates/vize_atelier_core/tests/s2_support/hoist_owner.rs;crates/vize_atelier_core/tests/s2_support/hoist_walk.rs;crates/vize_atelier_core/tests/s2_support/s2_lane.rs;crates/vize_atelier_dom/src/compile/stage_options.rs;crates/vize_atelier_dom/tests/davinci_s2_production_selector.rs;crates/vize_atelier_dom/tests/davinci_s2_profile.rs;crates/vize_atelier_dom/tests/davinci_s2_sfc_comment_selector.rs	crates/vize_atelier_core/tests/s2_support/hoist.rs;crates/vize_atelier_core/tests/s2_support/hoist_owner.rs;crates/vize_atelier_core/tests/s2_support/hoist_walk.rs;crates/vize_atelier_core/tests/s2_support/s2_lane.rs;crates/vize_atelier_dom/tests/davinci_s2_production_selector.rs;crates/vize_atelier_dom/tests/davinci_s2_profile.rs;crates/vize_atelier_dom/tests/davinci_s2_sfc_comment_selector.rs	-	semantic-review-pending	-
059809411e400c9237dc1bd8f6ded729bda5e2ca	fix(davinci): skip raw text bodies in sfc selector (#5791)	crates/vize_atelier_dom/src/compile/sfc.rs;crates/vize_atelier_dom/src/compile/sfc/selector.rs;crates/vize_atelier_dom/tests/davinci_s2_sfc_namespace_selector.rs	crates/vize_atelier_dom/tests/davinci_s2_sfc_namespace_selector.rs	-	semantic-review-pending	-
297e3f1e0ec8ac01c230f4b1e57879ea3ee0e32a	fix(davinci): harden SFC namespace selection (#5779)	crates/vize_atelier_dom/src/compile/sfc.rs;crates/vize_atelier_dom/tests/davinci_s2_sfc_namespace_selector.rs	crates/vize_atelier_dom/tests/davinci_s2_sfc_namespace_selector.rs	-	semantic-review-pending	-
8f3d843c1aff1f1d034946ab7a244ae8a655ce07	fix(davinci): admit SFC namespace templates on S2 (#5778)	crates/vize_atelier_dom/src/compile/sfc.rs;crates/vize_atelier_dom/tests/davinci_s2_production_selector.rs	crates/vize_atelier_dom/tests/davinci_s2_production_selector.rs	-	semantic-review-pending	-
8be4517e41aafd59e5b9df887da112d62cfff23c	fix(davinci): route supported DOM compiles through S2 (#5765)	crates/vize_atelier_dom/src/compile.rs;crates/vize_atelier_dom/src/compile/custom_elements.rs;crates/vize_atelier_dom/src/compile/pipeline.rs;crates/vize_atelier_dom/src/compile/stage_options.rs;crates/vize_atelier_dom/tests/davinci_expr_reparse_floor.rs;crates/vize_atelier_dom/tests/davinci_s2_merged_const_handler.rs;crates/vize_atelier_dom/tests/davinci_s2_production_selector.rs;crates/vize_atelier_dom/tests/davinci_teardown_without_stack_guard.rs;crates/vize_atelier_dom/tests/davinci_walk_baseline.rs;crates/vize_atelier_dom/tests/element_nesting_depth.rs	crates/vize_atelier_dom/tests/davinci_expr_reparse_floor.rs;crates/vize_atelier_dom/tests/davinci_s2_merged_const_handler.rs;crates/vize_atelier_dom/tests/davinci_s2_production_selector.rs;crates/vize_atelier_dom/tests/davinci_teardown_without_stack_guard.rs;crates/vize_atelier_dom/tests/davinci_walk_baseline.rs;crates/vize_atelier_dom/tests/element_nesting_depth.rs	-	semantic-review-pending	-
2dd62fa4818dedf7c5239c6a0d94b5e362cbce3a	fix(carton): reject oversized numeric expression tokens (#5743)	crates/vize_atelier_core/tests/fuzz_slow_unit_js_ts_expression_5733.rs	crates/vize_atelier_core/tests/fuzz_slow_unit_js_ts_expression_5733.rs	-	semantic-review-pending	-
3d5b5f21b659a1467e72c9b5b69a5f5f9df56df3	fix(jsx): lower computed slot names (#5721)	crates/vize_atelier_jsx/src/compat.rs;crates/vize_atelier_jsx/src/lower/slot.rs;crates/vize_atelier_jsx/tests/BABEL_COMPAT_INVENTORY.md;crates/vize_atelier_jsx/tests/babel_compat/verdicts.rs;crates/vize_atelier_jsx/tests/babel_compat_oracle.rs;crates/vize_atelier_jsx/tests/snapshots/babel_compat_oracle__babel_compat__slots.snap;crates/vize_atelier_jsx/tests/v_slots.rs	crates/vize_atelier_jsx/tests/BABEL_COMPAT_INVENTORY.md;crates/vize_atelier_jsx/tests/babel_compat/verdicts.rs;crates/vize_atelier_jsx/tests/babel_compat_oracle.rs;crates/vize_atelier_jsx/tests/snapshots/babel_compat_oracle__babel_compat__slots.snap;crates/vize_atelier_jsx/tests/v_slots.rs	-	semantic-review-pending	-
f5da870f54760b9a96561c15ce9bbd18b9498d4a	fix(patina): avoid leading v-for alias false positives	crates/vize_croquis/src/croquis/model.rs;crates/vize_croquis/src/drawer/template/directives/control_flow.rs	-	-	semantic-review-pending	-
725b3313bcff8bb4679af5f455fdec9c75126439	fix(davinci): align s2 option combinations (#5695)	crates/vize_atelier_dom/tests/davinci_s2_dom.rs;crates/vize_atelier_dom/tests/davinci_s2_option_families.rs;crates/vize_atelier_dom/tests/davinci_s2_option_matrix.rs;crates/vize_atelier_dom/tests/davinci_s2_scope_id.rs;crates/vize_atelier_dom/tests/support/battery/dom.rs;crates/vize_atelier_dom/tests/support/battery/mod.rs;crates/vize_atelier_dom/tests/support/mod.rs	crates/vize_atelier_dom/tests/davinci_s2_dom.rs;crates/vize_atelier_dom/tests/davinci_s2_option_families.rs;crates/vize_atelier_dom/tests/davinci_s2_option_matrix.rs;crates/vize_atelier_dom/tests/davinci_s2_scope_id.rs;crates/vize_atelier_dom/tests/support/battery/dom.rs;crates/vize_atelier_dom/tests/support/battery/mod.rs;crates/vize_atelier_dom/tests/support/mod.rs	-	semantic-review-pending	-
60b794f9730f9d6391643ba178f23ed05d48d72e	fix(davinci): ignore static v-for keys for fragment flags	crates/vize_atelier_dom/tests/davinci_s2_corpus_residuals.rs;crates/vize_atelier_dom/tests/davinci_s2_for.rs;crates/vize_atelier_dom/tests/davinci_s2_memo.rs	crates/vize_atelier_dom/tests/davinci_s2_corpus_residuals.rs;crates/vize_atelier_dom/tests/davinci_s2_for.rs;crates/vize_atelier_dom/tests/davinci_s2_memo.rs	-	semantic-review-pending	-
089ed0dba272681640b17c6f4ed3fc2cad69560c	fix(davinci): keep v-for in-conditional class patch flag	crates/vize_atelier_dom/tests/davinci_s2_corpus_residuals.rs	crates/vize_atelier_dom/tests/davinci_s2_corpus_residuals.rs	-	semantic-review-pending	-
cf8e68687fdd730656c96adb2b00c03a2e96b071	fix(atelier): treat concatenated string binds as dynamic (#5578)	crates/vize_atelier_core/src/codegen/patch_flag.rs;crates/vize_atelier_core/src/codegen/patch_flag/static_literal.rs;crates/vize_atelier_core/tests/concatenated_string_bind_patch_flags.rs;crates/vize_atelier_dom/tests/davinci_s2_corpus_residuals.rs;crates/vize_atelier_dom/tests/davinci_s2_slots/battery.rs	crates/vize_atelier_core/tests/concatenated_string_bind_patch_flags.rs;crates/vize_atelier_dom/tests/davinci_s2_corpus_residuals.rs;crates/vize_atelier_dom/tests/davinci_s2_slots/battery.rs	-	semantic-review-pending	-
8791f566bb01c6d9fc1534e043aeef6aa30af087	fix(atelier): preserve utf8 in v-for bindings (#5647)	crates/vize_atelier_core/src/codegen/expression/scope_prefix.rs;crates/vize_atelier_dom/src/prefix_identifier_tests.rs;crates/vize_atelier_dom/src/snapshots/vize_atelier_dom__prefix_identifier_tests__v_for_attribute_template_literal_preserves_non_ascii_after_prefixing.snap;crates/vize_atelier_dom/src/snapshots/vize_atelier_dom__prefix_identifier_tests__v_for_script_setup_template_literal_preserves_non_ascii_after_prefixing.snap	crates/vize_atelier_dom/src/prefix_identifier_tests.rs;crates/vize_atelier_dom/src/snapshots/vize_atelier_dom__prefix_identifier_tests__v_for_attribute_template_literal_preserves_non_ascii_after_prefixing.snap;crates/vize_atelier_dom/src/snapshots/vize_atelier_dom__prefix_identifier_tests__v_for_script_setup_template_literal_preserves_non_ascii_after_prefixing.snap	-	semantic-review-pending	-
c3774c0ad893039038c607ba3d9ef8b495e73898	fix(sfc): resolve setup directives in separate render (#5595)	crates/vize_atelier_core/src/codegen/root.rs;crates/vize_atelier_sfc/src/compile_script/inline/compiler/render.rs;crates/vize_atelier_sfc/src/template_tests.rs	crates/vize_atelier_sfc/src/template_tests.rs	-	semantic-review-pending	-
c17902442d98f8b7e4b0c87df223f89e2ba65375	fix(davinci): close remaining DOM corpus residuals (#5586)	crates/vize_atelier_dom/tests/davinci_s2_corpus_residuals.rs	crates/vize_atelier_dom/tests/davinci_s2_corpus_residuals.rs	-	semantic-review-pending	-
7fad0210b5aa9c8e9341c43954cf79cc1e841c76	fix(davinci): close final DOM corpus residuals (#5585)	crates/vize_atelier_dom/tests/davinci_s2_corpus_residuals.rs	crates/vize_atelier_dom/tests/davinci_s2_corpus_residuals.rs	-	semantic-review-pending	-
e65a078d379e3e5d30d5e7afb3bc61bb3ee3f5b0	fix(davinci): finish DOM corpus residual parity (#5583)	crates/vize_atelier_dom/tests/davinci_s2_dom_namespace.rs;crates/vize_atelier_dom/tests/davinci_s2_helper_order.rs;crates/vize_atelier_dom/tests/davinci_s2_outlets.rs;crates/vize_atelier_dom/tests/davinci_s2_static_vnode_hoist.rs;crates/vize_atelier_dom/tests/davinci_s2_v_for_child_props.rs;crates/vize_atelier_dom/tests/davinci_s2_v_pre.rs	crates/vize_atelier_dom/tests/davinci_s2_dom_namespace.rs;crates/vize_atelier_dom/tests/davinci_s2_helper_order.rs;crates/vize_atelier_dom/tests/davinci_s2_outlets.rs;crates/vize_atelier_dom/tests/davinci_s2_static_vnode_hoist.rs;crates/vize_atelier_dom/tests/davinci_s2_v_for_child_props.rs;crates/vize_atelier_dom/tests/davinci_s2_v_pre.rs	-	semantic-review-pending	-
b6c6948a325402f4d48b55c8fa147e50b8f252b3	fix(davinci): close residual DOM corpus gaps (#5582)	crates/vize_atelier_dom/tests/davinci_s2_format_residuals.rs;crates/vize_atelier_dom/tests/davinci_s2_hoist_order.rs;crates/vize_atelier_dom/tests/davinci_s2_once.rs	crates/vize_atelier_dom/tests/davinci_s2_format_residuals.rs;crates/vize_atelier_dom/tests/davinci_s2_hoist_order.rs;crates/vize_atelier_dom/tests/davinci_s2_once.rs	-	semantic-review-pending	-
185d49ba9f16b87fd65e23e59cb232011b28a010	fix(davinci): close next DOM corpus residuals (#5576)	crates/vize_atelier_dom/tests/davinci_s2_format_residuals.rs;crates/vize_atelier_dom/tests/davinci_s2_hoist_order.rs	crates/vize_atelier_dom/tests/davinci_s2_format_residuals.rs;crates/vize_atelier_dom/tests/davinci_s2_hoist_order.rs	-	semantic-review-pending	-
6f21c0432e32a51ae4f09a5d8df6f9ffcfb9a485	fix(davinci): preserve helper preamble order (#5566)	crates/vize_atelier_dom/tests/davinci_s2_helper_order.rs	crates/vize_atelier_dom/tests/davinci_s2_helper_order.rs	-	semantic-review-pending	-
07ac91d6024c4b9ca584d718ac06e2772bcae7c8	fix(davinci): keep component static props inline (#5565)	crates/vize_atelier_dom/tests/davinci_s2_hoist_order.rs	crates/vize_atelier_dom/tests/davinci_s2_hoist_order.rs	-	semantic-review-pending	-
eada2aa7dd9660258fc515dc418af338ae280c77	fix(davinci): preserve nested component prop hoist order (#5564)	crates/vize_atelier_dom/tests/davinci_s2_hoist_order.rs	crates/vize_atelier_dom/tests/davinci_s2_hoist_order.rs	-	semantic-review-pending	-
5d711236917debc459cda09056c76461ac119b77	fix(davinci): preserve transition prop hoist order	crates/vize_atelier_dom/tests/davinci_s2_hoist_order.rs	crates/vize_atelier_dom/tests/davinci_s2_hoist_order.rs	-	semantic-review-pending	-
7a5032784bdce8e806f1cd8171179acf87bb8c71	fix(davinci): preserve scoped slot key prop order	crates/vize_atelier_dom/tests/davinci_s2_hoist_order.rs	crates/vize_atelier_dom/tests/davinci_s2_hoist_order.rs	-	semantic-review-pending	-
af800fd3996e05a0df0e0566267a7099d982963a	fix(davinci): close residual DOM corpus gaps (#5552)	crates/vize_armature/src/parser/tests.rs;crates/vize_atelier_dom/tests/davinci_s2_dom_namespace.rs;crates/vize_atelier_dom/tests/davinci_s2_fragments.rs;crates/vize_atelier_dom/tests/davinci_s2_handler_parity.rs;crates/vize_atelier_dom/tests/davinci_s2_helper_composition.rs;crates/vize_atelier_dom/tests/davinci_s2_html.rs;crates/vize_atelier_dom/tests/davinci_s2_model.rs;crates/vize_atelier_dom/tests/davinci_s2_once.rs;crates/vize_atelier_dom/tests/davinci_s2_show.rs;crates/vize_atelier_dom/tests/davinci_s2_slots.rs;crates/vize_atelier_dom/tests/davinci_s2_slots/battery.rs;crates/vize_atelier_dom/tests/davinci_s2_slots/patch_sites.rs;crates/vize_atelier_dom/tests/davinci_s2_slots/unsupported.rs;crates/vize_atelier_dom/tests/davinci_s2_static_cache.rs;crates/vize_atelier_dom/tests/davinci_s2_static_vnode_hoist.rs;crates/vize_atelier_dom/tests/davinci_s2_style_merge.rs;crates/vize_atelier_dom/tests/davinci_s2_text_facts.rs;crates/vize_atelier_dom/tests/davinci_s2_tpl.rs;crates/vize_atelier_dom/tests/davinci_s2_whitespace_text_vnode.rs	crates/vize_armature/src/parser/tests.rs;crates/vize_atelier_dom/tests/davinci_s2_dom_namespace.rs;crates/vize_atelier_dom/tests/davinci_s2_fragments.rs;crates/vize_atelier_dom/tests/davinci_s2_handler_parity.rs;crates/vize_atelier_dom/tests/davinci_s2_helper_composition.rs;crates/vize_atelier_dom/tests/davinci_s2_html.rs;crates/vize_atelier_dom/tests/davinci_s2_model.rs;crates/vize_atelier_dom/tests/davinci_s2_once.rs;crates/vize_atelier_dom/tests/davinci_s2_show.rs;crates/vize_atelier_dom/tests/davinci_s2_slots.rs;crates/vize_atelier_dom/tests/davinci_s2_slots/battery.rs;crates/vize_atelier_dom/tests/davinci_s2_slots/patch_sites.rs;crates/vize_atelier_dom/tests/davinci_s2_slots/unsupported.rs;crates/vize_atelier_dom/tests/davinci_s2_static_cache.rs;crates/vize_atelier_dom/tests/davinci_s2_static_vnode_hoist.rs;crates/vize_atelier_dom/tests/davinci_s2_style_merge.rs;crates/vize_atelier_dom/tests/davinci_s2_text_facts.rs;crates/vize_atelier_dom/tests/davinci_s2_tpl.rs;crates/vize_atelier_dom/tests/davinci_s2_whitespace_text_vnode.rs	-	semantic-review-pending	-
30c574d5e46004a3a32d625071e3da1847661658	fix(davinci): preserve runtime directive prop order	crates/vize_atelier_dom/tests/davinci_s2_hoist_order.rs	crates/vize_atelier_dom/tests/davinci_s2_hoist_order.rs	-	semantic-review-pending	-
ddddadd520ea734d68db0851a7fed2f32b8debc3	fix(davinci): preserve slot branch vnode order	crates/vize_atelier_dom/tests/davinci_s2_hoist_order.rs	crates/vize_atelier_dom/tests/davinci_s2_hoist_order.rs	-	semantic-review-pending	-
b79e518f6956bda75d4157cc04d352ba73d4fb89	fix(davinci): preserve scoped component prop order	crates/vize_atelier_dom/tests/davinci_s2_hoist_order.rs	crates/vize_atelier_dom/tests/davinci_s2_hoist_order.rs	-	semantic-review-pending	-
0a0dbb737fc930a6dcded59a85fe721fb470b967	fix(davinci): preserve loop component prop order	crates/vize_atelier_dom/tests/davinci_s2_hoist_order.rs	crates/vize_atelier_dom/tests/davinci_s2_hoist_order.rs	-	semantic-review-pending	-
d2238c988dcf45826eb744040f634c93e3d37afe	fix(davinci): align nested component prop hoists	crates/vize_atelier_dom/tests/davinci_s2_hoist_order.rs	crates/vize_atelier_dom/tests/davinci_s2_hoist_order.rs	-	semantic-review-pending	-
1f3dcea8d6b549e00a01239c371c54c983f4bc65	fix(davinci): keep component class binds inline	crates/vize_atelier_dom/tests/davinci_s2_hoist_order.rs	crates/vize_atelier_dom/tests/davinci_s2_hoist_order.rs	-	semantic-review-pending	-
7a98d785bd0b30f6e57ae5c04308c302318e524b	fix(davinci): preserve dynamic-component directive patch flags (#5536)	crates/vize_atelier_dom/tests/davinci_s2_dirs.rs	crates/vize_atelier_dom/tests/davinci_s2_dirs.rs	-	semantic-review-pending	-
86889f7487bca8f5eb398a96b8ceb6dbd8f4168d	fix(davinci): preserve template-wrapper component props	crates/vize_atelier_dom/tests/davinci_s2_template_wrapper_component_props.rs	crates/vize_atelier_dom/tests/davinci_s2_template_wrapper_component_props.rs	-	semantic-review-pending	-
589daf80111aea8957a7cc6932334840c6a83906	fix(davinci): preserve raw handler expressions (#5531)	crates/vize_atelier_dom/tests/davinci_s2_handler_parity.rs	crates/vize_atelier_dom/tests/davinci_s2_handler_parity.rs	-	semantic-review-pending	-
526f400efe11b89dfcc034365e00489f98ada04a	fix(davinci): preserve nested interactive close identity (#5520)	crates/vize_armature/src/parser.rs;crates/vize_armature/src/parser/element.rs;crates/vize_armature/src/parser/element/tags.rs;crates/vize_armature/tests/nested_interactive_recovery.rs	crates/vize_armature/tests/nested_interactive_recovery.rs	-	semantic-review-pending	-
6714a00b7151a09c67ca4e2250389e55cecc8a81	fix(davinci): close DOM corpus parity gaps (#5519)	crates/vize_atelier_dom/tests/davinci_s2_handler_parity.rs;crates/vize_atelier_dom/tests/davinci_s2_static_vnode_hoist.rs;crates/vize_atelier_dom/tests/davinci_s2_whitespace_text_vnode.rs	crates/vize_atelier_dom/tests/davinci_s2_handler_parity.rs;crates/vize_atelier_dom/tests/davinci_s2_static_vnode_hoist.rs;crates/vize_atelier_dom/tests/davinci_s2_whitespace_text_vnode.rs	-	semantic-review-pending	-
cd306b1281ebe0c6e6a4b97855bf8e5b30eb28d5	fix(davinci): align mathml integration namespaces	crates/vize_atelier_dom/tests/davinci_s2_dom_namespace.rs	crates/vize_atelier_dom/tests/davinci_s2_dom_namespace.rs	-	semantic-review-pending	-
85fe7bf1519c23aa5a70f132164bd7241ea4bec3	fix(davinci): recover nested interactive end tags (#5515)	crates/vize_armature/src/parser/element/tags.rs;crates/vize_armature/tests/nested_interactive_recovery.rs;crates/vize_atelier_dom/tests/nested_interactive_recovery.rs	crates/vize_armature/tests/nested_interactive_recovery.rs;crates/vize_atelier_dom/tests/nested_interactive_recovery.rs	-	semantic-review-pending	-
cec8d6139b9dcf89a8d32dd574d6a95eaa8e3abc	fix(davinci): seed namespace for bare svg tags (#5514)	crates/vize_atelier_dom/tests/davinci_s2_fragments.rs	crates/vize_atelier_dom/tests/davinci_s2_fragments.rs	-	semantic-review-pending	-
ab891936a9e777bbbd9123e38cbf31fca77726f6	fix(davinci): preserve multiline prop value source (#5508)	crates/vize_atelier_dom/tests/davinci_s2_multiline_props.rs	crates/vize_atelier_dom/tests/davinci_s2_multiline_props.rs	-	semantic-review-pending	-
78232a56f504fe4bf203b945e357baf432269722	fix(davinci): align static icon hoist order (#5506)	crates/vize_atelier_dom/tests/davinci_s2_static_vnode_hoist.rs	crates/vize_atelier_dom/tests/davinci_s2_static_vnode_hoist.rs	-	semantic-review-pending	-
6faca978381d1465fcaeeefa1b5f655082df21ea	fix(davinci): preserve template slot helper order (#5504)	crates/vize_atelier_dom/tests/davinci_s2_helper_composition.rs	crates/vize_atelier_dom/tests/davinci_s2_helper_composition.rs	-	semantic-review-pending	-
4baf124dc4eb994d2c8dde958e96c87e93a4ff72	fix(davinci): preserve static hoist text separators (#5505)	crates/vize_atelier_dom/tests/davinci_s2_static_cache.rs	crates/vize_atelier_dom/tests/davinci_s2_static_cache.rs	-	semantic-review-pending	-
62820963dff969ce1ced571fee2c378e97a93c6b	fix(atelier): treat computed bind object keys as dynamic	crates/vize_atelier_core/src/codegen/patch_flag/static_literal.rs;crates/vize_atelier_dom/tests/davinci_s2_patch_flags.rs	crates/vize_atelier_dom/tests/davinci_s2_patch_flags.rs	-	semantic-review-pending	-
d6beb151dccc4fe2225048e153d8b4170150f303	fix(davinci): preserve block handler line comments (#5501)	crates/vize_atelier_dom/tests/davinci_s2_handler_parity.rs	crates/vize_atelier_dom/tests/davinci_s2_handler_parity.rs	-	semantic-review-pending	-
59ae5bcdbb730cabc071d99e7343a3bd860c0a18	fix(davinci): block keyed nested components (#5499)	crates/vize_atelier_dom/tests/davinci_s2_keyed_component_block.rs	crates/vize_atelier_dom/tests/davinci_s2_keyed_component_block.rs	-	semantic-review-pending	-
5af7f434f4b72e48dbb0d6814ba621f75a4d8d11	fix(davinci): skip normalizeStyle for static style binds (#5497)	crates/vize_atelier_dom/tests/davinci_s2_static_style.rs	crates/vize_atelier_dom/tests/davinci_s2_static_style.rs	-	semantic-review-pending	-
707b5b26cd261cdfdbaaaebb2aaa2b0ffca95728	fix(davinci): detect TS-only model syntax structurally (#5498)	crates/vize_atelier_dom/tests/davinci_s2_model.rs	crates/vize_atelier_dom/tests/davinci_s2_model.rs	-	semantic-review-pending	-
cd93f9fba56a8c067691a96f06f15eff2285bd10	fix(canon): resolve literal dynamic slot names (#5487)	crates/vize_croquis/src/drawer/template.rs;crates/vize_croquis/src/drawer/template/components.rs;crates/vize_croquis/src/drawer/template/dynamic_names_tests.rs;crates/vize_croquis/src/drawer/template/slot_names.rs;crates/vize_croquis/src/drawer/template/visit_element/first_pass.rs;crates/vize_croquis/src/drawer/template/visit_element/second_pass.rs	crates/vize_croquis/src/drawer/template/dynamic_names_tests.rs	-	semantic-review-pending	-
29c6d6505ec78c018b871e12a2cd6d9ea0d3334d	fix(davinci): preserve spread style patch keys (#5496)	crates/vize_atelier_dom/tests/davinci_s2_recent_patch_flags.rs	crates/vize_atelier_dom/tests/davinci_s2_recent_patch_flags.rs	-	semantic-review-pending	-
d6d3f23dccaddd7424368f96cc336182d8a5914d	fix(davinci): preserve TS cast model updates (#5494)	crates/vize_atelier_dom/tests/davinci_s2_model.rs	crates/vize_atelier_dom/tests/davinci_s2_model.rs	-	semantic-review-pending	-
6f8fc0abf99a3006b11e3dd44afc55270c8800e4	fix(davinci): preserve AIRI DOM preamble order (#5493)	crates/vize_atelier_dom/tests/davinci_s2_helper_composition.rs	crates/vize_atelier_dom/tests/davinci_s2_helper_composition.rs	-	semantic-review-pending	-
eca05a96f7f50e4ceba7a22f1fb8c461e7027bf8	fix(davinci): preserve transition slot edge parity (#5492)	crates/vize_atelier_dom/tests/davinci_s2_builtins.rs	crates/vize_atelier_dom/tests/davinci_s2_builtins.rs	-	semantic-review-pending	-
0c2395e68c5183b7ecad6bae4e067ccd095cdef5	fix(davinci): skip static component style normalization (#5491)	crates/vize_atelier_dom/tests/davinci_s2_style_merge.rs	crates/vize_atelier_dom/tests/davinci_s2_style_merge.rs	-	semantic-review-pending	-
efb5b1ba14f7e97e79479802173d91b765145b23	fix(davinci): suppress static spread patch keys (#5489)	crates/vize_atelier_dom/tests/davinci_s2_patch_flags.rs	crates/vize_atelier_dom/tests/davinci_s2_patch_flags.rs	-	semantic-review-pending	-
ac4d82f56c9a66ac27c9831e558d4df37ce69cf8	fix(davinci): block keyed transition slot roots (#5488)	crates/vize_atelier_dom/tests/davinci_s2_builtins.rs	crates/vize_atelier_dom/tests/davinci_s2_builtins.rs	-	semantic-review-pending	-
c3439135411fda3223971ead60a531f384626ead	fix(davinci): preserve s2 helper order parity (#5484)	crates/vize_atelier_dom/tests/davinci_s2_helper_composition.rs	crates/vize_atelier_dom/tests/davinci_s2_helper_composition.rs	-	semantic-review-pending	-
e68650b99a89e51482dadc61f526683d43e2fdc8	fix(davinci): preserve nested hoist parity (#5483)	crates/vize_atelier_dom/tests/davinci_s2_hoist_order.rs	crates/vize_atelier_dom/tests/davinci_s2_hoist_order.rs	-	semantic-review-pending	-
deb960cdbc90fc987e9ec9564121a226eb3def32	fix(davinci): carry static vnode hoist context (#5480)	crates/vize_atelier_dom/tests/davinci_s2_static_cache.rs;crates/vize_atelier_dom/tests/davinci_s2_static_vnode_hoist.rs	crates/vize_atelier_dom/tests/davinci_s2_static_cache.rs;crates/vize_atelier_dom/tests/davinci_s2_static_vnode_hoist.rs	-	semantic-review-pending	-
86f4b794f4ffb5b1045fb7aa14bcf907b93299a4	fix(davinci): compare nested interactive recoveries (#5467)	crates/vize_armature/src/parser.rs;crates/vize_armature/src/parser/constructor.rs;crates/vize_armature/src/parser/element.rs;crates/vize_armature/src/parser/element/scope.rs;crates/vize_armature/src/parser/element/tags.rs;crates/vize_armature/tests/nested_interactive_recovery.rs;crates/vize_atelier_dom/tests/nested_interactive_recovery.rs	crates/vize_armature/tests/nested_interactive_recovery.rs;crates/vize_atelier_dom/tests/nested_interactive_recovery.rs	-	semantic-review-pending	-
0a3a17180a2c22ec9dc6e98cc03d8db006c63a90	fix(davinci): format nested cached static arrays (#5465)	crates/vize_atelier_dom/tests/davinci_s2_static_cache.rs	crates/vize_atelier_dom/tests/davinci_s2_static_cache.rs	-	semantic-review-pending	-
f4af66730ec52d6754e7c57d5f3b2e6a68d00af4	fix(davinci): wrap typed arrow event handlers (#5464)	crates/vize_atelier_dom/tests/davinci_s2_handler_parity.rs	crates/vize_atelier_dom/tests/davinci_s2_handler_parity.rs	-	semantic-review-pending	-
5b0e26c75146404a703d68f9eeabb94d9616b56c	fix(davinci): cache static element siblings as arrays (#5462)	crates/vize_atelier_dom/tests/davinci_s2_static_cache.rs	crates/vize_atelier_dom/tests/davinci_s2_static_cache.rs	-	semantic-review-pending	-
891062a68b801fdfe4aaad6a352927299e3d7c42	fix(davinci): normalize bare object style binds (#5457)	crates/vize_atelier_dom/tests/davinci_s2_style_merge.rs	crates/vize_atelier_dom/tests/davinci_s2_style_merge.rs	-	semantic-review-pending	-
70cc825c3481f61aec18d6ced4f30740a2c206c5	fix(davinci): cache static namespace siblings (#5440)	crates/vize_atelier_dom/tests/davinci_s2_dom_namespace.rs	crates/vize_atelier_dom/tests/davinci_s2_dom_namespace.rs	-	semantic-review-pending	-
438e6da7140c5bf28e2808805be21a898d1400e1	fix(davinci): match v-for child prop layout (#5436)	crates/vize_atelier_dom/tests/davinci_s2_v_for_child_props.rs	crates/vize_atelier_dom/tests/davinci_s2_v_for_child_props.rs	-	semantic-review-pending	-
efb4f9bfcfe062e6725ca288d151507d801295e5	fix(davinci): gate static prop hoists by subtree facts (#5419)	crates/vize_atelier_dom/tests/davinci_s2_root_hoist.rs;crates/vize_atelier_dom/tests/davinci_s2_static_vnode_hoist.rs	crates/vize_atelier_dom/tests/davinci_s2_root_hoist.rs;crates/vize_atelier_dom/tests/davinci_s2_static_vnode_hoist.rs	-	semantic-review-pending	-
c1ac3be5abf4cfcd99c0ff837763bd8b49aa99bc	fix(davinci): skip static literal bind patch sites	crates/vize_atelier_dom/tests/davinci_s2_patch_flags_static.rs	crates/vize_atelier_dom/tests/davinci_s2_patch_flags_static.rs	-	semantic-review-pending	-
fe834c02d65360e1657ec9901fded9afddd9de3c	fix(davinci): hoist static directive children	crates/vize_atelier_dom/tests/davinci_s2_dirs.rs;crates/vize_atelier_dom/tests/davinci_s2_model.rs;crates/vize_atelier_dom/tests/davinci_s2_show.rs	crates/vize_atelier_dom/tests/davinci_s2_dirs.rs;crates/vize_atelier_dom/tests/davinci_s2_model.rs;crates/vize_atelier_dom/tests/davinci_s2_show.rs	-	semantic-review-pending	-
83e38d6a82d2b0c60cfef532c78dc09ca071ed39	fix(davinci): preserve slot helper order (#5415)	crates/vize_atelier_dom/tests/davinci_s2_helper_composition.rs	crates/vize_atelier_dom/tests/davinci_s2_helper_composition.rs	-	semantic-review-pending	-
4c8a27cae54c54780e1fcc945954388ee3b07908	fix(davinci): admit line-comment expression edges (#5399)	crates/vize_atelier_dom/tests/davinci_s2_expression_residuals.rs	crates/vize_atelier_dom/tests/davinci_s2_expression_residuals.rs	-	semantic-review-pending	-
f80bbb5d3786f5014b73da0899102a9f1f1a8826	fix(davinci): keep slot text facts aligned (#5396)	crates/vize_atelier_dom/tests/davinci_s2_text_facts.rs	crates/vize_atelier_dom/tests/davinci_s2_text_facts.rs	-	semantic-review-pending	-
b408b67c893cc8e02c38bdfaa6b9fec2a218b847	fix(davinci): admit keyed slot template forwarding (#5381)	crates/vize_atelier_dom/tests/davinci_s2_slots.rs	crates/vize_atelier_dom/tests/davinci_s2_slots.rs	-	semantic-review-pending	-
e741ff65d18a19929157a17516773863b2e87bfb	fix(davinci): admit trailing block comments in js expressions (#5391)	crates/vize_armature/src/parser/expression.rs;crates/vize_armature/tests/expression_retention.rs;crates/vize_atelier_dom/tests/davinci_s2_dom_namespace.rs	crates/vize_armature/tests/expression_retention.rs;crates/vize_atelier_dom/tests/davinci_s2_dom_namespace.rs	-	semantic-review-pending	-
16a3fc9701c9b2114c6983c3d13b206142f53918	fix(davinci): emit opaque bind and empty text edges (#5390)	crates/vize_atelier_dom/tests/davinci_s2_expression_residuals.rs	crates/vize_atelier_dom/tests/davinci_s2_expression_residuals.rs	-	semantic-review-pending	-
2c5465d94764e6688c7ab9090d78856539158ada	fix(davinci): emit component once wrappers (#5386)	crates/vize_atelier_dom/tests/davinci_s2_once.rs	crates/vize_atelier_dom/tests/davinci_s2_once.rs	-	semantic-review-pending	-
eef9f20647cad815739cc7b531b8a83b2a46104b	fix(davinci): emit if branches containing v-for (#5376)	crates/vize_atelier_dom/tests/davinci_s2_if_for.rs	crates/vize_atelier_dom/tests/davinci_s2_if_for.rs	-	semantic-review-pending	-
b67020bde3706512704d843e73389794f81af0aa	fix(davinci): match static class patch flags (#5380)	crates/vize_atelier_dom/tests/davinci_s2_static_class_patch.rs	crates/vize_atelier_dom/tests/davinci_s2_static_class_patch.rs	-	semantic-review-pending	-
481df679f494c40051ee15cb3107d52d1dd9668d	fix(davinci): harden p2-11 handler bodies (#5379)	crates/vize_atelier_dom/tests/davinci_s2_slots.rs	crates/vize_atelier_dom/tests/davinci_s2_slots.rs	-	semantic-review-pending	-
493508d535b1c7d09c881b9d758e5d6c211ab345	fix(atelier): pass prefix_identifiers through DOM codegen	crates/vize_atelier_dom/src/compile.rs;crates/vize_atelier_dom/src/tests.rs;crates/vize_atelier_sfc/src/template_tests.rs	crates/vize_atelier_dom/src/tests.rs;crates/vize_atelier_sfc/src/template_tests.rs	-	semantic-review-pending	-
ee8f222cbc429bdc0eaa0bcd69fbf84a7ac93ca9	fix(davinci): cover p2-11 event model slot residuals (#5373)	crates/vize_atelier_dom/tests/davinci_s2_colon.rs;crates/vize_atelier_dom/tests/davinci_s2_model.rs;crates/vize_atelier_dom/tests/davinci_s2_slots.rs	crates/vize_atelier_dom/tests/davinci_s2_colon.rs;crates/vize_atelier_dom/tests/davinci_s2_model.rs;crates/vize_atelier_dom/tests/davinci_s2_slots.rs	-	semantic-review-pending	-
1a717a95949be4f59b0ad43d4b00241b905fcd7c	fix(s1-to-s2): keep single nested slot wrappers default (#5363)	crates/vize_atelier_dom/tests/davinci_s2_slots.rs	crates/vize_atelier_dom/tests/davinci_s2_slots.rs	-	semantic-review-pending	-
fdaa8d16582b217d05d29dd16ff3d353dbe20b33	fix(atelier): prefix identifiers in dynamic bind and on keys (#4862)	crates/vize_atelier_core/src/codegen/props.rs;crates/vize_atelier_core/src/codegen/props/directives.rs;crates/vize_atelier_core/src/codegen/props/dynamic_arg.rs;crates/vize_atelier_core/tests/dynamic_bind_on_argument.rs	crates/vize_atelier_core/tests/dynamic_bind_on_argument.rs	-	semantic-review-pending	-
51f33120ef565542498a188bf7aa883617be73f5	fix(s1-to-s2): keep both nested slots when wrappers unwrap (#5232)	crates/vize_atelier_dom/tests/davinci_s2_slots.rs	crates/vize_atelier_dom/tests/davinci_s2_slots.rs	-	semantic-review-pending	-
5f55dc16afa28134d5c16f143602789b5619662e	fix(ricalco): emit object v-on modifiers (#5210)	crates/vize_atelier_dom/tests/davinci_s2_von.rs	crates/vize_atelier_dom/tests/davinci_s2_von.rs	-	semantic-review-pending	-
1f64c4164362e0a24239469c836d6da0b8b05807	fix(ricalco): emit object v-bind modifiers (#5208)	crates/vize_atelier_dom/tests/davinci_s2_bind_modifiers.rs	crates/vize_atelier_dom/tests/davinci_s2_bind_modifiers.rs	-	semantic-review-pending	-
712a1dc140bd140ded0d1ff40f87f80438d2509e	fix(ricalco): emit slot outlet v-on props (#5207)	crates/vize_atelier_dom/tests/davinci_s2_dynamic_von_keys.rs;crates/vize_atelier_dom/tests/davinci_s2_outlets.rs	crates/vize_atelier_dom/tests/davinci_s2_dynamic_von_keys.rs;crates/vize_atelier_dom/tests/davinci_s2_outlets.rs	-	semantic-review-pending	-
f7c31b121f56e8013b9b9b496e5bd9ec616bdf3d	fix: cover vue.show in S2 surface tests	crates/vize_atelier_core/tests/s2_support/surface_s2.rs	crates/vize_atelier_core/tests/s2_support/surface_s2.rs	-	semantic-review-pending	-
b37e8177824dc3a8fd8c8633446b6400f7f59cdf	fix(ricalco): keep siblings when nested slot templates unwrap (#5181)	crates/vize_atelier_dom/tests/davinci_s2_slots.rs	crates/vize_atelier_dom/tests/davinci_s2_slots.rs	-	semantic-review-pending	-
66532c37f63d961790d924715154ccf9ab3502b5	fix(ricalco): emit v-memo from S2 DOM (#5194)	crates/vize_atelier_dom/tests/davinci_s2_memo.rs	crates/vize_atelier_dom/tests/davinci_s2_memo.rs	-	semantic-review-pending	-
1090e7e4d8c2bfb52025751b34c9485d1bab271a	fix(ricalco): match shipped dynamic template literal keys (#5192)	crates/vize_atelier_dom/tests/davinci_s2_dynamic_bind_keys.rs;crates/vize_atelier_dom/tests/davinci_s2_dynamic_von_keys.rs	crates/vize_atelier_dom/tests/davinci_s2_dynamic_bind_keys.rs;crates/vize_atelier_dom/tests/davinci_s2_dynamic_von_keys.rs	-	semantic-review-pending	-
2f9f6bc656b1a380f7a4e85aa7643544877a9a4a	fix(ricalco): emit dynamic v-on modifiers (#5190)	crates/vize_atelier_dom/tests/davinci_s2_dynamic_von_keys.rs	crates/vize_atelier_dom/tests/davinci_s2_dynamic_von_keys.rs	-	semantic-review-pending	-
f5aa60553eb391a03f1849bd9fa6c015c4e25506	fix(ricalco): emit slot-template carriers inline (#5183)	crates/vize_atelier_dom/tests/davinci_s2_slots.rs	crates/vize_atelier_dom/tests/davinci_s2_slots.rs	-	semantic-review-pending	-
2299a2114a370278f2b7bf90cafd3d20fe6b3367	fix(ricalco): elide inert slot-template bindings	crates/vize_atelier_dom/tests/davinci_s2_slots.rs	crates/vize_atelier_dom/tests/davinci_s2_slots.rs	-	semantic-review-pending	-
3565326fe0bc86587a56d771ede54cbe8837972e	fix(ricalco): admit bare template default slots (#5011)	crates/vize_atelier_dom/tests/davinci_s2_slots.rs	crates/vize_atelier_dom/tests/davinci_s2_slots.rs	-	semantic-review-pending	-
88bf3df02f022d8d24eac03fcfbfd0e764966fe2	fix(atelier): normalize keyed v-bind branch spreads (#4997)	crates/vize_atelier_core/src/codegen/v_if/props.rs;crates/vize_atelier_core/tests/v_if_spread_order.rs	crates/vize_atelier_core/tests/v_if_spread_order.rs	-	semantic-review-pending	-
33b089ce4eb7fcd28041e59c654a54535bdebf2e	fix(fuzz): skip number-folding math in percentage-only slots in css_parse (#4981)	crates/vize_atelier_sfc/tests/css_engine_panic_boundary.rs	crates/vize_atelier_sfc/tests/css_engine_panic_boundary.rs	-	semantic-review-pending	-
f9a56d1fc0c96b7c399913788df164a5aaede676	fix(davinci): emit dynamic component model arguments (#4933)	crates/vize_atelier_core/tests/davinci_s2_transform.rs;crates/vize_atelier_core/tests/davinci_s2_transform_corpus.rs;crates/vize_atelier_core/tests/s2_support/hoist_old.rs;crates/vize_atelier_core/tests/s2_support/mod.rs;crates/vize_atelier_core/tests/s2_support/surface.rs;crates/vize_atelier_core/tests/s2_support/surface_check.rs;crates/vize_atelier_core/tests/s2_support/surface_old.rs;crates/vize_atelier_core/tests/s2_support/surface_s2.rs;crates/vize_atelier_dom/tests/davinci_s2_model.rs;crates/vize_atelier_dom/tests/davinci_s2_patch_flags.rs	crates/vize_atelier_core/tests/davinci_s2_transform.rs;crates/vize_atelier_core/tests/davinci_s2_transform_corpus.rs;crates/vize_atelier_core/tests/s2_support/hoist_old.rs;crates/vize_atelier_core/tests/s2_support/mod.rs;crates/vize_atelier_core/tests/s2_support/surface.rs;crates/vize_atelier_core/tests/s2_support/surface_check.rs;crates/vize_atelier_core/tests/s2_support/surface_old.rs;crates/vize_atelier_core/tests/s2_support/surface_s2.rs;crates/vize_atelier_dom/tests/davinci_s2_model.rs;crates/vize_atelier_dom/tests/davinci_s2_patch_flags.rs	-	semantic-review-pending	-
d90622c5d92adcffc2d961be6d3cb7850d486a32	fix(davinci): elide static attrs on slot templates (#4931)	crates/vize_atelier_dom/tests/davinci_s2_slots.rs	crates/vize_atelier_dom/tests/davinci_s2_slots.rs	-	semantic-review-pending	-
891e631710c5c007ebb615c22693c3bb9ac4b627	fix(davinci): mirror slot outlet same-name names (#4921)	crates/vize_atelier_dom/tests/davinci_s2_outlets.rs	crates/vize_atelier_dom/tests/davinci_s2_outlets.rs	-	semantic-review-pending	-
59b76d9a0b6be0e98ab033d1315a809c958c2bbc	fix(davinci): preserve vue2 filter helper order (#4919)	crates/vize_atelier_dom/tests/davinci_s2_patch_flags.rs	crates/vize_atelier_dom/tests/davinci_s2_patch_flags.rs	-	semantic-review-pending	-
5a3fbc007703472d5e5b50146f4cc47a070d4b5c	fix(fuzz): bound prefix operator runs (#4787)	crates/vize_atelier_core/tests/fuzz_slow_unit_js_ts_expression_4743.rs	crates/vize_atelier_core/tests/fuzz_slow_unit_js_ts_expression_4743.rs	-	semantic-review-pending	-
c1a804a55451a84d6ce6ef64c07cf84dd6c3f965	fix(croquis): delete identifier byte scanner	crates/vize_croquis/src/drawer/helpers/identifiers.rs;crates/vize_croquis/src/drawer/helpers/identifiers/ast.rs;crates/vize_croquis/src/drawer/helpers/identifiers/ast/walk.rs;crates/vize_croquis/src/drawer/helpers/identifiers/ast/walk/assignment_target.rs;crates/vize_croquis/src/drawer/helpers/identifiers/ast/walk/statement.rs;crates/vize_croquis/src/drawer/helpers/identifiers/fast.rs;crates/vize_croquis/src/drawer/helpers/identifiers/tests.rs	crates/vize_croquis/src/drawer/helpers/identifiers/tests.rs	-	semantic-review-pending	-
ca95ba9be51a2a8bf3a148a392ef85fc8c6d8908	fix(croquis): walk statement handler identifiers (#4765)	crates/vize_croquis/src/drawer/helpers/identifiers.rs;crates/vize_croquis/src/drawer/helpers/identifiers/slow.rs;crates/vize_croquis/src/drawer/helpers/identifiers/slow/walk.rs;crates/vize_croquis/src/drawer/helpers/identifiers/slow/walk/statement.rs;crates/vize_croquis/src/drawer/helpers/identifiers/tests.rs	crates/vize_croquis/src/drawer/helpers/identifiers/tests.rs	-	semantic-review-pending	-
571da98196b0fbdcb6e3e5645cf8889b98d8ff93	fix(croquis): walk assignment targets for identifiers (#4762)	crates/vize_croquis/src/drawer/helpers/identifiers/slow/walk.rs;crates/vize_croquis/src/drawer/helpers/identifiers/slow/walk/assignment_target.rs;crates/vize_croquis/src/drawer/helpers/identifiers/tests.rs	crates/vize_croquis/src/drawer/helpers/identifiers/tests.rs	-	semantic-review-pending	-
8ab913e8d771cb6762760bffdcb59582f8645e03	fix(maestro): anchor fallthrough diagnostics in templates (#4635)	crates/vize_croquis/src/croquis/summary.rs;crates/vize_croquis/src/croquis/summary_template_tests.rs;crates/vize_croquis/src/croquis/template.rs	crates/vize_croquis/src/croquis/summary_template_tests.rs	-	semantic-review-pending	-
f03ac64a96573598f46202d61e116cabcc0b62d8	fix(fuzz): guard cumulative type-angle segments (#4625)	crates/vize_atelier_core/tests/fuzz_slow_unit_js_ts_expression_4618.rs	crates/vize_atelier_core/tests/fuzz_slow_unit_js_ts_expression_4618.rs	-	semantic-review-pending	-
0c5b558d71929c26f5b0189ca6a44adee1da0ecb	fix(croquis): ignore numeric literal tails (#4604)	crates/vize_croquis/src/drawer/helpers/identifiers/fast.rs;crates/vize_croquis/src/drawer/helpers/identifiers/tests.rs	crates/vize_croquis/src/drawer/helpers/identifiers/tests.rs	-	semantic-review-pending	-
36cea242982dcc54da2728ee896df3d06e3c4c48	fix(canon): anchor fallthrough diagnostics to template (#4594)	crates/vize_croquis/src/drawer/template.rs	-	-	semantic-review-pending	-
caa47e68387268e33d9824544a7e42e04957f434	fix(vite-plugin): resolve indexed access prop runtime types (#4540)	crates/vize_atelier_sfc/src/compile/tests/define_props_regressions.rs;crates/vize_atelier_sfc/src/compile_script/props/ast_resolve.rs;crates/vize_atelier_sfc/src/compile_script/props/ast_resolve/indexed_access.rs;crates/vize_atelier_sfc/src/compile_script/props/ast_resolve/runtime_type_combine.rs;crates/vize_atelier_sfc/src/compile_script/props/runtime_type.rs;crates/vize_atelier_sfc/src/compile_script/props/tests.rs;crates/vize_atelier_sfc/tests/indexed_access_props.rs	crates/vize_atelier_sfc/src/compile/tests/define_props_regressions.rs;crates/vize_atelier_sfc/src/compile_script/props/tests.rs;crates/vize_atelier_sfc/tests/indexed_access_props.rs	-	semantic-review-pending	-
ceb0fda9c18ed6e40db71a2c582e9fe10950a43a	fix(vite-plugin): prefer imports for component tags (#4538)	crates/vize_atelier_core/src/codegen/component_binding.rs;crates/vize_atelier_sfc/tests/component_tag_binding.rs;crates/vize_atelier_sfc/tests/snapshots/component_tag_binding__script_setup_module_component_tag_prefers_import_over_same_name_prop.snap	crates/vize_atelier_sfc/tests/component_tag_binding.rs;crates/vize_atelier_sfc/tests/snapshots/component_tag_binding__script_setup_module_component_tag_prefers_import_over_same_name_prop.snap	compiler/sfc/imported-component-before-prop@crates/vize_atelier_sfc/tests/fixtures/fix-history/next-provenance.json	fixture-linked;target-and-semantic-review-pending	-
63c2154fc7aecddd4d6596da820df6d1a7d1f5e5	fix(vite-plugin): resolve picked props in intersections (#4537)	crates/vize_atelier_sfc/src/script/type_resolution.rs;crates/vize_atelier_sfc/tests/imported_pick_intersection_props.rs;crates/vize_atelier_sfc/tests/snapshots/imported_pick_intersection_props__with_defaults_resolves_imported_pick_from_intersection_type.snap	crates/vize_atelier_sfc/tests/imported_pick_intersection_props.rs;crates/vize_atelier_sfc/tests/snapshots/imported_pick_intersection_props__with_defaults_resolves_imported_pick_from_intersection_type.snap	-	semantic-review-pending	-
b01f36701cd90e7e7968457e28440b01570f7957	fix(vite-plugin): mark dynamic refs in loops (#4536)	crates/vize_atelier_core/src/codegen/props/directives.rs;crates/vize_atelier_dom/tests/dynamic_template_ref.rs;crates/vize_atelier_dom/tests/snapshots/dynamic_template_ref__dynamic_ref_in_v_for_emits_ref_for.snap;crates/vize_atelier_jsx/tests/snapshots/babel_compat_oracle__babel_compat__props.snap;crates/vize_atelier_sfc/tests/dynamic_template_ref.rs;crates/vize_atelier_sfc/tests/snapshots/dynamic_template_ref__module_mode_marks_dynamic_refs_in_v_for_as_ref_for.snap	crates/vize_atelier_dom/tests/dynamic_template_ref.rs;crates/vize_atelier_dom/tests/snapshots/dynamic_template_ref__dynamic_ref_in_v_for_emits_ref_for.snap;crates/vize_atelier_jsx/tests/snapshots/babel_compat_oracle__babel_compat__props.snap;crates/vize_atelier_sfc/tests/dynamic_template_ref.rs;crates/vize_atelier_sfc/tests/snapshots/dynamic_template_ref__module_mode_marks_dynamic_refs_in_v_for_as_ref_for.snap	compiler/sfc/dynamic-loop-ref-for@crates/vize_atelier_sfc/tests/fixtures/fix-history/next-provenance.json	fixture-linked;target-and-semantic-review-pending	-
7c3e5e3de9c89c6679f59099f6d8d636814ebe85	fix(vite-plugin): keep bare emits on public proxy (#4535)	crates/vize_atelier_sfc/src/compile.rs;crates/vize_atelier_sfc/tests/module_mode_setup_bindings.rs;crates/vize_atelier_sfc/tests/snapshots/module_mode_setup_bindings__module_mode_keeps_bare_define_emits_on_the_public_instance_proxy.snap	crates/vize_atelier_sfc/tests/module_mode_setup_bindings.rs;crates/vize_atelier_sfc/tests/snapshots/module_mode_setup_bindings__module_mode_keeps_bare_define_emits_on_the_public_instance_proxy.snap	-	semantic-review-pending	-
708c64e8ff932ae9d7573b3498f4cfe656691931	fix(maestro): harden component prop references (#4533)	crates/vize_croquis/src/types/props.rs;crates/vize_croquis/src/types/props/members.rs;crates/vize_croquis/src/types/tests.rs	crates/vize_croquis/src/types/tests.rs	-	semantic-review-pending	-
4bd6ca589ee3ee07d58fdbc721f0ebb076fd3aa4	fix(maestro): bound component prop reference fanout (#4532)	crates/vize_croquis/src/types/props.rs;crates/vize_croquis/src/types/tests.rs	crates/vize_croquis/src/types/tests.rs	-	semantic-review-pending	-
01cea15d55f94f9d0cba6ccb36b6cd2489e94e90	fix(atelier): preserve imported prop defaults	crates/vize_atelier_sfc/src/compile_script/inline/compiler.rs;crates/vize_atelier_sfc/src/compile_script/inline/compiler/body.rs;crates/vize_atelier_sfc/src/compile_script/inline/compiler/model.rs;crates/vize_atelier_sfc/src/compile_script/inline/compiler/props.rs;crates/vize_atelier_sfc/src/compile_script/props.rs;crates/vize_atelier_sfc/src/compile_script/props/defaults.rs;crates/vize_atelier_sfc/tests/imported_prop_defaults.rs;crates/vize_atelier_sfc/tests/snapshots/imported_prop_defaults__imported_with_defaults_expression_reaches_runtime_prop_options.snap	crates/vize_atelier_sfc/tests/imported_prop_defaults.rs;crates/vize_atelier_sfc/tests/snapshots/imported_prop_defaults__imported_with_defaults_expression_reaches_runtime_prop_options.snap	-	semantic-review-pending	-
0d704f543da04637e5697e9bc50757f7e8e1ac28	fix(vite): preserve module setup bindings (#4517)	crates/vize_atelier_sfc/src/compile.rs;crates/vize_atelier_sfc/src/compile/entry.rs;crates/vize_atelier_sfc/src/compile_script/inline/compiler/body.rs;crates/vize_atelier_sfc/src/compile_script/inline/compiler/render.rs;crates/vize_atelier_sfc/src/lib.rs;crates/vize_atelier_sfc/src/types.rs;crates/vize_atelier_sfc/tests/module_mode_setup_bindings.rs;crates/vize_atelier_sfc/tests/snapshots/module_mode_setup_bindings__module_mode_omits_imports_used_only_in_types.snap;crates/vize_atelier_sfc/tests/snapshots/module_mode_setup_bindings__module_mode_returns_script_setup_bindings_for_the_public_instance_proxy.snap	crates/vize_atelier_sfc/tests/module_mode_setup_bindings.rs;crates/vize_atelier_sfc/tests/snapshots/module_mode_setup_bindings__module_mode_omits_imports_used_only_in_types.snap;crates/vize_atelier_sfc/tests/snapshots/module_mode_setup_bindings__module_mode_returns_script_setup_bindings_for_the_public_instance_proxy.snap	-	semantic-review-pending	-
3d630bd8b30cfbcf4f7e4770cac7162d502b1b7c	fix(native): resolve imported runtime prop keys in SFC compile (#4521)	crates/vize_atelier_sfc/src/script/context/external_types/resolution.rs;crates/vize_atelier_sfc/src/script/context/external_types/resolution_tests.rs;crates/vize_atelier_sfc/tests/snapshots/workspace_prop_types__define_props_extends_unbuilt_workspace_package_source_interface.snap;crates/vize_atelier_sfc/tests/workspace_prop_types.rs	crates/vize_atelier_sfc/src/script/context/external_types/resolution_tests.rs;crates/vize_atelier_sfc/tests/snapshots/workspace_prop_types__define_props_extends_unbuilt_workspace_package_source_interface.snap;crates/vize_atelier_sfc/tests/workspace_prop_types.rs	-	semantic-review-pending	-
fb3beaf2485bf873a6f0ee965db839f88f9ae2cb	fix(native): emit parseable component meta for generic props (#4520)	crates/vize_croquis/src/declaration_ts.rs;crates/vize_croquis/tests/declaration_ts.rs;crates/vize_croquis/tests/snapshots/declaration_ts__benchmark_generic_prop_declaration.snap;crates/vize_croquis/tests/snapshots/declaration_ts__function_typed_prop_declaration.snap	crates/vize_croquis/tests/declaration_ts.rs;crates/vize_croquis/tests/snapshots/declaration_ts__benchmark_generic_prop_declaration.snap;crates/vize_croquis/tests/snapshots/declaration_ts__function_typed_prop_declaration.snap	-	semantic-review-pending	-
8765b1dd32ab519a1f6974f3ba93b3737deeb5f1	fix(atelier): quote v-once prop keys (#4512)	crates/vize_atelier_core/src/codegen/element/v_once.rs;crates/vize_atelier_core/tests/snapshots/v_once_prop_keys__v_once_quotes_non_identifier_prop_keys_and_emits_parseable_javascript.snap;crates/vize_atelier_core/tests/v_once_prop_keys.rs	crates/vize_atelier_core/tests/snapshots/v_once_prop_keys__v_once_quotes_non_identifier_prop_keys_and_emits_parseable_javascript.snap;crates/vize_atelier_core/tests/v_once_prop_keys.rs	-	semantic-review-pending	-
466fa30950232f6740c2d9abf7b604a23775ed81	fix(atelier): retain custom directive patch targets (#4514)	crates/vize_atelier_core/src/codegen/patch_flag.rs;crates/vize_atelier_sfc/tests/custom_directive_patch_flag.rs;crates/vize_atelier_sfc/tests/snapshots/custom_directive_patch_flag__built_in_v_show_with_children_runtime_path.snap;crates/vize_atelier_sfc/tests/snapshots/custom_directive_patch_flag__custom_directive_with_children_need_patch.snap	crates/vize_atelier_sfc/tests/custom_directive_patch_flag.rs;crates/vize_atelier_sfc/tests/snapshots/custom_directive_patch_flag__built_in_v_show_with_children_runtime_path.snap;crates/vize_atelier_sfc/tests/snapshots/custom_directive_patch_flag__custom_directive_with_children_need_patch.snap	compiler/sfc/custom-directive-child-patch@crates/vize_atelier_sfc/tests/fixtures/fix-history/next-provenance.json	fixture-linked;target-and-semantic-review-pending	-
54c7fac0049a4a664ef5a5cb973394313e709b17	fix(atelier): resolve dynamic slot setup bindings (#4513)	crates/vize_atelier_core/src/codegen/slots/generate.rs;crates/vize_atelier_sfc/tests/dynamic_slot_setup_binding.rs	crates/vize_atelier_sfc/tests/dynamic_slot_setup_binding.rs	-	semantic-review-pending	-
cf759a1ee4e6f2c557f87a892a85112960ca65d9	fix(canon): enforce strict fallthrough attributes (#4491)	crates/vize_croquis/src/drawer/tests/script.rs;crates/vize_croquis/src/script_parser/extract/macros.rs;crates/vize_croquis/src/script_parser/process/options_api.rs;crates/vize_croquis/src/script_parser/process/options_api/inherit_attrs.rs;crates/vize_croquis/src/script_parser/result.rs;crates/vize_croquis/src/script_parser/snapshots/vize_croquis__script_parser__tests__parse_imports.snap;crates/vize_croquis/src/script_parser/snapshots/vize_croquis__script_parser__tests__parse_reactivity.snap	crates/vize_croquis/src/drawer/tests/script.rs;crates/vize_croquis/src/script_parser/snapshots/vize_croquis__script_parser__tests__parse_imports.snap;crates/vize_croquis/src/script_parser/snapshots/vize_croquis__script_parser__tests__parse_reactivity.snap	-	semantic-review-pending	-
8ab7fd93f0072880f46ea7fce8ac9f998922feed	fix(canon): type slot outlet payloads (#4495)	crates/vize_croquis/src/drawer/helpers.rs;crates/vize_croquis/src/drawer/helpers/slots.rs;crates/vize_croquis/src/drawer/helpers/slots/slot_props.rs;crates/vize_croquis/src/drawer/template.rs;crates/vize_croquis/src/drawer/template/legacy_vue2_tests.rs;crates/vize_croquis/src/drawer/template/slot_scope_tests.rs;crates/vize_croquis/src/drawer/template/visit_element/first_pass.rs;crates/vize_croquis/src/drawer/template/visit_element/scopes.rs;crates/vize_croquis/src/drawer/template/visit_element/v_for_scope.rs	crates/vize_croquis/src/drawer/template/legacy_vue2_tests.rs;crates/vize_croquis/src/drawer/template/slot_scope_tests.rs	-	semantic-review-pending	-
67dc97e8ab5c0d96697e3b8e0f04aa1678ccc14f	fix(canon): check dynamic component props (#4494)	crates/vize_croquis/src/drawer/template/components.rs;crates/vize_croquis/src/drawer/template/tests.rs;crates/vize_croquis/src/drawer/template/tests/dynamic_component_props.rs;crates/vize_croquis/src/drawer/template/visit_element.rs;crates/vize_croquis/src/drawer/template/visit_element/second_pass.rs	crates/vize_croquis/src/drawer/template/tests.rs;crates/vize_croquis/src/drawer/template/tests/dynamic_component_props.rs	-	semantic-review-pending	-
08db7132a3fb81a618e2111c055fbc285bd4b86c	fix(canon): support defineModel modifier tuples (#4488)	crates/vize_atelier_sfc/src/compile/snapshots/vize_atelier_sfc__compile__tests__define_model_array_destructure.snap;crates/vize_atelier_sfc/src/script/define_model_metadata.rs;crates/vize_croquis/src/drawer/template/components.rs;crates/vize_croquis/src/drawer/tests/snapshots/vize_croquis__drawer__tests__script__drawer_script_bindings.snap;crates/vize_croquis/src/macros.rs;crates/vize_croquis/src/macros/tracker.rs;crates/vize_croquis/src/script_parser/emits_ranges_tests.rs;crates/vize_croquis/src/script_parser/extract/macros.rs;crates/vize_croquis/src/script_parser/process/macros.rs;crates/vize_croquis/src/script_parser/process/macros/define_model_destructure.rs;crates/vize_croquis/src/script_parser/snapshots/vize_croquis__script_parser__tests__parse_imports.snap;crates/vize_croquis/src/script_parser/snapshots/vize_croquis__script_parser__tests__parse_reactivity.snap	crates/vize_atelier_sfc/src/compile/snapshots/vize_atelier_sfc__compile__tests__define_model_array_destructure.snap;crates/vize_croquis/src/drawer/tests/snapshots/vize_croquis__drawer__tests__script__drawer_script_bindings.snap;crates/vize_croquis/src/script_parser/emits_ranges_tests.rs;crates/vize_croquis/src/script_parser/snapshots/vize_croquis__script_parser__tests__parse_imports.snap;crates/vize_croquis/src/script_parser/snapshots/vize_croquis__script_parser__tests__parse_reactivity.snap	-	semantic-review-pending	-
9a6dbdcfcfb33681ef5a310e841d73d6dd3e9875	fix(canon): infer Object runtime props as Record<string, any> (#4451)	crates/vize_croquis/src/drawer/template/snapshots/vize_croquis__drawer__template__tests__vif_guard_in_template.snap;crates/vize_croquis/src/drawer/tests/snapshots/vize_croquis__drawer__tests__snapshots__full_croquis_snapshot.snap;crates/vize_croquis/src/drawer/tests/snapshots/vize_croquis__drawer__tests__snapshots__props_emits_snapshot.snap;crates/vize_croquis/src/drawer/tests/snapshots/vize_croquis__drawer__tests__snapshots__provide_inject_snapshot.snap;crates/vize_croquis/src/drawer/tests/snapshots/vize_croquis__drawer__tests__snapshots__vif_guard_in_template.snap;crates/vize_croquis/src/scope/chain/snapshots/vize_croquis__scope__chain__tests__scope_chain_structure.snap;crates/vize_croquis/src/scope/chain/snapshots/vize_croquis__scope__chain__tests__snapshot_binding_types.snap;crates/vize_croquis/src/scope/chain/snapshots/vize_croquis__scope__chain__tests__snapshot_complex_nested_scopes.snap;crates/vize_croquis/src/scope/chain/snapshots/vize_croquis__scope__chain__tests__snapshot_scope_transitions.snap;crates/vize_croquis/src/script_parser/extract/props.rs;crates/vize_croquis/src/snapshots/vize_croquis__virtual_ts__tests__compiler_macros_are_scoped.snap;crates/vize_croquis/src/snapshots/vize_croquis__virtual_ts__tests__extracts_generic_from_scope_chain.snap;crates/vize_croquis/src/snapshots/vize_croquis__virtual_ts__tests__generate_script_setup.snap;crates/vize_croquis/src/snapshots/vize_croquis__virtual_ts__tests__generate_with_croquis.snap;crates/vize_croquis/src/snapshots/vize_croquis__virtual_ts__tests__snapshot_async_setup.snap;crates/vize_croquis/src/snapshots/vize_croquis__virtual_ts__tests__snapshot_full_sfc.snap;crates/vize_croquis/src/snapshots/vize_croquis__virtual_ts__tests__snapshot_generic_setup.snap;crates/vize_croquis/src/snapshots/vize_croquis__virtual_ts__tests__snapshot_script_setup_output.snap;crates/vize_croquis/src/virtual_ts/generator/script.rs	crates/vize_croquis/src/drawer/template/snapshots/vize_croquis__drawer__template__tests__vif_guard_in_template.snap;crates/vize_croquis/src/drawer/tests/snapshots/vize_croquis__drawer__tests__snapshots__full_croquis_snapshot.snap;crates/vize_croquis/src/drawer/tests/snapshots/vize_croquis__drawer__tests__snapshots__props_emits_snapshot.snap;crates/vize_croquis/src/drawer/tests/snapshots/vize_croquis__drawer__tests__snapshots__provide_inject_snapshot.snap;crates/vize_croquis/src/drawer/tests/snapshots/vize_croquis__drawer__tests__snapshots__vif_guard_in_template.snap;crates/vize_croquis/src/scope/chain/snapshots/vize_croquis__scope__chain__tests__scope_chain_structure.snap;crates/vize_croquis/src/scope/chain/snapshots/vize_croquis__scope__chain__tests__snapshot_binding_types.snap;crates/vize_croquis/src/scope/chain/snapshots/vize_croquis__scope__chain__tests__snapshot_complex_nested_scopes.snap;crates/vize_croquis/src/scope/chain/snapshots/vize_croquis__scope__chain__tests__snapshot_scope_transitions.snap;crates/vize_croquis/src/snapshots/vize_croquis__virtual_ts__tests__compiler_macros_are_scoped.snap;crates/vize_croquis/src/snapshots/vize_croquis__virtual_ts__tests__extracts_generic_from_scope_chain.snap;crates/vize_croquis/src/snapshots/vize_croquis__virtual_ts__tests__generate_script_setup.snap;crates/vize_croquis/src/snapshots/vize_croquis__virtual_ts__tests__generate_with_croquis.snap;crates/vize_croquis/src/snapshots/vize_croquis__virtual_ts__tests__snapshot_async_setup.snap;crates/vize_croquis/src/snapshots/vize_croquis__virtual_ts__tests__snapshot_full_sfc.snap;crates/vize_croquis/src/snapshots/vize_croquis__virtual_ts__tests__snapshot_generic_setup.snap;crates/vize_croquis/src/snapshots/vize_croquis__virtual_ts__tests__snapshot_script_setup_output.snap	-	semantic-review-pending	-
2a8aa54e2ef23c41b29f979dfec3f47826b2896f	fix(atelier): reject malformed escaped type-angle fuzz units (#4393)	crates/vize_atelier_core/src/transforms/transform_expression/nesting.rs;crates/vize_atelier_core/src/transforms/transform_expression/nesting/scan.rs;crates/vize_atelier_core/tests/expression_nesting_guard_type_angles.rs;crates/vize_atelier_core/tests/fuzz_slow_unit_js_ts_expression_3712.rs;crates/vize_atelier_core/tests/fuzz_slow_unit_js_ts_expression_4374.rs	crates/vize_atelier_core/tests/expression_nesting_guard_type_angles.rs;crates/vize_atelier_core/tests/fuzz_slow_unit_js_ts_expression_3712.rs;crates/vize_atelier_core/tests/fuzz_slow_unit_js_ts_expression_4374.rs	-	semantic-review-pending	-
33e2b3b328a9d762c4853324f129579bccbb905a	fix(real-project): make element-plus lint evidence comparable (#4373)	crates/vize_croquis/src/drawer/helpers/identifiers/fast.rs;crates/vize_croquis/src/drawer/helpers/identifiers/tests.rs	crates/vize_croquis/src/drawer/helpers/identifiers/tests.rs	-	semantic-review-pending	-
bb11a7637f6f097f421475e03d011a1b66dc1a6f	fix(vite): honor plugin-vue parity options (#4260)	crates/vize_atelier_sfc/src/compile.rs;crates/vize_atelier_sfc/src/compile/template_only.rs;crates/vize_atelier_sfc/src/compile_template.rs	-	-	semantic-review-pending	-
07ab61c40bcb1a8c2f7c8efc7c5f4afa0f68d3b7	fix(croquis): keep wrapped imports whole in virtual TypeScript (#4162)	crates/vize_croquis/src/virtual_ts/generator/script.rs;crates/vize_croquis/src/virtual_ts/generator/script/import_scan.rs;crates/vize_croquis/src/virtual_ts/generator/script/import_scan/context.rs;crates/vize_croquis/src/virtual_ts/generator/script/import_scan/tests.rs	crates/vize_croquis/src/virtual_ts/generator/script/import_scan/tests.rs	-	semantic-review-pending	-
cd8e92e1828a361a7b7b30bcd0e70d5cae05770a	fix(atelier): clamp skip_quoted's cursor before slicing in the comment rewriter (#3951)	crates/vize_atelier_core/src/codegen/expression/comment_rewrite.rs	-	-	semantic-review-pending	-
2c694c62a7f3d294cd7bd2d49fee9c3161eee9a6	fix(vite): only rewrite fully static src values into asset imports (#3949)	crates/vize_atelier_sfc/src/vite_plugin/transform.rs;crates/vize_atelier_sfc/src/vite_plugin/transform/tests.rs	crates/vize_atelier_sfc/src/vite_plugin/transform/tests.rs	-	semantic-review-pending	-
c8ecde5a186e0b4454837cc0fec3b9e7ee5e23e8	fix(atelier): hoist literal consts by top-level span, not by line-matched name (#3948)	crates/vize_atelier_sfc/src/compile/snapshots/vize_atelier_sfc__compile__tests__script_setup_multiline_type_annotation_hoists_intact.snap;crates/vize_atelier_sfc/src/compile/tests.rs;crates/vize_atelier_sfc/src/compile_script/inline.rs;crates/vize_atelier_sfc/src/compile_script/inline/compiler/hoist.rs;crates/vize_atelier_sfc/src/compile_script/inline/const_hoist_tests.rs;crates/vize_atelier_sfc/src/compile_script/inline/helpers.rs	crates/vize_atelier_sfc/src/compile/snapshots/vize_atelier_sfc__compile__tests__script_setup_multiline_type_annotation_hoists_intact.snap;crates/vize_atelier_sfc/src/compile/tests.rs;crates/vize_atelier_sfc/src/compile_script/inline/const_hoist_tests.rs	-	semantic-review-pending	-
91ad9607aa0e2fa98083a41503b60ab5f72d6884	fix(atelier): lex regex literals before rewriting line comments in render output (#3947)	crates/vize_atelier_core/src/codegen/expression.rs;crates/vize_atelier_core/src/codegen/expression/comment_rewrite.rs;crates/vize_atelier_core/src/codegen/expression/helpers.rs;crates/vize_atelier_core/src/transforms/transform_expression.rs;crates/vize_atelier_core/src/transforms/transform_expression/nesting.rs;crates/vize_atelier_core/src/transforms/transform_expression/nesting/scan.rs	-	-	semantic-review-pending	-
31eecf0427b56b8221290e16ec73022d73633f9b	fix(canon/maestro): a v-for alias hovers as its const at the declaration too (#3909)	crates/vize_croquis/src/drawer/template/visit_element/v_for_scope.rs	-	-	semantic-review-pending	-
df5f983399f7e1b9805ce76754b95d3ddfaca7d6	fix(core): treat a line-terminated regex as unterminated too (#3876)	crates/vize_atelier_core/src/transforms/transform_expression/nesting.rs;crates/vize_atelier_core/src/transforms/transform_expression/nesting/scan.rs;crates/vize_atelier_core/tests/expression_guard_regex.rs	crates/vize_atelier_core/tests/expression_guard_regex.rs	-	semantic-review-pending	-
3df0fc3cb04fe7f5c7cf7102c2307b996a86e284	fix(core): do not skip an unterminated regex literal (#3874)	crates/vize_atelier_core/src/transforms/transform_expression/nesting.rs;crates/vize_atelier_core/src/transforms/transform_expression/nesting/scan.rs;crates/vize_atelier_core/tests/expression_guard_regex.rs	crates/vize_atelier_core/tests/expression_guard_regex.rs	-	semantic-review-pending	-
95c6b9a0195a6d8fcdea38b6f34bf967f1b8f51c	fix(core): treat a slash after a type-argument close as division (#3867)	crates/vize_atelier_core/src/transforms/transform_expression/nesting.rs;crates/vize_atelier_core/tests/expression_nesting_guard.rs	crates/vize_atelier_core/tests/expression_nesting_guard.rs	-	semantic-review-pending	-
d05141f8c89a38098acaaeb0b590a7553f66a3fb	fix(jsx): declare destructured props on the generated wrapper (#3866)	crates/vize_atelier_jsx/src/compile/render_exports.rs;crates/vize_atelier_jsx/src/finder.rs;crates/vize_atelier_jsx/src/finder/signature.rs;crates/vize_atelier_jsx/src/lib.rs;crates/vize_atelier_jsx/tests/module_props.rs;crates/vize_atelier_jsx/tests/snapshots/module_code__tsx_component_keeps_destructured_props_signature_bindings.snap	crates/vize_atelier_jsx/tests/module_props.rs;crates/vize_atelier_jsx/tests/snapshots/module_code__tsx_component_keeps_destructured_props_signature_bindings.snap	-	semantic-review-pending	-
3348e55132f670916eae7b71c5285f9fdac87f0f	fix(jsx): keep async component functions awaitable in setup() (#3862)	crates/vize_atelier_jsx/src/compile/render_exports.rs;crates/vize_atelier_jsx/src/finder.rs;crates/vize_atelier_jsx/src/lib.rs;crates/vize_atelier_jsx/tests/module_code.rs	crates/vize_atelier_jsx/tests/module_code.rs	-	semantic-review-pending	-
4010fbbe1bd570a9ac2a628feb21a6cd9b4b54d0	fix(jsx): forward component parameters into generated setup() (#3859)	crates/vize_atelier_jsx/src/compile/render_exports.rs;crates/vize_atelier_jsx/src/finder.rs;crates/vize_atelier_jsx/src/lib.rs;crates/vize_atelier_jsx/tests/compile.rs;crates/vize_atelier_jsx/tests/module_code.rs;crates/vize_atelier_jsx/tests/snapshots/module_code__tsx_component_keeps_destructured_props_signature_bindings.snap	crates/vize_atelier_jsx/tests/compile.rs;crates/vize_atelier_jsx/tests/module_code.rs;crates/vize_atelier_jsx/tests/snapshots/module_code__tsx_component_keeps_destructured_props_signature_bindings.snap	-	semantic-review-pending	-
f17e0a7b13709c4fb6384e9469d1d700c475dc3c	fix(fuzz): skip the upstream OXC pure-comment assertion (#3855)	crates/vize_atelier_core/tests/upstream_pure_comment_assertion.rs	crates/vize_atelier_core/tests/upstream_pure_comment_assertion.rs	-	semantic-review-pending	-
88fcf50776defe1e33b58a69f4161d57cea5b0b6	fix(atelier): resolve wildcard exports types entries (#3843)	crates/vize_atelier_sfc/src/script/context/external_types/exports_patterns.rs;crates/vize_atelier_sfc/src/script/context/external_types/resolution.rs;crates/vize_atelier_sfc/src/script/context/external_types/resolution_tests.rs	crates/vize_atelier_sfc/src/script/context/external_types/resolution_tests.rs	-	semantic-review-pending	-
ffa3b2664eecf398f263bfc89dab72fa00bd547c	fix(atelier): prefer package exports types over legacy field (#3840)	crates/vize_atelier_sfc/src/script/context/external_types/resolution.rs;crates/vize_atelier_sfc/src/script/context/external_types/resolution_tests.rs	crates/vize_atelier_sfc/src/script/context/external_types/resolution_tests.rs	-	semantic-review-pending	-
84b76a372057549964abd0faf4ab61393008db53	fix(atelier): resolve declaration barrel prop types (#3837)	crates/vize_atelier_sfc/src/compile/tests/define_props_regressions.rs;crates/vize_atelier_sfc/src/script/context/external_types.rs;crates/vize_atelier_sfc/src/script/context/external_types/resolution.rs;crates/vize_atelier_sfc/src/script/context/external_types/resolution_tests.rs	crates/vize_atelier_sfc/src/compile/tests/define_props_regressions.rs;crates/vize_atelier_sfc/src/script/context/external_types/resolution_tests.rs	-	semantic-review-pending	-
04aedfb8e8b41dfae89fe65256e2703fc3718cf3	fix(canon): map v-for source diagnostics (#3818)	crates/vize_croquis/src/drawer/template/directives/control_flow.rs;crates/vize_croquis/src/drawer/template/visit_element/first_pass.rs;crates/vize_croquis/src/drawer/template/visit_element/scopes.rs;crates/vize_croquis/src/drawer/template/visit_element/v_for_scope.rs;crates/vize_croquis/src/scope/chain.rs;crates/vize_croquis/src/scope/chain/v_for_offsets.rs	-	-	semantic-review-pending	-
ec660a80795c4853c723f71fc5cfe0c028deb987	fix(canon): preserve Vue 2.7 static value objects (#3815)	crates/vize_croquis/src/script_parser.rs;crates/vize_croquis/src/script_parser/binding_classification_tests.rs;crates/vize_croquis/src/script_parser/process/bindings.rs;crates/vize_croquis/src/script_parser/process/macros.rs	crates/vize_croquis/src/script_parser/binding_classification_tests.rs	-	semantic-review-pending	-
7c5c7282989291cf92c3e3546a5c56e24eeb92d5	fix(atelier): keep a lone spread in SSR component props (#3737)	crates/vize_atelier_sfc/tests/component_spread_props.rs;crates/vize_atelier_ssr/src/codegen/element/component_props.rs;crates/vize_atelier_ssr/tests/component_spread_props.rs	crates/vize_atelier_sfc/tests/component_spread_props.rs;crates/vize_atelier_ssr/tests/component_spread_props.rs	-	semantic-review-pending	-
8e9c10e189c1a576fe034ebcd8561be87a4a15c9	fix(atelier): forward static template v-slots in Babel mode (#3734)	crates/vize_atelier_jsx/src/compile.rs;crates/vize_atelier_jsx/src/lower.rs;crates/vize_atelier_jsx/src/lower/v_slots.rs;crates/vize_atelier_jsx/tests/BABEL_COMPAT_INVENTORY.md;crates/vize_atelier_jsx/tests/babel_compat/fixtures/babel-output.json;crates/vize_atelier_jsx/tests/babel_compat/fixtures/corpus.json;crates/vize_atelier_jsx/tests/babel_compat/verdicts.rs;crates/vize_atelier_jsx/tests/babel_compat_oracle.rs;crates/vize_atelier_jsx/tests/babel_v_slots.rs;crates/vize_atelier_jsx/tests/snapshots/babel_compat_oracle__babel_compat__errors.snap	crates/vize_atelier_jsx/tests/BABEL_COMPAT_INVENTORY.md;crates/vize_atelier_jsx/tests/babel_compat/fixtures/babel-output.json;crates/vize_atelier_jsx/tests/babel_compat/fixtures/corpus.json;crates/vize_atelier_jsx/tests/babel_compat/verdicts.rs;crates/vize_atelier_jsx/tests/babel_compat_oracle.rs;crates/vize_atelier_jsx/tests/babel_v_slots.rs;crates/vize_atelier_jsx/tests/snapshots/babel_compat_oracle__babel_compat__errors.snap	-	semantic-review-pending	-
7302f72156089f035aa6197deec7dff85c37556e	fix(atelier): lower dynamic JSX v-model arguments (#3731)	crates/vize_atelier_core/src/codegen/props.rs;crates/vize_atelier_core/src/codegen/props/directives.rs;crates/vize_atelier_core/src/codegen/props/v_model.rs;crates/vize_atelier_core/src/transform/element.rs;crates/vize_atelier_core/src/transform/element/directive_expressions.rs;crates/vize_atelier_core/tests/dynamic_v_model_argument.rs;crates/vize_atelier_jsx/src/compile.rs;crates/vize_atelier_jsx/src/lower.rs;crates/vize_atelier_jsx/src/lower/attr.rs;crates/vize_atelier_jsx/src/lower/v_model.rs;crates/vize_atelier_jsx/src/lower/v_models.rs;crates/vize_atelier_jsx/tests/BABEL_COMPAT_INVENTORY.md;crates/vize_atelier_jsx/tests/babel_compat/verdicts.rs;crates/vize_atelier_jsx/tests/babel_compat_oracle.rs;crates/vize_atelier_jsx/tests/snapshots/babel_compat_oracle__babel_compat__directives.snap;crates/vize_atelier_jsx/tests/v_model_argument.rs	crates/vize_atelier_core/tests/dynamic_v_model_argument.rs;crates/vize_atelier_jsx/tests/BABEL_COMPAT_INVENTORY.md;crates/vize_atelier_jsx/tests/babel_compat/verdicts.rs;crates/vize_atelier_jsx/tests/babel_compat_oracle.rs;crates/vize_atelier_jsx/tests/snapshots/babel_compat_oracle__babel_compat__directives.snap;crates/vize_atelier_jsx/tests/v_model_argument.rs	-	semantic-review-pending	-
8b31c9f2c574578a46de71f0937427bd9c1f2466	fix(atelier): forward primitive v-slots values in Babel mode (#3729)	crates/vize_atelier_jsx/src/lower/v_slots.rs;crates/vize_atelier_jsx/tests/BABEL_COMPAT_INVENTORY.md;crates/vize_atelier_jsx/tests/babel_compat/verdicts.rs;crates/vize_atelier_jsx/tests/babel_compat_oracle.rs;crates/vize_atelier_jsx/tests/babel_v_slots.rs;crates/vize_atelier_jsx/tests/snapshots/babel_compat_oracle__babel_compat__errors.snap	crates/vize_atelier_jsx/tests/BABEL_COMPAT_INVENTORY.md;crates/vize_atelier_jsx/tests/babel_compat/verdicts.rs;crates/vize_atelier_jsx/tests/babel_compat_oracle.rs;crates/vize_atelier_jsx/tests/babel_v_slots.rs;crates/vize_atelier_jsx/tests/snapshots/babel_compat_oracle__babel_compat__errors.snap	-	semantic-review-pending	-
f1ba7cd0089cd24c574ce5de60033129ad4f3dd7	fix(fuzz): bound identifier-led type angles in the expression guard (#3727)	crates/vize_atelier_core/src/transforms/transform_expression/nesting.rs;crates/vize_atelier_core/src/transforms/transform_expression/nesting/scan.rs;crates/vize_atelier_core/tests/expression_nesting_guard_type_angles.rs;crates/vize_atelier_core/tests/fixtures/js_ts_expression_slow_unit_3712.txt;crates/vize_atelier_core/tests/fuzz_slow_unit_js_ts_expression_3712.rs	crates/vize_atelier_core/tests/expression_nesting_guard_type_angles.rs;crates/vize_atelier_core/tests/fixtures/js_ts_expression_slow_unit_3712.txt;crates/vize_atelier_core/tests/fuzz_slow_unit_js_ts_expression_3712.rs	-	semantic-review-pending	-
de4329271a6153359b3dc2ade26dfb736f5b2567	fix(atelier): preserve Babel object slot children (#3728)	crates/vize_atelier_jsx/src/compile.rs;crates/vize_atelier_jsx/src/compile/babel.rs;crates/vize_atelier_jsx/src/compile/preamble.rs;crates/vize_atelier_jsx/src/compile/tests.rs;crates/vize_atelier_jsx/src/lib.rs;crates/vize_atelier_jsx/src/lower.rs;crates/vize_atelier_jsx/src/lower/babel_slot.rs;crates/vize_atelier_jsx/src/lower/child.rs;crates/vize_atelier_jsx/src/lower/element.rs;crates/vize_atelier_jsx/src/lower/slot.rs;crates/vize_atelier_jsx/src/lower/v_slots.rs;crates/vize_atelier_jsx/src/vdom.rs;crates/vize_atelier_jsx/tests/BABEL_COMPAT_INVENTORY.md;crates/vize_atelier_jsx/tests/babel_compat/mod.rs;crates/vize_atelier_jsx/tests/babel_compat/verdicts.rs;crates/vize_atelier_jsx/tests/babel_compat_oracle.rs;crates/vize_atelier_jsx/tests/babel_is_custom_element.rs;crates/vize_atelier_jsx/tests/babel_object_slots.rs;crates/vize_atelier_jsx/tests/snapshots/babel_compat_oracle__babel_compat__options.snap	crates/vize_atelier_jsx/src/compile/tests.rs;crates/vize_atelier_jsx/tests/BABEL_COMPAT_INVENTORY.md;crates/vize_atelier_jsx/tests/babel_compat/mod.rs;crates/vize_atelier_jsx/tests/babel_compat/verdicts.rs;crates/vize_atelier_jsx/tests/babel_compat_oracle.rs;crates/vize_atelier_jsx/tests/babel_is_custom_element.rs;crates/vize_atelier_jsx/tests/babel_object_slots.rs;crates/vize_atelier_jsx/tests/snapshots/babel_compat_oracle__babel_compat__options.snap	-	semantic-review-pending	-
f49c94e03ad957b1f6f51276a328acb533c21343	fix(atelier): keep custom element metadata internal (#3720)	crates/vize_atelier_core/src/lane.rs;crates/vize_atelier_core/src/lane/extensions.rs;crates/vize_atelier_core/src/transform/context.rs;crates/vize_atelier_core/src/transform/element.rs;crates/vize_atelier_jsx/src/compile.rs;crates/vize_atelier_jsx/src/lib.rs;crates/vize_atelier_jsx/src/lower.rs;crates/vize_atelier_jsx/src/lower/element.rs;crates/vize_atelier_jsx/src/vdom.rs;crates/vize_atelier_jsx/tests/babel_is_custom_element.rs	crates/vize_atelier_jsx/tests/babel_is_custom_element.rs	-	semantic-review-pending	-
e39ff7493b623fbac16f8bf32f51d70be528b60c	fix(atelier): honor Babel custom element predicates (#3718)	crates/vize_atelier_core/src/transform/element.rs;crates/vize_atelier_jsx/Cargo.toml;crates/vize_atelier_jsx/src/compile.rs;crates/vize_atelier_jsx/src/compile/babel.rs;crates/vize_atelier_jsx/src/lib.rs;crates/vize_atelier_jsx/src/lower.rs;crates/vize_atelier_jsx/src/lower/element.rs;crates/vize_atelier_jsx/src/lower/name.rs;crates/vize_atelier_jsx/tests/BABEL_COMPAT_INVENTORY.md;crates/vize_atelier_jsx/tests/babel_compat/mod.rs;crates/vize_atelier_jsx/tests/babel_compat/verdicts.rs;crates/vize_atelier_jsx/tests/babel_compat_oracle.rs;crates/vize_atelier_jsx/tests/babel_is_custom_element.rs;crates/vize_atelier_jsx/tests/snapshots/babel_compat_oracle__babel_compat__options.snap	crates/vize_atelier_jsx/tests/BABEL_COMPAT_INVENTORY.md;crates/vize_atelier_jsx/tests/babel_compat/mod.rs;crates/vize_atelier_jsx/tests/babel_compat/verdicts.rs;crates/vize_atelier_jsx/tests/babel_compat_oracle.rs;crates/vize_atelier_jsx/tests/babel_is_custom_element.rs;crates/vize_atelier_jsx/tests/snapshots/babel_compat_oracle__babel_compat__options.snap	-	semantic-review-pending	-
3347d31a1d5955d5d3ce9bb5689daa1c2ae99bc8	fix(atelier): align static JSX v-model arguments (#3716)	crates/vize_atelier_core/src/codegen/element/directives.rs;crates/vize_atelier_core/src/lane.rs;crates/vize_atelier_core/src/lane/extensions.rs;crates/vize_atelier_core/src/transform/context.rs;crates/vize_atelier_core/src/transform/element.rs;crates/vize_atelier_core/src/transforms/v_model.rs;crates/vize_atelier_jsx/src/compile.rs;crates/vize_atelier_jsx/src/lower/attr.rs;crates/vize_atelier_jsx/src/lower/v_model.rs;crates/vize_atelier_jsx/src/vdom.rs;crates/vize_atelier_jsx/tests/BABEL_COMPAT_INVENTORY.md;crates/vize_atelier_jsx/tests/babel_compat/verdicts.rs;crates/vize_atelier_jsx/tests/babel_compat_oracle.rs;crates/vize_atelier_jsx/tests/snapshots/babel_compat_oracle__babel_compat__directives.snap;crates/vize_atelier_jsx/tests/v_model_argument.rs	crates/vize_atelier_jsx/tests/BABEL_COMPAT_INVENTORY.md;crates/vize_atelier_jsx/tests/babel_compat/verdicts.rs;crates/vize_atelier_jsx/tests/babel_compat_oracle.rs;crates/vize_atelier_jsx/tests/snapshots/babel_compat_oracle__babel_compat__directives.snap;crates/vize_atelier_jsx/tests/v_model_argument.rs	-	semantic-review-pending	-
4039c4c9a5217b81591d67c8123981eba1126f33	fix(canon): preserve ASI-separated event handlers (#3703)	crates/vize_croquis/src/drawer/template/directives/v_on.rs	-	-	semantic-review-pending	-
619614e63976020659659cdc06fcca609ee2c56b	fix(atelier): merge duplicate event handler props (#3701)	crates/vize_atelier_core/src/codegen/patch_flag.rs;crates/vize_atelier_core/src/codegen/props.rs;crates/vize_atelier_core/src/codegen/props/events.rs;crates/vize_atelier_core/src/codegen/props/generate.rs;crates/vize_atelier_core/src/codegen/snapshots/vize_atelier_core__codegen__tests__codegen_v_model_with_other_props.snap;crates/vize_atelier_core/src/codegen/v_for.rs;crates/vize_atelier_core/src/codegen/v_for/generate.rs;crates/vize_atelier_core/src/codegen/v_for/item_props.rs;crates/vize_atelier_core/src/codegen/v_if/generate.rs;crates/vize_atelier_core/src/codegen/v_if/props.rs;crates/vize_atelier_core/src/transform/element.rs;crates/vize_atelier_dom/tests/dom_snapshot.rs;crates/vize_atelier_sfc/src/compile/snapshots/vize_atelier_sfc__compile__tests__v_model_on_component_in_sfc.snap;crates/vize_atelier_ssr/src/codegen/element.rs;crates/vize_atelier_ssr/src/codegen/element/component.rs;crates/vize_atelier_ssr/src/codegen/element/component_props.rs;crates/vize_atelier_ssr/src/codegen/element/props.rs;crates/vize_atelier_ssr/tests/event_props.rs	crates/vize_atelier_core/src/codegen/snapshots/vize_atelier_core__codegen__tests__codegen_v_model_with_other_props.snap;crates/vize_atelier_dom/tests/dom_snapshot.rs;crates/vize_atelier_sfc/src/compile/snapshots/vize_atelier_sfc__compile__tests__v_model_on_component_in_sfc.snap;crates/vize_atelier_ssr/tests/event_props.rs	model-before-listener@crates/vize_atelier_ssr/tests/fixtures/fix-history/input-provenance.json;listener-before-model@crates/vize_atelier_ssr/tests/fixtures/fix-history/input-provenance.json;event-modifiers@crates/vize_atelier_ssr/tests/fixtures/fix-history/input-provenance.json;event-spread-boundary@crates/vize_atelier_ssr/tests/fixtures/fix-history/input-provenance.json;event-dynamic-key-boundary@crates/vize_atelier_ssr/tests/fixtures/fix-history/input-provenance.json	fixture-linked;target-and-semantic-review-pending	-
5aa332a8063f4e26d64abb64295ec60112b899cc	fix(atelier): spread JSX children in Babel mode (#3667)	crates/vize_atelier_jsx/src/lower/child.rs;crates/vize_atelier_jsx/tests/BABEL_COMPAT_INVENTORY.md;crates/vize_atelier_jsx/tests/babel_compat/verdicts.rs;crates/vize_atelier_jsx/tests/babel_compat_oracle.rs;crates/vize_atelier_jsx/tests/babel_spread_child.rs;crates/vize_atelier_jsx/tests/snapshots/babel_compat_oracle__babel_compat__children.snap	crates/vize_atelier_jsx/tests/BABEL_COMPAT_INVENTORY.md;crates/vize_atelier_jsx/tests/babel_compat/verdicts.rs;crates/vize_atelier_jsx/tests/babel_compat_oracle.rs;crates/vize_atelier_jsx/tests/babel_spread_child.rs;crates/vize_atelier_jsx/tests/snapshots/babel_compat_oracle__babel_compat__children.snap	-	semantic-review-pending	-
a8baf7bfaceb3a9ba4680a07b6a63b40b2386138	fix(atelier): parenthesize non-identifier JSX pragma callee (#3664)	crates/vize_atelier_core/src/codegen/context/vnode_factory.rs;crates/vize_atelier_jsx/src/compile/babel.rs;crates/vize_atelier_jsx/tests/pragma.rs	crates/vize_atelier_jsx/tests/pragma.rs	-	semantic-review-pending	-
0c04ddcaa29a5a04adc23b89738fd6731d331748	fix(atelier): preserve raw JSX expression children in Babel mode (#3665)	crates/vize_atelier_core/src/codegen/expression.rs;crates/vize_atelier_core/src/codegen/node.rs;crates/vize_atelier_jsx/src/lower.rs;crates/vize_atelier_jsx/src/lower/child.rs;crates/vize_atelier_jsx/src/lower/element.rs;crates/vize_atelier_jsx/tests/BABEL_COMPAT_INVENTORY.md;crates/vize_atelier_jsx/tests/babel_compat/verdicts.rs;crates/vize_atelier_jsx/tests/babel_compat_oracle.rs;crates/vize_atelier_jsx/tests/compat_mode.rs;crates/vize_atelier_jsx/tests/snapshots/babel_compat_oracle__babel_compat__children.snap;crates/vize_atelier_jsx/tests/snapshots/babel_compat_oracle__babel_compat__optimize.snap;crates/vize_atelier_jsx/tests/snapshots/babel_compat_oracle__babel_compat__options.snap;crates/vize_atelier_jsx/tests/snapshots/babel_compat_oracle__babel_compat__slots.snap	crates/vize_atelier_jsx/tests/BABEL_COMPAT_INVENTORY.md;crates/vize_atelier_jsx/tests/babel_compat/verdicts.rs;crates/vize_atelier_jsx/tests/babel_compat_oracle.rs;crates/vize_atelier_jsx/tests/compat_mode.rs;crates/vize_atelier_jsx/tests/snapshots/babel_compat_oracle__babel_compat__children.snap;crates/vize_atelier_jsx/tests/snapshots/babel_compat_oracle__babel_compat__optimize.snap;crates/vize_atelier_jsx/tests/snapshots/babel_compat_oracle__babel_compat__options.snap;crates/vize_atelier_jsx/tests/snapshots/babel_compat_oracle__babel_compat__slots.snap	-	semantic-review-pending	-
53409b969b33c682b839376777e8d00a24eda47d	fix(atelier): align JSX lowercase tag classification (#3662)	crates/vize_atelier_jsx/src/lower/element.rs;crates/vize_atelier_jsx/src/lower/name.rs;crates/vize_atelier_jsx/tests/BABEL_COMPAT_INVENTORY.md;crates/vize_atelier_jsx/tests/babel_compat/verdicts.rs;crates/vize_atelier_jsx/tests/babel_compat_oracle.rs;crates/vize_atelier_jsx/tests/babel_tag_classification.rs;crates/vize_atelier_jsx/tests/snapshots/babel_compat_oracle__babel_compat__elements.snap	crates/vize_atelier_jsx/tests/BABEL_COMPAT_INVENTORY.md;crates/vize_atelier_jsx/tests/babel_compat/verdicts.rs;crates/vize_atelier_jsx/tests/babel_compat_oracle.rs;crates/vize_atelier_jsx/tests/babel_tag_classification.rs;crates/vize_atelier_jsx/tests/snapshots/babel_compat_oracle__babel_compat__elements.snap	-	semantic-review-pending	-
b696fb23723b5a282209f6a03834f00011756844	fix(atelier): preserve raw v-text in JSX compatibility mode (#3660)	crates/vize_atelier_jsx/src/lower/attr.rs;crates/vize_atelier_jsx/src/lower/attr/compat.rs;crates/vize_atelier_jsx/tests/BABEL_COMPAT_INVENTORY.md;crates/vize_atelier_jsx/tests/babel_compat/verdicts.rs;crates/vize_atelier_jsx/tests/babel_compat_oracle.rs;crates/vize_atelier_jsx/tests/compat_mode.rs;crates/vize_atelier_jsx/tests/snapshots/babel_compat_oracle__babel_compat__directives.snap	crates/vize_atelier_jsx/tests/BABEL_COMPAT_INVENTORY.md;crates/vize_atelier_jsx/tests/babel_compat/verdicts.rs;crates/vize_atelier_jsx/tests/babel_compat_oracle.rs;crates/vize_atelier_jsx/tests/compat_mode.rs;crates/vize_atelier_jsx/tests/snapshots/babel_compat_oracle__babel_compat__directives.snap	-	semantic-review-pending	-
32908a8e6e887c062b8bb47b2c89aa44de84e5ea	fix(ci): restore branch coverage gate (#3657)	crates/vize_atelier_core/src/transforms/hoist_static/tests.rs	crates/vize_atelier_core/src/transforms/hoist_static/tests.rs	-	semantic-review-pending	-
25b3be78ad51e00ecb3d28a91f8ef1e3ad3fa8da	fix(atelier): normalize Babel xlink attributes (#3641)	crates/vize_atelier_jsx/src/lower/attr.rs;crates/vize_atelier_jsx/src/lower/attr/compat.rs;crates/vize_atelier_jsx/tests/BABEL_COMPAT_INVENTORY.md;crates/vize_atelier_jsx/tests/babel_compat/verdicts.rs;crates/vize_atelier_jsx/tests/babel_compat_oracle.rs;crates/vize_atelier_jsx/tests/compat_mode.rs;crates/vize_atelier_jsx/tests/snapshots/babel_compat_oracle__babel_compat__props.snap	crates/vize_atelier_jsx/tests/BABEL_COMPAT_INVENTORY.md;crates/vize_atelier_jsx/tests/babel_compat/verdicts.rs;crates/vize_atelier_jsx/tests/babel_compat_oracle.rs;crates/vize_atelier_jsx/tests/compat_mode.rs;crates/vize_atelier_jsx/tests/snapshots/babel_compat_oracle__babel_compat__props.snap	-	semantic-review-pending	-
4ed90a55eb09ae1a8af7af940056965061c00993	fix(atelier): align block locations to content offsets (#3631)	crates/vize_atelier_sfc/src/parse.rs;crates/vize_atelier_sfc/src/parse/block.rs;crates/vize_atelier_sfc/src/parse/block/end.rs;crates/vize_atelier_sfc/src/parse/block_location_tests.rs;crates/vize_atelier_sfc/src/parse/parse_sfc.rs;crates/vize_atelier_sfc/src/parse/snapshots/vize_atelier_sfc__parse__tests__closing_template_tag_with_newline.snap;crates/vize_atelier_sfc/src/parse/snapshots/vize_atelier_sfc__parse__tests__multiline_closing_tag_complex.snap;crates/vize_atelier_sfc/src/parse/snapshots/vize_atelier_sfc__parse__tests__nested_template_in_string_literal.snap;crates/vize_atelier_sfc/src/parse/snapshots/vize_atelier_sfc__parse__tests__script_with_division_operator.snap;crates/vize_atelier_sfc/src/parse/snapshots/vize_atelier_sfc__parse__tests__script_with_embedded_closing_tag_in_comment.snap;crates/vize_atelier_sfc/src/parse/snapshots/vize_atelier_sfc__parse__tests__script_with_embedded_closing_tag_in_double_quote.snap;crates/vize_atelier_sfc/src/parse/snapshots/vize_atelier_sfc__parse__tests__script_with_embedded_closing_tag_in_single_quote.snap;crates/vize_atelier_sfc/src/parse/snapshots/vize_atelier_sfc__parse__tests__script_with_embedded_closing_tag_in_template_literal.snap;crates/vize_atelier_sfc/src/parse/snapshots/vize_atelier_sfc__parse__tests__script_with_escaped_quotes.snap;crates/vize_atelier_sfc/src/parse/snapshots/vize_atelier_sfc__parse__tests__script_with_keyword_template_literal.snap;crates/vize_atelier_sfc/src/parse/snapshots/vize_atelier_sfc__parse__tests__script_with_method_call_template_literal.snap;crates/vize_atelier_sfc/src/parse/snapshots/vize_atelier_sfc__parse__tests__script_with_regex_containing_quotes-2.snap;crates/vize_atelier_sfc/src/parse/snapshots/vize_atelier_sfc__parse__tests__script_with_regex_containing_quotes.snap;crates/vize_atelier_sfc/src/parse/snapshots/vize_atelier_sfc__parse__tests__script_with_tagged_template_literal.snap;crates/vize_atelier_sfc/src/parse/snapshots/vize_atelier_sfc__parse__tests__script_with_template_literal_expression.snap;crates/vize_atelier_sfc/src/parse/snapshots/vize_atelier_sfc__parse__tests__tags_in_code_comments.snap;crates/vize_atelier_sfc/src/parse/snapshots/vize_atelier_sfc__parse__tests__template_with_v_slot_syntax.snap;crates/vize_atelier_sfc/src/parse/template_boundary.rs;crates/vize_atelier_sfc/src/types.rs	crates/vize_atelier_sfc/src/parse/block_location_tests.rs;crates/vize_atelier_sfc/src/parse/snapshots/vize_atelier_sfc__parse__tests__closing_template_tag_with_newline.snap;crates/vize_atelier_sfc/src/parse/snapshots/vize_atelier_sfc__parse__tests__multiline_closing_tag_complex.snap;crates/vize_atelier_sfc/src/parse/snapshots/vize_atelier_sfc__parse__tests__nested_template_in_string_literal.snap;crates/vize_atelier_sfc/src/parse/snapshots/vize_atelier_sfc__parse__tests__script_with_division_operator.snap;crates/vize_atelier_sfc/src/parse/snapshots/vize_atelier_sfc__parse__tests__script_with_embedded_closing_tag_in_comment.snap;crates/vize_atelier_sfc/src/parse/snapshots/vize_atelier_sfc__parse__tests__script_with_embedded_closing_tag_in_double_quote.snap;crates/vize_atelier_sfc/src/parse/snapshots/vize_atelier_sfc__parse__tests__script_with_embedded_closing_tag_in_single_quote.snap;crates/vize_atelier_sfc/src/parse/snapshots/vize_atelier_sfc__parse__tests__script_with_embedded_closing_tag_in_template_literal.snap;crates/vize_atelier_sfc/src/parse/snapshots/vize_atelier_sfc__parse__tests__script_with_escaped_quotes.snap;crates/vize_atelier_sfc/src/parse/snapshots/vize_atelier_sfc__parse__tests__script_with_keyword_template_literal.snap;crates/vize_atelier_sfc/src/parse/snapshots/vize_atelier_sfc__parse__tests__script_with_method_call_template_literal.snap;crates/vize_atelier_sfc/src/parse/snapshots/vize_atelier_sfc__parse__tests__script_with_regex_containing_quotes-2.snap;crates/vize_atelier_sfc/src/parse/snapshots/vize_atelier_sfc__parse__tests__script_with_regex_containing_quotes.snap;crates/vize_atelier_sfc/src/parse/snapshots/vize_atelier_sfc__parse__tests__script_with_tagged_template_literal.snap;crates/vize_atelier_sfc/src/parse/snapshots/vize_atelier_sfc__parse__tests__script_with_template_literal_expression.snap;crates/vize_atelier_sfc/src/parse/snapshots/vize_atelier_sfc__parse__tests__tags_in_code_comments.snap;crates/vize_atelier_sfc/src/parse/snapshots/vize_atelier_sfc__parse__tests__template_with_v_slot_syntax.snap	-	semantic-review-pending	-
a57137e9143c3fbbd2a8651e215aa14c03bba0c2	fix(vapor): drop patterned IR without recursion (#3629)	crates/vize_atelier_jsx/src/vapor.rs;crates/vize_atelier_vapor/src/compile.rs;crates/vize_atelier_vapor/src/ir_drop.rs;crates/vize_atelier_vapor/src/lib.rs;crates/vize_atelier_vapor/src/tests_template_children.rs	-	-	semantic-review-pending	-
5fef3035fc095b0f89d49d5d683018ded9970f7d	fix(vapor): lower transparent template children (#3624)	crates/vize_atelier_vapor/Cargo.toml;crates/vize_atelier_vapor/src/lib.rs;crates/vize_atelier_vapor/src/snapshots/vize_atelier_vapor__tests_template_children__adjacent_control_flow_and_keyed_pattern_dom_output.snap;crates/vize_atelier_vapor/src/snapshots/vize_atelier_vapor__tests_template_children__adjacent_control_flow_and_keyed_pattern_vapor_output.snap;crates/vize_atelier_vapor/src/snapshots/vize_atelier_vapor__tests_template_children__dynamic_sibling_inside_patterned_template_dom_output.snap;crates/vize_atelier_vapor/src/snapshots/vize_atelier_vapor__tests_template_children__dynamic_sibling_inside_patterned_template_vapor_output.snap;crates/vize_atelier_vapor/src/snapshots/vize_atelier_vapor__tests_template_children__nested_patterned_template_child_dom_output.snap;crates/vize_atelier_vapor/src/snapshots/vize_atelier_vapor__tests_template_children__nested_patterned_template_child_vapor_output.snap;crates/vize_atelier_vapor/src/snapshots/vize_atelier_vapor__tests_template_children__nested_text_run_inside_patterned_template_dom_output.snap;crates/vize_atelier_vapor/src/snapshots/vize_atelier_vapor__tests_template_children__nested_text_run_inside_patterned_template_vapor_output.snap;crates/vize_atelier_vapor/src/snapshots/vize_atelier_vapor__tests_template_children__patterned_template_child_dom_output.snap;crates/vize_atelier_vapor/src/snapshots/vize_atelier_vapor__tests_template_children__patterned_template_child_vapor_output.snap;crates/vize_atelier_vapor/src/snapshots/vize_atelier_vapor__tests_template_children__separated_text_runs_inside_patterned_template_dom_output.snap;crates/vize_atelier_vapor/src/snapshots/vize_atelier_vapor__tests_template_children__separated_text_runs_inside_patterned_template_vapor_output.snap;crates/vize_atelier_vapor/src/tests_template_children.rs;crates/vize_atelier_vapor/src/transform/element.rs;crates/vize_atelier_vapor/src/transform/element/deferred.rs;crates/vize_atelier_vapor/src/transform/element/template.rs;crates/vize_atelier_vapor/src/transform/text.rs	crates/vize_atelier_vapor/src/snapshots/vize_atelier_vapor__tests_template_children__adjacent_control_flow_and_keyed_pattern_dom_output.snap;crates/vize_atelier_vapor/src/snapshots/vize_atelier_vapor__tests_template_children__adjacent_control_flow_and_keyed_pattern_vapor_output.snap;crates/vize_atelier_vapor/src/snapshots/vize_atelier_vapor__tests_template_children__dynamic_sibling_inside_patterned_template_dom_output.snap;crates/vize_atelier_vapor/src/snapshots/vize_atelier_vapor__tests_template_children__dynamic_sibling_inside_patterned_template_vapor_output.snap;crates/vize_atelier_vapor/src/snapshots/vize_atelier_vapor__tests_template_children__nested_patterned_template_child_dom_output.snap;crates/vize_atelier_vapor/src/snapshots/vize_atelier_vapor__tests_template_children__nested_patterned_template_child_vapor_output.snap;crates/vize_atelier_vapor/src/snapshots/vize_atelier_vapor__tests_template_children__nested_text_run_inside_patterned_template_dom_output.snap;crates/vize_atelier_vapor/src/snapshots/vize_atelier_vapor__tests_template_children__nested_text_run_inside_patterned_template_vapor_output.snap;crates/vize_atelier_vapor/src/snapshots/vize_atelier_vapor__tests_template_children__patterned_template_child_dom_output.snap;crates/vize_atelier_vapor/src/snapshots/vize_atelier_vapor__tests_template_children__patterned_template_child_vapor_output.snap;crates/vize_atelier_vapor/src/snapshots/vize_atelier_vapor__tests_template_children__separated_text_runs_inside_patterned_template_dom_output.snap;crates/vize_atelier_vapor/src/snapshots/vize_atelier_vapor__tests_template_children__separated_text_runs_inside_patterned_template_vapor_output.snap	-	semantic-review-pending	-
fba367f7b20ed76f68e1b544b94686c56c0ed395	fix(atelier): stop aborting past the element nesting limit (#3620)	crates/vize_armature/src/parser/element/nesting.rs;crates/vize_armature/src/parser/tests.rs;crates/vize_armature/src/parser/whitespace.rs;crates/vize_armature/tests/element_nesting_limit.rs;crates/vize_atelier_core/src/codegen/element/helpers.rs;crates/vize_atelier_core/src/codegen/generate.rs;crates/vize_atelier_core/src/codegen/generate/collect_helpers.rs;crates/vize_atelier_core/src/codegen/generate/static_vnode.rs;crates/vize_atelier_core/src/codegen/node.rs;crates/vize_atelier_core/src/codegen/slots/detect.rs;crates/vize_atelier_core/src/transform/patterned_template.rs;crates/vize_atelier_core/src/transform/traverse.rs;crates/vize_atelier_core/src/transforms/hoist_static.rs;crates/vize_atelier_core/src/transforms/hoist_static/props.rs;crates/vize_atelier_core/src/transforms/hoist_static/static_type.rs;crates/vize_atelier_core/src/transforms/hoist_static/tests.rs;crates/vize_atelier_core/src/transforms/legacy.rs;crates/vize_atelier_core/src/transforms/v_slot.rs;crates/vize_atelier_core/src/transforms/v_slot/tests.rs;crates/vize_atelier_core/src/transforms/v_slot/validate.rs;crates/vize_atelier_dom/tests/element_nesting_depth.rs	crates/vize_armature/src/parser/tests.rs;crates/vize_armature/tests/element_nesting_limit.rs;crates/vize_atelier_core/src/transforms/hoist_static/tests.rs;crates/vize_atelier_core/src/transforms/v_slot/tests.rs;crates/vize_atelier_dom/tests/element_nesting_depth.rs	-	semantic-review-pending	-
0494c409b07a58c6296cdc2f50739b8e947366f4	fix(vite): map compiled SFCs back to the authored .vue file (#3604)	crates/vize_atelier_core/src/codegen.rs;crates/vize_atelier_core/src/codegen/source_map.rs;crates/vize_atelier_sfc/src/compile.rs;crates/vize_atelier_sfc/src/lib.rs;crates/vize_atelier_sfc/src/source_map.rs;crates/vize_atelier_sfc/src/source_map/anchor_tests.rs;crates/vize_atelier_sfc/src/source_map/test_support.rs;crates/vize_atelier_sfc/src/source_map/tests.rs	crates/vize_atelier_sfc/src/source_map/anchor_tests.rs;crates/vize_atelier_sfc/src/source_map/tests.rs	counter-source-map@crates/vize_atelier_sfc/tests/fixtures/fix-history/map-diagnostic-input-provenance.json	fixture-linked;target-and-semantic-review-pending	-
db36c4700f917d524cbf3dd4be45a02270753f47	fix(atelier): lower JSX member tags and nested fragments instead of naming them (#3594)	crates/vize_atelier_jsx/src/lower/child.rs;crates/vize_atelier_jsx/src/lower/element.rs;crates/vize_atelier_jsx/src/lower/name.rs;crates/vize_atelier_jsx/src/lower/slot.rs;crates/vize_atelier_jsx/tests/BABEL_COMPAT_INVENTORY.md;crates/vize_atelier_jsx/tests/babel_compat/verdicts.rs;crates/vize_atelier_jsx/tests/babel_compat_oracle.rs;crates/vize_atelier_jsx/tests/diagnostics.rs;crates/vize_atelier_jsx/tests/edge_cases.rs;crates/vize_atelier_jsx/tests/elements.rs;crates/vize_atelier_jsx/tests/fragments.rs;crates/vize_atelier_jsx/tests/snapshots/babel_compat_oracle__babel_compat__elements.snap	crates/vize_atelier_jsx/tests/BABEL_COMPAT_INVENTORY.md;crates/vize_atelier_jsx/tests/babel_compat/verdicts.rs;crates/vize_atelier_jsx/tests/babel_compat_oracle.rs;crates/vize_atelier_jsx/tests/diagnostics.rs;crates/vize_atelier_jsx/tests/edge_cases.rs;crates/vize_atelier_jsx/tests/elements.rs;crates/vize_atelier_jsx/tests/fragments.rs;crates/vize_atelier_jsx/tests/snapshots/babel_compat_oracle__babel_compat__elements.snap	-	semantic-review-pending	-
6707962c0d57b37109814d206c374c843ac3f389	fix(patina): anchor unused props at declarations (#3562)	crates/vize_croquis/src/drawer/tests/snapshots/vize_croquis__drawer__tests__script__drawer_script_bindings.snap;crates/vize_croquis/src/macros.rs;crates/vize_croquis/src/macros/tracker.rs;crates/vize_croquis/src/script_parser.rs;crates/vize_croquis/src/script_parser/extract/props.rs;crates/vize_croquis/src/script_parser/props_ranges_tests.rs;crates/vize_croquis/src/script_parser/snapshots/vize_croquis__script_parser__tests__parse_imports.snap;crates/vize_croquis/src/script_parser/snapshots/vize_croquis__script_parser__tests__parse_reactivity.snap;crates/vize_croquis/src/script_parser/tests.rs	crates/vize_croquis/src/drawer/tests/snapshots/vize_croquis__drawer__tests__script__drawer_script_bindings.snap;crates/vize_croquis/src/script_parser/props_ranges_tests.rs;crates/vize_croquis/src/script_parser/snapshots/vize_croquis__script_parser__tests__parse_imports.snap;crates/vize_croquis/src/script_parser/snapshots/vize_croquis__script_parser__tests__parse_reactivity.snap;crates/vize_croquis/src/script_parser/tests.rs	-	semantic-review-pending	-
6b9eac98c18f56468bac337fc61d1478133a230a	fix(atelier): reject dynamic JSX v-model arguments (#3559)	crates/vize_atelier_jsx/src/lower/attr.rs;crates/vize_atelier_jsx/src/lower/v_model.rs;crates/vize_atelier_jsx/src/lower/v_models.rs;crates/vize_atelier_jsx/tests/BABEL_COMPAT_INVENTORY.md;crates/vize_atelier_jsx/tests/babel_compat/fixtures/babel-output.json;crates/vize_atelier_jsx/tests/babel_compat/fixtures/corpus.json;crates/vize_atelier_jsx/tests/babel_compat/verdicts.rs;crates/vize_atelier_jsx/tests/babel_compat_oracle.rs;crates/vize_atelier_jsx/tests/snapshots/babel_compat_oracle__babel_compat__directives.snap;crates/vize_atelier_jsx/tests/v_model_argument.rs;crates/vize_atelier_jsx/tests/v_models.rs	crates/vize_atelier_jsx/tests/BABEL_COMPAT_INVENTORY.md;crates/vize_atelier_jsx/tests/babel_compat/fixtures/babel-output.json;crates/vize_atelier_jsx/tests/babel_compat/fixtures/corpus.json;crates/vize_atelier_jsx/tests/babel_compat/verdicts.rs;crates/vize_atelier_jsx/tests/babel_compat_oracle.rs;crates/vize_atelier_jsx/tests/snapshots/babel_compat_oracle__babel_compat__directives.snap;crates/vize_atelier_jsx/tests/v_model_argument.rs;crates/vize_atelier_jsx/tests/v_models.rs	-	semantic-review-pending	-
21e5bd408bfdf22f0c043f1e0c50d92f4055479a	fix(croquis)!: type-check the v-bind="object" prop spread (#3526)	crates/vize_croquis/src/croquis.rs;crates/vize_croquis/src/croquis/snapshot_tests.rs;crates/vize_croquis/src/croquis/summary_template_tests.rs;crates/vize_croquis/src/croquis/template.rs;crates/vize_croquis/src/drawer/template/components.rs;crates/vize_croquis/src/drawer/template/visit_element.rs	crates/vize_croquis/src/croquis/snapshot_tests.rs;crates/vize_croquis/src/croquis/summary_template_tests.rs	-	semantic-review-pending	-
eacf5734a384cfdf4a6d2d8029aeae94d080d1a6	fix(atelier): unpack the custom-directive array form in JSX (#3522)	crates/vize_atelier_jsx/src/lower.rs;crates/vize_atelier_jsx/src/lower/attr.rs;crates/vize_atelier_jsx/src/lower/v_custom.rs;crates/vize_atelier_jsx/src/lower/v_model.rs;crates/vize_atelier_jsx/src/lower/v_models.rs;crates/vize_atelier_jsx/tests/BABEL_COMPAT_INVENTORY.md;crates/vize_atelier_jsx/tests/babel_compat/verdicts.rs;crates/vize_atelier_jsx/tests/babel_compat_oracle.rs;crates/vize_atelier_jsx/tests/directives.rs;crates/vize_atelier_jsx/tests/snapshots/babel_compat_oracle__babel_compat__directives.snap	crates/vize_atelier_jsx/tests/BABEL_COMPAT_INVENTORY.md;crates/vize_atelier_jsx/tests/babel_compat/verdicts.rs;crates/vize_atelier_jsx/tests/babel_compat_oracle.rs;crates/vize_atelier_jsx/tests/directives.rs;crates/vize_atelier_jsx/tests/snapshots/babel_compat_oracle__babel_compat__directives.snap	-	semantic-review-pending	-
375b0fb5b0d04af9014d81ef865d17dba02f3b0a	fix(canon)!: type-check custom directive values against Directive<El, Value> (#3521)	crates/vize_croquis/src/croquis/snapshot/names.rs;crates/vize_croquis/src/croquis/template.rs;crates/vize_croquis/src/drawer/template/visit_element/second_pass.rs	-	-	semantic-review-pending	-
f889f8067ba87273012299dec7d503d8b581c6de	fix(atelier): keep non-JSX render-prop slot bodies and report the JSX children that cannot be lowered (#3501)	crates/vize_atelier_jsx/src/lower/child.rs;crates/vize_atelier_jsx/src/lower/slot.rs;crates/vize_atelier_jsx/tests/BABEL_COMPAT_INVENTORY.md;crates/vize_atelier_jsx/tests/babel_compat/verdicts.rs;crates/vize_atelier_jsx/tests/babel_compat_oracle.rs;crates/vize_atelier_jsx/tests/components.rs;crates/vize_atelier_jsx/tests/diagnostics.rs;crates/vize_atelier_jsx/tests/fragments.rs;crates/vize_atelier_jsx/tests/snapshots/babel_compat_oracle__babel_compat__children.snap;crates/vize_atelier_jsx/tests/snapshots/babel_compat_oracle__babel_compat__elements.snap;crates/vize_atelier_jsx/tests/snapshots/babel_compat_oracle__babel_compat__slots.snap	crates/vize_atelier_jsx/tests/BABEL_COMPAT_INVENTORY.md;crates/vize_atelier_jsx/tests/babel_compat/verdicts.rs;crates/vize_atelier_jsx/tests/babel_compat_oracle.rs;crates/vize_atelier_jsx/tests/components.rs;crates/vize_atelier_jsx/tests/diagnostics.rs;crates/vize_atelier_jsx/tests/fragments.rs;crates/vize_atelier_jsx/tests/snapshots/babel_compat_oracle__babel_compat__children.snap;crates/vize_atelier_jsx/tests/snapshots/babel_compat_oracle__babel_compat__elements.snap;crates/vize_atelier_jsx/tests/snapshots/babel_compat_oracle__babel_compat__slots.snap	-	semantic-review-pending	-
e9c3e59339bdadb4a81a565a6e0860500cec5aa7	fix(armature): stop inventing InvalidEndTag for over-limit nesting (#3481)	crates/vize_armature/src/parser.rs;crates/vize_armature/src/parser/element.rs;crates/vize_armature/src/parser/element/nesting.rs;crates/vize_armature/src/parser/element/tags.rs;crates/vize_armature/src/parser/entry.rs;crates/vize_armature/tests/element_nesting_limit.rs	crates/vize_armature/tests/element_nesting_limit.rs	-	semantic-review-pending	-
85e1af3ae2cc7911642a6dad614e1fa99443c911	fix(atelier): lower JSX v-slots instead of emitting resolveDirective("slots") (#3468)	crates/vize_atelier_jsx/src/lower.rs;crates/vize_atelier_jsx/src/lower/attr.rs;crates/vize_atelier_jsx/src/lower/element.rs;crates/vize_atelier_jsx/src/lower/v_models.rs;crates/vize_atelier_jsx/src/lower/v_slots.rs;crates/vize_atelier_jsx/tests/BABEL_COMPAT_INVENTORY.md;crates/vize_atelier_jsx/tests/babel_compat/fixtures/babel-output.json;crates/vize_atelier_jsx/tests/babel_compat/fixtures/corpus.json;crates/vize_atelier_jsx/tests/babel_compat/verdicts.rs;crates/vize_atelier_jsx/tests/babel_compat_oracle.rs;crates/vize_atelier_jsx/tests/snapshots/babel_compat_oracle__babel_compat__errors.snap;crates/vize_atelier_jsx/tests/snapshots/babel_compat_oracle__babel_compat__optimize.snap;crates/vize_atelier_jsx/tests/snapshots/babel_compat_oracle__babel_compat__slots.snap;crates/vize_atelier_jsx/tests/v_slots.rs	crates/vize_atelier_jsx/tests/BABEL_COMPAT_INVENTORY.md;crates/vize_atelier_jsx/tests/babel_compat/fixtures/babel-output.json;crates/vize_atelier_jsx/tests/babel_compat/fixtures/corpus.json;crates/vize_atelier_jsx/tests/babel_compat/verdicts.rs;crates/vize_atelier_jsx/tests/babel_compat_oracle.rs;crates/vize_atelier_jsx/tests/snapshots/babel_compat_oracle__babel_compat__errors.snap;crates/vize_atelier_jsx/tests/snapshots/babel_compat_oracle__babel_compat__optimize.snap;crates/vize_atelier_jsx/tests/snapshots/babel_compat_oracle__babel_compat__slots.snap;crates/vize_atelier_jsx/tests/v_slots.rs	-	semantic-review-pending	-
bb9af53ab9a8e2ed34d4f53a26c4e3aa9746a032	fix(atelier): implement v-models in JSX instead of emitting resolveDirective("models") (#3465)	crates/vize_atelier_jsx/src/lower.rs;crates/vize_atelier_jsx/src/lower/attr.rs;crates/vize_atelier_jsx/src/lower/element.rs;crates/vize_atelier_jsx/src/lower/v_model.rs;crates/vize_atelier_jsx/src/lower/v_models.rs;crates/vize_atelier_jsx/tests/BABEL_COMPAT_INVENTORY.md;crates/vize_atelier_jsx/tests/babel_compat/fixtures/babel-output.json;crates/vize_atelier_jsx/tests/babel_compat/fixtures/corpus.json;crates/vize_atelier_jsx/tests/babel_compat/verdicts.rs;crates/vize_atelier_jsx/tests/babel_compat_oracle.rs;crates/vize_atelier_jsx/tests/snapshots/babel_compat_oracle__babel_compat__directives.snap;crates/vize_atelier_jsx/tests/snapshots/babel_compat_oracle__babel_compat__errors.snap;crates/vize_atelier_jsx/tests/v_models.rs	crates/vize_atelier_jsx/tests/BABEL_COMPAT_INVENTORY.md;crates/vize_atelier_jsx/tests/babel_compat/fixtures/babel-output.json;crates/vize_atelier_jsx/tests/babel_compat/fixtures/corpus.json;crates/vize_atelier_jsx/tests/babel_compat/verdicts.rs;crates/vize_atelier_jsx/tests/babel_compat_oracle.rs;crates/vize_atelier_jsx/tests/snapshots/babel_compat_oracle__babel_compat__directives.snap;crates/vize_atelier_jsx/tests/snapshots/babel_compat_oracle__babel_compat__errors.snap;crates/vize_atelier_jsx/tests/v_models.rs	-	semantic-review-pending	-
693a253e51100661b2bb30b6d7b14bfe48b4e4af	fix(atelier): reject a non-assignable JSX v-model target (#3436)	crates/vize_atelier_jsx/src/lower.rs;crates/vize_atelier_jsx/src/lower/attr.rs;crates/vize_atelier_jsx/src/lower/v_model.rs;crates/vize_atelier_jsx/tests/BABEL_COMPAT_INVENTORY.md;crates/vize_atelier_jsx/tests/babel_compat/verdicts.rs;crates/vize_atelier_jsx/tests/babel_compat_oracle.rs;crates/vize_atelier_jsx/tests/snapshots/babel_compat_oracle__babel_compat__errors.snap;crates/vize_atelier_jsx/tests/v_model_target.rs	crates/vize_atelier_jsx/tests/BABEL_COMPAT_INVENTORY.md;crates/vize_atelier_jsx/tests/babel_compat/verdicts.rs;crates/vize_atelier_jsx/tests/babel_compat_oracle.rs;crates/vize_atelier_jsx/tests/snapshots/babel_compat_oracle__babel_compat__errors.snap;crates/vize_atelier_jsx/tests/v_model_target.rs	-	semantic-review-pending	-
b829f91388e36a9f7047c96aaa5e6e68419b2a83	fix(vapor)!: keep the hydration index off the public IR struct (#3341)	crates/vize_atelier_vapor/src/generate/context.rs;crates/vize_atelier_vapor/src/generate/context/complex_expression.rs;crates/vize_atelier_vapor/src/generate/operations/refs.rs;crates/vize_atelier_vapor/src/ir.rs;crates/vize_atelier_vapor/src/tests_sibling_navigation.rs;crates/vize_atelier_vapor/src/transform/element/deferred.rs	-	-	semantic-review-pending	-
09e2504b412eb119979d4367eb132eb0299aee89	fix(vapor): give every next() call a real hydration index (#3330) (#3337)	crates/vize_atelier_jsx/tests/snapshots/adversarial_snapshots__stateful_destructured_component_vapor.snap;crates/vize_atelier_vapor/src/generate/operations/refs.rs;crates/vize_atelier_vapor/src/ir.rs;crates/vize_atelier_vapor/src/lib.rs;crates/vize_atelier_vapor/src/tests_sibling_navigation.rs;crates/vize_atelier_vapor/src/transform/element/deferred.rs	crates/vize_atelier_jsx/tests/snapshots/adversarial_snapshots__stateful_destructured_component_vapor.snap	-	semantic-review-pending	-
963d1fa149188db5d8e8346f2623d848520aafaa	fix(vapor): replace multi-step _next(base, N) with _nthChild or chained _next (#3331)	crates/vize_atelier_vapor/src/generate/operations/refs.rs;crates/vize_atelier_vapor/src/snapshots/vize_atelier_vapor__tests__compile_dynamic_child_after_multiple_static_siblings.snap	crates/vize_atelier_vapor/src/snapshots/vize_atelier_vapor__tests__compile_dynamic_child_after_multiple_static_siblings.snap	-	semantic-review-pending	-
519cec5990d37434620c3ac38e3750a0eefa195b	fix(canon): enforce class-component @Prop contracts at usage sites (#3318)	crates/vize_croquis/src/script_parser/extract.rs;crates/vize_croquis/src/script_parser/extract/props.rs;crates/vize_croquis/src/script_parser/process.rs;crates/vize_croquis/src/script_parser/process/class_component.rs;crates/vize_croquis/src/script_parser/process/class_component_props.rs;crates/vize_croquis/src/script_parser/process/options_api.rs	-	-	semantic-review-pending	-
3c6e6362133dbd59843f5b4e2630812a1ab23909	fix(patina): run analysis-dependent rules on recovered template parses (#3294) (#3310)	crates/vize_armature/src/parser/element/errors.rs	-	-	semantic-review-pending	-
6b41f98d10ab76ebcb608a3d90de63949e7dfb13	fix(atelier): bound post-budget interpolation scans instead of dropping JS awareness (#3309)	crates/vize_atelier_sfc/src/parse/template_boundary.rs;crates/vize_atelier_sfc/src/parse/template_boundary/interpolation.rs;crates/vize_atelier_sfc/src/parse/template_boundary/tests.rs	crates/vize_atelier_sfc/src/parse/template_boundary/tests.rs	-	semantic-review-pending	-
e2d509476a3c76efa9cadd5259bb293d4c5c82ea	fix(atelier): bound unclosed-interpolation rescans in the template boundary scanner (#3275) (#3305)	crates/vize_atelier_sfc/src/parse/template_boundary.rs;crates/vize_atelier_sfc/src/parse/template_boundary/interpolation.rs;crates/vize_atelier_sfc/src/parse/template_boundary/tests.rs	crates/vize_atelier_sfc/src/parse/template_boundary/tests.rs	-	semantic-review-pending	-
55402bd40ae9786a3c767399b03b4f563d783131	fix(atelier): classify parenthesized types as speculative type angles in the nesting guard (#3277, #3279, #3281) (#3302)	crates/vize_atelier_core/src/transforms/transform_expression/nesting.rs;crates/vize_atelier_core/src/transforms/transform_expression/nesting/scan.rs;crates/vize_atelier_core/tests/expression_nesting_guard_type_angles.rs	crates/vize_atelier_core/tests/expression_nesting_guard_type_angles.rs	-	semantic-review-pending	-
4305480bbc70167ff562ebc0c6b3d9aea41cf9fa	fix(atelier): guard the CSS engine against upstream percentage math panics (#3276, #3280) (#3301)	crates/vize_atelier_sfc/src/css.rs;crates/vize_atelier_sfc/src/css/parser.rs;crates/vize_atelier_sfc/src/css/parser/engine_boundary.rs;crates/vize_atelier_sfc/src/css/parser/engine_boundary/value_guard.rs;crates/vize_atelier_sfc/tests/css_engine_panic_boundary.rs	crates/vize_atelier_sfc/tests/css_engine_panic_boundary.rs	-	semantic-review-pending	-
4d619ee7062b93edab59731e52f2ffc01bb5398c	fix(atelier): neutralize backslash-preceded backticks in the expression guard (#3274) (#3292)	crates/vize_atelier_core/src/transforms/transform_expression/nesting.rs;crates/vize_atelier_core/tests/expression_nesting_guard.rs;crates/vize_atelier_core/tests/expression_nesting_guard_backslash_escapes.rs	crates/vize_atelier_core/tests/expression_nesting_guard.rs;crates/vize_atelier_core/tests/expression_nesting_guard_backslash_escapes.rs	-	semantic-review-pending	-
84be7f2a39bbebdcbc3997a79dff4ce7c7accbd4	fix(atelier): neutralize backslash-preceded quotes in the expression guard (#3271) (#3272)	crates/vize_atelier_core/src/transforms/transform_expression/nesting.rs;crates/vize_atelier_core/tests/expression_nesting_guard.rs	crates/vize_atelier_core/tests/expression_nesting_guard.rs	-	semantic-review-pending	-
6960d5544dd3831da88811b71b25b369139fc098	fix(atelier): consume trivia and reset angle speculation in the expression guard (#3219)	crates/vize_atelier_core/src/transforms/transform_expression/nesting.rs;crates/vize_atelier_core/src/transforms/transform_expression/nesting/scan.rs;crates/vize_atelier_core/tests/expression_nesting_guard.rs;crates/vize_atelier_core/tests/expression_nesting_guard_type_angles.rs	crates/vize_atelier_core/tests/expression_nesting_guard.rs;crates/vize_atelier_core/tests/expression_nesting_guard_type_angles.rs	-	semantic-review-pending	-
809ab0845394755b726a1b0559dc38d9b236164c	fix(atelier): end unterminated strings at line terminators in the expression guard (#3218)	crates/vize_atelier_core/src/transforms/transform_expression/nesting.rs;crates/vize_atelier_core/tests/expression_nesting_guard.rs	crates/vize_atelier_core/tests/expression_nesting_guard.rs	-	semantic-review-pending	-
406a671d8121db31f0ecef7c577b12b57dc6dadd	fix(atelier): end regex at line terminator after backslash in nesting guard (#3190)	crates/vize_atelier_core/src/transforms/transform_expression/nesting.rs;crates/vize_atelier_core/tests/expression_nesting_guard.rs	crates/vize_atelier_core/tests/expression_nesting_guard.rs	-	semantic-review-pending	-
34f5f7852fa16cd936db848242b6051cbfba21dd	fix(atelier): end line comments at every line terminator in nesting guard (#3188)	crates/vize_atelier_core/src/transforms/transform_expression/nesting.rs;crates/vize_atelier_core/tests/expression_nesting_guard.rs	crates/vize_atelier_core/tests/expression_nesting_guard.rs	-	semantic-review-pending	-
e869a36b3184cd848ea46f0474025c69d3bf6c98	fix(sfc): stabilize native css dependency resolution (#3175)	crates/vize_atelier_sfc/Cargo.toml	-	-	semantic-review-pending	-
1a1be34d8de06f178c316b9afa9f12e541e3a286	fix(croquis): scope template attrs binding (#3157)	crates/vize_croquis/src/snapshots/vize_croquis__virtual_ts__tests__generate_template.snap;crates/vize_croquis/src/snapshots/vize_croquis__virtual_ts__tests__snapshot_full_sfc.snap;crates/vize_croquis/src/snapshots/vize_croquis__virtual_ts__tests__snapshot_template_with_v_for.snap;crates/vize_croquis/src/snapshots/vize_croquis__virtual_ts__tests__snapshot_template_with_v_if.snap;crates/vize_croquis/src/virtual_ts/generator.rs;crates/vize_croquis/src/virtual_ts/generator/template.rs;crates/vize_croquis/src/virtual_ts/generator/template_globals.rs;crates/vize_croquis/tests/template_globals.rs	crates/vize_croquis/src/snapshots/vize_croquis__virtual_ts__tests__generate_template.snap;crates/vize_croquis/src/snapshots/vize_croquis__virtual_ts__tests__snapshot_full_sfc.snap;crates/vize_croquis/src/snapshots/vize_croquis__virtual_ts__tests__snapshot_template_with_v_for.snap;crates/vize_croquis/src/snapshots/vize_croquis__virtual_ts__tests__snapshot_template_with_v_if.snap;crates/vize_croquis/tests/template_globals.rs	-	semantic-review-pending	-
8de5e5c10113a9bcbdee73e01af610fb71121dea	fix(croquis): emit valid macro type aliases (#3153)	crates/vize_croquis/src/snapshots/vize_croquis__virtual_ts__tests__generate_with_croquis.snap;crates/vize_croquis/src/snapshots/vize_croquis__virtual_ts__tests__snapshot_generic_setup.snap;crates/vize_croquis/src/snapshots/vize_croquis__virtual_ts__tests__snapshot_script_setup_output.snap;crates/vize_croquis/src/virtual_ts/generator.rs;crates/vize_croquis/src/virtual_ts/generator/macro_type_arguments.rs;crates/vize_croquis/src/virtual_ts/generator/script.rs;crates/vize_croquis/tests/macro_type_arguments.rs	crates/vize_croquis/src/snapshots/vize_croquis__virtual_ts__tests__generate_with_croquis.snap;crates/vize_croquis/src/snapshots/vize_croquis__virtual_ts__tests__snapshot_generic_setup.snap;crates/vize_croquis/src/snapshots/vize_croquis__virtual_ts__tests__snapshot_script_setup_output.snap;crates/vize_croquis/tests/macro_type_arguments.rs	-	semantic-review-pending	-
cfe96d1a3f162807597691b7e4e45dc128e4b557	fix(croquis): limit setup context diagnostics to module scope (#3152)	crates/vize_croquis/src/script_parser.rs;crates/vize_croquis/src/script_parser/extract/reactivity.rs;crates/vize_croquis/src/script_parser/setup_context_scope_tests.rs	crates/vize_croquis/src/script_parser/setup_context_scope_tests.rs	-	semantic-review-pending	-
70a8ea9a80d07ac9e72fec167a0938c4262ac3bd	fix(atelier): guard nested slot destructuring (#3098)	crates/vize_atelier_core/src/transforms/v_slot.rs;crates/vize_atelier_core/src/transforms/v_slot/params.rs	-	-	semantic-review-pending	-
b6888302743503d92fef6e2edaa79b9180c583c2	fix(atelier): avoid recursive destructuring extraction (#3097)	crates/vize_atelier_core/src/codegen/v_for/helpers.rs;crates/vize_atelier_ssr/src/codegen/helpers.rs;crates/vize_atelier_ssr/src/codegen/helpers/destructure.rs;crates/vize_atelier_vapor/src/generate/destructure.rs	-	-	semantic-review-pending	-
628ea1e7d2bde05ec9cfae225e32fd6be5a4395a	fix(vapor): treat valueless static attributes on components as empty string props (#3106)	crates/vize_atelier_sfc/src/compile/tests/snapshots/vize_atelier_sfc__compile__tests__define_props_regressions__script_setup_sfc_vapor_aliased_props_destructure_reads_prop_key.snap;crates/vize_atelier_sfc/src/compile/tests/snapshots/vize_atelier_sfc__compile__tests__define_props_regressions__script_setup_sfc_vapor_props_destructure_reads_dollar_props.snap;crates/vize_atelier_vapor/src/generate/operations/component_props.rs;crates/vize_atelier_vapor/src/lib.rs;crates/vize_atelier_vapor/src/snapshots/vize_atelier_vapor__tests_valueless_attr__compile_component_valueless_static_attr_is_empty_string_prop.snap;crates/vize_atelier_vapor/src/snapshots/vize_atelier_vapor__tests_valueless_attr__compile_dynamic_component_valueless_static_attr_is_empty_string_prop.snap;crates/vize_atelier_vapor/src/tests_valueless_attr.rs	crates/vize_atelier_sfc/src/compile/tests/snapshots/vize_atelier_sfc__compile__tests__define_props_regressions__script_setup_sfc_vapor_aliased_props_destructure_reads_prop_key.snap;crates/vize_atelier_sfc/src/compile/tests/snapshots/vize_atelier_sfc__compile__tests__define_props_regressions__script_setup_sfc_vapor_props_destructure_reads_dollar_props.snap;crates/vize_atelier_vapor/src/snapshots/vize_atelier_vapor__tests_valueless_attr__compile_component_valueless_static_attr_is_empty_string_prop.snap;crates/vize_atelier_vapor/src/snapshots/vize_atelier_vapor__tests_valueless_attr__compile_dynamic_component_valueless_static_attr_is_empty_string_prop.snap	-	semantic-review-pending	-
3be198f8d69d7322271287682abb7b60cc4efcc9	fix(sfc): bound CSS bracket nesting before LightningCSS parsing (#3110)	crates/vize_atelier_sfc/src/css/parser.rs;crates/vize_atelier_sfc/src/css/parser/nesting.rs;crates/vize_atelier_sfc/src/css/parser/normalize.rs;crates/vize_atelier_sfc/tests/css_nesting_guard.rs	crates/vize_atelier_sfc/tests/css_nesting_guard.rs	-	semantic-review-pending	-
5a5826cb6b402bd9419b6365e40bdecbfc242b5a	fix(atelier): harden expression nesting guard against false regex starts (#3108)	crates/vize_atelier_core/src/transforms/transform_expression/nesting.rs;crates/vize_atelier_core/tests/expression_nesting_guard.rs	crates/vize_atelier_core/tests/expression_nesting_guard.rs	-	semantic-review-pending	-
93da7a4d46686be1c7de2262720a2332013ce42f	fix(vapor): emit createSlot for slot outlets and fix insert argument order (#3099)	crates/vize_atelier_sfc/src/compile/tests.rs;crates/vize_atelier_sfc/src/compile/tests/snapshots/vize_atelier_sfc__compile__tests__vapor__script_setup_sfc_vapor_output_mode.snap;crates/vize_atelier_sfc/src/compile/tests/snapshots/vize_atelier_sfc__compile__tests__vapor__script_setup_sfc_vapor_slot_outlet.snap;crates/vize_atelier_sfc/src/compile/tests/snapshots/vize_atelier_sfc__compile__tests__vapor__template_only_sfc_vapor_output_mode.snap;crates/vize_atelier_sfc/src/compile/tests/vapor.rs;crates/vize_atelier_vapor/src/generate/operations/refs.rs;crates/vize_atelier_vapor/src/generate/operations/slots.rs;crates/vize_atelier_vapor/src/generate/setup.rs;crates/vize_atelier_vapor/src/lib.rs;crates/vize_atelier_vapor/src/snapshots/vize_atelier_vapor__tests__compile_nested_slot_outlet_child.snap;crates/vize_atelier_vapor/src/snapshots/vize_atelier_vapor__tests__compile_slot_outlet_preserves_dynamic_name.snap;crates/vize_atelier_vapor/src/snapshots/vize_atelier_vapor__tests__compile_slot_outlet_preserves_static_name_props_and_fallback.snap;crates/vize_atelier_vapor/src/snapshots/vize_atelier_vapor__tests_slot_outlets__compile_bare_default_slot_outlet.snap;crates/vize_atelier_vapor/src/snapshots/vize_atelier_vapor__tests_slot_outlets__compile_default_slot_outlet_with_fallback_only.snap;crates/vize_atelier_vapor/src/snapshots/vize_atelier_vapor__tests_slot_outlets__compile_named_slot_outlet_without_props.snap;crates/vize_atelier_vapor/src/snapshots/vize_atelier_vapor__tests_slot_outlets__compile_slot_outlet_static_and_spread_props.snap;crates/vize_atelier_vapor/src/tests.rs;crates/vize_atelier_vapor/src/tests_slot_outlets.rs	crates/vize_atelier_sfc/src/compile/tests.rs;crates/vize_atelier_sfc/src/compile/tests/snapshots/vize_atelier_sfc__compile__tests__vapor__script_setup_sfc_vapor_output_mode.snap;crates/vize_atelier_sfc/src/compile/tests/snapshots/vize_atelier_sfc__compile__tests__vapor__script_setup_sfc_vapor_slot_outlet.snap;crates/vize_atelier_sfc/src/compile/tests/snapshots/vize_atelier_sfc__compile__tests__vapor__template_only_sfc_vapor_output_mode.snap;crates/vize_atelier_sfc/src/compile/tests/vapor.rs;crates/vize_atelier_vapor/src/snapshots/vize_atelier_vapor__tests__compile_nested_slot_outlet_child.snap;crates/vize_atelier_vapor/src/snapshots/vize_atelier_vapor__tests__compile_slot_outlet_preserves_dynamic_name.snap;crates/vize_atelier_vapor/src/snapshots/vize_atelier_vapor__tests__compile_slot_outlet_preserves_static_name_props_and_fallback.snap;crates/vize_atelier_vapor/src/snapshots/vize_atelier_vapor__tests_slot_outlets__compile_bare_default_slot_outlet.snap;crates/vize_atelier_vapor/src/snapshots/vize_atelier_vapor__tests_slot_outlets__compile_default_slot_outlet_with_fallback_only.snap;crates/vize_atelier_vapor/src/snapshots/vize_atelier_vapor__tests_slot_outlets__compile_named_slot_outlet_without_props.snap;crates/vize_atelier_vapor/src/snapshots/vize_atelier_vapor__tests_slot_outlets__compile_slot_outlet_static_and_spread_props.snap;crates/vize_atelier_vapor/src/tests.rs	-	semantic-review-pending	-
56eb250acdeb21309affcf166a71144c9a125b9f	fix(vapor): resolve destructured props through $props in template codegen (#3102)	crates/vize_atelier_sfc/src/compile/tests/define_props_regressions.rs;crates/vize_atelier_sfc/src/compile/tests/snapshots/vize_atelier_sfc__compile__tests__define_props_regressions__script_setup_sfc_vapor_aliased_props_destructure_reads_prop_key.snap;crates/vize_atelier_sfc/src/compile/tests/snapshots/vize_atelier_sfc__compile__tests__define_props_regressions__script_setup_sfc_vapor_props_destructure_reads_dollar_props.snap;crates/vize_atelier_sfc/src/compile/tests/snapshots/vize_atelier_sfc__compile__tests__define_props_regressions__script_setup_sfc_vapor_props_object_reference_stays_on_ctx.snap;crates/vize_atelier_vapor/src/generate/context.rs;crates/vize_atelier_vapor/src/generate/destructure.rs;crates/vize_atelier_vapor/src/snapshots/vize_atelier_vapor__tests_setup_components__for_alias_shadows_props_binding.snap;crates/vize_atelier_vapor/src/snapshots/vize_atelier_vapor__tests_setup_components__props_bindings_resolve_through_dollar_props.snap;crates/vize_atelier_vapor/src/tests_setup_components.rs	crates/vize_atelier_sfc/src/compile/tests/define_props_regressions.rs;crates/vize_atelier_sfc/src/compile/tests/snapshots/vize_atelier_sfc__compile__tests__define_props_regressions__script_setup_sfc_vapor_aliased_props_destructure_reads_prop_key.snap;crates/vize_atelier_sfc/src/compile/tests/snapshots/vize_atelier_sfc__compile__tests__define_props_regressions__script_setup_sfc_vapor_props_destructure_reads_dollar_props.snap;crates/vize_atelier_sfc/src/compile/tests/snapshots/vize_atelier_sfc__compile__tests__define_props_regressions__script_setup_sfc_vapor_props_object_reference_stays_on_ctx.snap;crates/vize_atelier_vapor/src/snapshots/vize_atelier_vapor__tests_setup_components__for_alias_shadows_props_binding.snap;crates/vize_atelier_vapor/src/snapshots/vize_atelier_vapor__tests_setup_components__props_bindings_resolve_through_dollar_props.snap	-	semantic-review-pending	-
4fc0ac4fdb7fe8227b54a8a24c54ba3a3873bdc3	fix(canon): parenthesize runtime function prop unions (#3096)	crates/vize_croquis/src/script_parser.rs;crates/vize_croquis/src/script_parser/extract/props.rs;crates/vize_croquis/src/script_parser/runtime_props_tests.rs	crates/vize_croquis/src/script_parser/runtime_props_tests.rs	-	semantic-review-pending	-
43dca4e0cbdfa70423544b341e73ca1fc64d979f	fix(croquis): preserve escaped regex literals (#3088)	crates/vize_croquis/src/drawer/helpers/identifiers/comments.rs;crates/vize_croquis/src/drawer/helpers/identifiers/tests.rs	crates/vize_croquis/src/drawer/helpers/identifiers/tests.rs	-	semantic-review-pending	-
0a3641d18e59ec215e291a8c73b75517fe7d8c25	fix(core): preserve Vue 2 conditional v-model (#3084)	crates/vize_atelier_core/src/transform/element.rs;crates/vize_atelier_core/src/transforms/v_model.rs;crates/vize_atelier_dom/tests/conditional_v_model_quirks.rs	crates/vize_atelier_dom/tests/conditional_v_model_quirks.rs	-	semantic-review-pending	-
e34e7aa51b5932a27d05a308d0af7f7d929715b3	fix(sfc): hoist static setup enums (#3083)	crates/vize_atelier_sfc/src/compile_script/function_mode.rs;crates/vize_atelier_sfc/src/compile_script/function_mode/compiler.rs;crates/vize_atelier_sfc/src/compile_script/function_mode/module_scope.rs;crates/vize_atelier_sfc/src/compile_script/function_mode/tests.rs;crates/vize_atelier_sfc/src/compile_script/inline.rs;crates/vize_atelier_sfc/src/compile_script/inline/static_enum_tests.rs;crates/vize_atelier_sfc/src/compile_script/props/validation/macro_scope/tests.rs;crates/vize_atelier_sfc/src/compile_script/snapshots/vize_atelier_sfc__compile_script__statement_sections__tests__extract_script_sections_skips_next_line_macro_assignment.snap;crates/vize_atelier_sfc/src/compile_script/statement_sections.rs;crates/vize_atelier_sfc/src/compile_script/statement_sections/tests.rs;crates/vize_atelier_sfc/src/script.rs;crates/vize_atelier_sfc/src/script/context/parse.rs;crates/vize_atelier_sfc/src/script/static_expression.rs	crates/vize_atelier_sfc/src/compile_script/function_mode/tests.rs;crates/vize_atelier_sfc/src/compile_script/inline/static_enum_tests.rs;crates/vize_atelier_sfc/src/compile_script/props/validation/macro_scope/tests.rs;crates/vize_atelier_sfc/src/compile_script/snapshots/vize_atelier_sfc__compile_script__statement_sections__tests__extract_script_sections_skips_next_line_macro_assignment.snap;crates/vize_atelier_sfc/src/compile_script/statement_sections/tests.rs	-	semantic-review-pending	-
3293f3fe557220c9be8d8afbc14da87546ef7f9a	fix(sfc): preserve defineModel runtime options (#3082)	crates/vize_atelier_sfc/src/compile_script/function_mode.rs;crates/vize_atelier_sfc/src/compile_script/function_mode/compiler.rs;crates/vize_atelier_sfc/src/compile_script/function_mode/model.rs;crates/vize_atelier_sfc/src/compile_script/function_mode/tests.rs;crates/vize_atelier_sfc/src/compile_script/inline/compiler/body.rs;crates/vize_atelier_sfc/src/compile_script/inline/compiler/model.rs;crates/vize_atelier_sfc/src/compile_script/inline/compiler/setup_emit.rs;crates/vize_atelier_sfc/src/compile_script/inline/define_model_tests.rs;crates/vize_atelier_sfc/src/compile_script/props/validation/macro_scope.rs;crates/vize_atelier_sfc/src/compile_script/props/validation/macro_scope/tests.rs;crates/vize_atelier_sfc/src/script.rs;crates/vize_atelier_sfc/src/script/define_model_metadata.rs	crates/vize_atelier_sfc/src/compile_script/function_mode/tests.rs;crates/vize_atelier_sfc/src/compile_script/inline/define_model_tests.rs;crates/vize_atelier_sfc/src/compile_script/props/validation/macro_scope/tests.rs	-	semantic-review-pending	-
531c923d56c2954aea2854fbe687157833d2b4fe	fix(parser): preserve HTML tree shape in quirks (#3080)	crates/vize_armature/src/parser/element/scope.rs;crates/vize_armature/src/parser/element/table.rs;crates/vize_armature/tests/template_syntax_quirks.rs;crates/vize_atelier_dom/tests/template_syntax_quirks_recovery.rs	crates/vize_armature/tests/template_syntax_quirks.rs;crates/vize_atelier_dom/tests/template_syntax_quirks_recovery.rs	-	semantic-review-pending	-
0f835fead61e71a3efb6cdcdbf84b5fa38121cbd	fix(sfc): reject setup-local macro references (#3074)	crates/vize_atelier_sfc/src/compile.rs;crates/vize_atelier_sfc/src/compile/helpers.rs;crates/vize_atelier_sfc/src/compile/tests/define_props_regressions.rs;crates/vize_atelier_sfc/src/compile_script/function_mode/compiler.rs;crates/vize_atelier_sfc/src/compile_script/inline/compiler.rs;crates/vize_atelier_sfc/src/compile_script/props.rs;crates/vize_atelier_sfc/src/compile_script/props/validation.rs;crates/vize_atelier_sfc/src/compile_script/props/validation/macro_scope.rs;crates/vize_atelier_sfc/src/compile_script/props/validation/macro_scope/tests.rs;crates/vize_atelier_sfc/src/lib.rs	crates/vize_atelier_sfc/src/compile/tests/define_props_regressions.rs;crates/vize_atelier_sfc/src/compile_script/props/validation/macro_scope/tests.rs	-	semantic-review-pending	-
16d18c32fd92114927a6c51c662d211ea3b752c1	fix(fuzz): guard mismatched expression delimiters (#3067)	crates/vize_atelier_core/src/codegen/helpers.rs;crates/vize_atelier_core/src/codegen/patch_flag.rs;crates/vize_atelier_core/src/codegen/slots/params.rs;crates/vize_atelier_core/src/transforms/transform_expression.rs;crates/vize_atelier_core/src/transforms/transform_expression/nesting.rs;crates/vize_atelier_core/src/transforms/transform_expression/prefix.rs;crates/vize_atelier_core/src/transforms/transform_expression/rewrite.rs;crates/vize_atelier_core/src/transforms/transform_expression/typescript.rs;crates/vize_atelier_core/tests/expression_nesting_guard.rs	crates/vize_atelier_core/tests/expression_nesting_guard.rs	-	semantic-review-pending	-
7bb2407b60c48db3594aa7388c8f1f185581a6c1	fix(atelier): preserve v-if spread order (#3032)	crates/vize_atelier_core/src/codegen/v_if.rs;crates/vize_atelier_core/src/codegen/v_if/branch.rs;crates/vize_atelier_core/src/codegen/v_if/generate.rs;crates/vize_atelier_core/src/codegen/v_if/props.rs;crates/vize_atelier_core/tests/v_if_spread_order.rs	crates/vize_atelier_core/tests/v_if_spread_order.rs	-	semantic-review-pending	-
6a92fa4ea32376c0cb276214a76d8e99c7e79c18	fix(typecheck): unwrap typed mixin arrays (#3019)	crates/vize_croquis/src/script_parser/legacy_vue2_tests.rs;crates/vize_croquis/src/script_parser/process/options_api/inheritance.rs	crates/vize_croquis/src/script_parser/legacy_vue2_tests.rs	-	semantic-review-pending	-
ff43d1aff38cadb946dedd0157fe1a126187deb5	fix(typecheck): support Vue 2 scoped-slot filters (#3018)	crates/vize_croquis/src/drawer/template.rs;crates/vize_croquis/src/drawer/template/legacy_vue2_tests.rs;crates/vize_croquis/src/drawer/template/visit_element/first_pass.rs;crates/vize_croquis/src/script_parser.rs;crates/vize_croquis/src/script_parser/legacy_vue2_tests.rs;crates/vize_croquis/src/script_parser/process/class_component.rs;crates/vize_croquis/src/script_parser/process/options_api.rs;crates/vize_croquis/src/script_parser/process/options_api/inheritance.rs	crates/vize_croquis/src/drawer/template/legacy_vue2_tests.rs;crates/vize_croquis/src/script_parser/legacy_vue2_tests.rs	-	semantic-review-pending	-
210bad60e7a813f54669977657e3a8b7f7bb313e	fix(release): restore validation gates (#2970)	crates/vize_atelier_core/src/transforms/transform_expression.rs;crates/vize_atelier_core/src/transforms/transform_expression/nesting.rs;crates/vize_atelier_core/tests/expression_nesting_guard.rs	crates/vize_atelier_core/tests/expression_nesting_guard.rs	-	semantic-review-pending	-
37a80d51acb311e60236657049131a91ae708853	fix(atelier): bound TypeScript expression nesting (#2966)	crates/vize_atelier_core/src/transforms/transform_expression.rs;crates/vize_atelier_core/tests/expression_nesting_guard.rs	crates/vize_atelier_core/tests/expression_nesting_guard.rs	-	semantic-review-pending	-
58894805001f9c26442c7232576192ab13557011	fix(atelier): guard recursive static expression parsing (#2965)	crates/vize_atelier_core/src/codegen/helpers.rs;crates/vize_atelier_core/src/codegen/patch_flag.rs;crates/vize_atelier_dom/tests/expression_nesting_guard.rs	crates/vize_atelier_dom/tests/expression_nesting_guard.rs	-	semantic-review-pending	-
94243079e51384e36d2ad2f6c75196d0cdec4fd6	fix(atelier): bound expression parser nesting (#2953)	crates/vize_atelier_core/src/transforms/transform_expression.rs;crates/vize_atelier_core/tests/expression_nesting_guard.rs	crates/vize_atelier_core/tests/expression_nesting_guard.rs	-	semantic-review-pending	-
9134569dab37612e4ca8c2a0746669c1881fd731	fix(atelier): stop recursive v-for parameter extraction (#2951)	crates/vize_atelier_core/src/codegen/v_for/helpers.rs;crates/vize_atelier_ssr/src/codegen/helpers.rs	-	-	semantic-review-pending	-
7049991bc913751d3f48603983160bc743ccf5a5	fix(atelier): distinguish dynamic branch keys in quirks (#2937)	crates/vize_atelier_core/src/lane.rs;crates/vize_atelier_core/src/transform/structural.rs;crates/vize_atelier_core/src/transform/structural_keys.rs;crates/vize_atelier_dom/tests/branch_keys.rs	crates/vize_atelier_dom/tests/branch_keys.rs	-	semantic-review-pending	-
bfeeff6e63c0798d871257810ddec5adfc03ce26	fix(parser): preserve table control flow in quirks (#2936)	crates/vize_armature/src/parser/element/table.rs;crates/vize_atelier_dom/tests/table_control_flow.rs	crates/vize_atelier_dom/tests/table_control_flow.rs	-	semantic-review-pending	-
9641a8d80d44561f6816af5042850800b5dc291b	fix(sfc): preserve real block boundaries (#2935)	crates/vize_atelier_sfc/src/parse/block.rs;crates/vize_atelier_sfc/src/parse/block/compat.rs;crates/vize_atelier_sfc/src/parse/parse_sfc.rs;crates/vize_atelier_sfc/tests/sfc_block_boundaries.rs	crates/vize_atelier_sfc/tests/sfc_block_boundaries.rs	-	semantic-review-pending	-
7093f7a443ae853f995f3bb2bb3e117a61cbc081	fix(parser): recover Vue atelier quirks (#2934)	crates/vize_armature/src/parser/element/errors.rs;crates/vize_armature/src/parser/element/tags.rs;crates/vize_armature/tests/template_syntax_quirks.rs	crates/vize_armature/tests/template_syntax_quirks.rs	-	semantic-review-pending	-
9c8861cfcbca6ba118dfff9b14250bb30e6aee39	fix(canon): resolve dynamic member component emits (#2915)	crates/vize_croquis/src/drawer/template/tests.rs;crates/vize_croquis/src/drawer/template/visit_element/second_pass.rs	crates/vize_croquis/src/drawer/template/tests.rs	-	semantic-review-pending	-
06577a6cf43053e7eb9bb2784615a959d85f7af2	fix(parser): reject empty interpolation delimiters (#2904)	crates/vize_armature/src/parser.rs;crates/vize_armature/src/parser/delimiters.rs;crates/vize_armature/src/tokenizer.rs;crates/vize_armature/src/tokenizer/empty_delimiter_tests.rs;crates/vize_armature/src/tokenizer/states.rs;crates/vize_armature/src/tokenizer/tests.rs	crates/vize_armature/src/tokenizer/empty_delimiter_tests.rs;crates/vize_armature/src/tokenizer/tests.rs	-	semantic-review-pending	-
73d4c5caca2efba59dd939256eece8461c6c8bc9	fix(codegen): avoid unused slot outlet prop hoists (#2887)	crates/vize_atelier_core/src/transforms/hoist_static.rs;crates/vize_atelier_dom/tests/slot_outlet_hoist.rs	crates/vize_atelier_dom/tests/slot_outlet_hoist.rs	-	semantic-review-pending	-
e27ac8a9c6fa9c54989f7a7cbcf46d23cfb3b743	fix(wasm): align public option types with implemented options (#2858)	crates/vize_atelier_dom/src/compile.rs;crates/vize_atelier_dom/src/lib.rs;crates/vize_atelier_sfc/src/compile.rs;crates/vize_atelier_sfc/src/compile/empty_component.rs;crates/vize_atelier_sfc/src/compile/output_module.rs;crates/vize_atelier_sfc/src/compile_template.rs;crates/vize_atelier_sfc/src/compile_template/tests.rs;crates/vize_atelier_sfc/src/compile_template/vapor.rs;crates/vize_atelier_sfc/src/lib.rs	crates/vize_atelier_sfc/src/compile_template/tests.rs	-	semantic-review-pending	-
870f2ff63f8cdd8fe4806e9d3d7ae7bd18550f15	fix(atelier-sfc): tokenize template block boundaries (#2844)	crates/vize_atelier_sfc/src/parse.rs;crates/vize_atelier_sfc/src/parse/block.rs;crates/vize_atelier_sfc/src/parse/snapshots/vize_atelier_sfc__parse__tests__multiline_closing_tag_complex.snap;crates/vize_atelier_sfc/src/parse/template_boundary.rs;crates/vize_atelier_sfc/src/parse/template_boundary/fast_path.rs;crates/vize_atelier_sfc/src/parse/template_boundary/interpolation.rs;crates/vize_atelier_sfc/src/parse/template_boundary/tests.rs	crates/vize_atelier_sfc/src/parse/snapshots/vize_atelier_sfc__parse__tests__multiline_closing_tag_complex.snap;crates/vize_atelier_sfc/src/parse/template_boundary/tests.rs	-	semantic-review-pending	-
48fcd0e7f77b4db46d1076210074b8cc39563f5a	fix(atelier-sfc): harden batch guard teardown (#2842)	crates/vize_atelier_sfc/src/script/context/batch_epoch.rs	-	-	semantic-review-pending	-
f365171dd4f04d9531a6e3d0add81f599bd9e853	fix(atelier-sfc): scope imported-type cache epochs (#2840)	crates/vize_atelier_sfc/src/lib.rs;crates/vize_atelier_sfc/src/script.rs;crates/vize_atelier_sfc/src/script/context.rs;crates/vize_atelier_sfc/src/script/context/batch_epoch.rs;crates/vize_atelier_sfc/src/script/context/external_types.rs;crates/vize_atelier_sfc/tests/imported_type_cache.rs	crates/vize_atelier_sfc/tests/imported_type_cache.rs	-	semantic-review-pending	-
3799e98aa96a99ed01c43e25dfa79e191f4fe9a6	fix(croquis): preserve directive scope boundaries (#2805)	crates/vize_croquis/src/croquis.rs;crates/vize_croquis/src/croquis/snapshot_options_tests.rs;crates/vize_croquis/src/drawer/template/visit_element.rs;crates/vize_croquis/src/drawer/template/visit_element/second_pass.rs	crates/vize_croquis/src/croquis/snapshot_options_tests.rs	-	semantic-review-pending	-
16ab5b6ca20ab8b06257fbcf26c7dfbbbcc47d4e	fix(croquis): build complete SFC effect summaries (#2801)	crates/vize_croquis/src/effect_graph.rs;crates/vize_croquis/src/effect_graph/builder.rs;crates/vize_croquis/src/effect_graph/builder/context.rs;crates/vize_croquis/src/effect_graph/builder/deps.rs;crates/vize_croquis/src/effect_graph/builder/sfc.rs;crates/vize_croquis/src/effect_graph/cycles.rs;crates/vize_croquis/src/effect_graph_builder_tests.rs;crates/vize_croquis/src/lib.rs	crates/vize_croquis/src/effect_graph_builder_tests.rs	-	semantic-review-pending	-
484fedf19aac2b24e48040a9c156f72e4255540a	fix(croquis-cf)!: preserve dynamic name provenance (#2800)	crates/vize_croquis/src/drawer/template/components.rs;crates/vize_croquis/src/drawer/template/dynamic_names_tests.rs;crates/vize_croquis/src/drawer/template/visit_element.rs;crates/vize_croquis/src/drawer/template/visit_element/scopes.rs;crates/vize_croquis/src/drawer/template/visit_element/second_pass.rs	crates/vize_croquis/src/drawer/template/dynamic_names_tests.rs	-	semantic-review-pending	-
ce3a4f7a9d4718fc8ebbbfbfee00a3cf0e4ff1da	fix(croquis)!: distinguish dynamic directive names (#2797)	crates/vize_croquis/src/croquis/snapshot/builders.rs;crates/vize_croquis/src/croquis/snapshot/names.rs;crates/vize_croquis/src/croquis/snapshot/types.rs;crates/vize_croquis/src/croquis/snapshot_tests.rs;crates/vize_croquis/src/croquis/summary_template_tests.rs;crates/vize_croquis/src/croquis/template.rs;crates/vize_croquis/src/drawer/template.rs;crates/vize_croquis/src/drawer/template/components.rs;crates/vize_croquis/src/drawer/template/dynamic_names_tests.rs;crates/vize_croquis/src/drawer/template/visit_element/second_pass.rs	crates/vize_croquis/src/croquis/snapshot_tests.rs;crates/vize_croquis/src/croquis/summary_template_tests.rs;crates/vize_croquis/src/drawer/template/dynamic_names_tests.rs	-	semantic-review-pending	-
a8caf919aef4dc2a52f9735d146c2fd018a45636	fix(maestro): use semantic script bindings (#2794)	crates/vize_croquis/src/drawer/helpers/identifiers.rs;crates/vize_croquis/src/drawer/helpers/identifiers/tests.rs	crates/vize_croquis/src/drawer/helpers/identifiers/tests.rs	-	semantic-review-pending	-
559462fa759433775024fb6c146a0e3ffcfdd6cb	fix(croquis): preserve reactive declaration offsets (#2792)	crates/vize_croquis/src/croquis/snapshot_tests.rs;crates/vize_croquis/src/drawer/tests/snapshots/vize_croquis__drawer__tests__script__drawer_script_bindings.snap;crates/vize_croquis/src/reactivity_overlay_tests.rs;crates/vize_croquis/src/script_parser/extract/reactivity.rs;crates/vize_croquis/src/script_parser/process/macros.rs;crates/vize_croquis/src/script_parser/snapshots/vize_croquis__script_parser__tests__parse_reactivity.snap;crates/vize_croquis/src/script_parser/tests.rs;crates/vize_croquis/src/script_parser/tests/reactivity_offsets.rs;crates/vize_croquis/src/snapshots/vize_croquis__effect_graph_builder_tests__overlay_snapshot_includes_parser_built_effect_graph.snap;crates/vize_croquis/src/snapshots/vize_croquis__reactivity_overlay_tests__parser_overlay_preserves_reactive_declaration_offsets.snap	crates/vize_croquis/src/croquis/snapshot_tests.rs;crates/vize_croquis/src/drawer/tests/snapshots/vize_croquis__drawer__tests__script__drawer_script_bindings.snap;crates/vize_croquis/src/reactivity_overlay_tests.rs;crates/vize_croquis/src/script_parser/snapshots/vize_croquis__script_parser__tests__parse_reactivity.snap;crates/vize_croquis/src/script_parser/tests.rs;crates/vize_croquis/src/script_parser/tests/reactivity_offsets.rs;crates/vize_croquis/src/snapshots/vize_croquis__effect_graph_builder_tests__overlay_snapshot_includes_parser_built_effect_graph.snap;crates/vize_croquis/src/snapshots/vize_croquis__reactivity_overlay_tests__parser_overlay_preserves_reactive_declaration_offsets.snap	-	semantic-review-pending	-
abebeb93c53eb13213b9238e55b498200ef6b893	fix(core): preserve looped dynamic slot names (#2733)	crates/vize_atelier_core/src/codegen/slots.rs;crates/vize_atelier_core/src/codegen/slots/generate.rs;crates/vize_atelier_core/src/codegen/slots/name.rs;crates/vize_atelier_core/tests/dynamic_slot_forwarding.rs	crates/vize_atelier_core/tests/dynamic_slot_forwarding.rs	-	semantic-review-pending	-
db9c0e954f5b9b4d91f79a5f82a584003940c9c1	fix(rspack): handle template asset rewrite edge cases (#2706)	crates/vize_atelier_sfc/src/bundler/asset_rewrite.rs;crates/vize_atelier_sfc/src/bundler/asset_rewrite/predicates.rs;crates/vize_atelier_sfc/src/bundler/asset_rewrite/replacements.rs;crates/vize_atelier_sfc/src/bundler/tests.rs	crates/vize_atelier_sfc/src/bundler/tests.rs	-	semantic-review-pending	-
1f59101b9c48df01ca9542b297f6b74638f986bd	fix(vite-plugin): scope trailing universal selectors (#2685)	crates/vize_atelier_sfc/src/css.rs;crates/vize_atelier_sfc/src/css/scoped_selector.rs;crates/vize_atelier_sfc/src/vite_plugin/css_scope.rs;crates/vize_atelier_sfc/tests/vite_css_scope.rs	crates/vize_atelier_sfc/tests/vite_css_scope.rs	-	semantic-review-pending	-
984cc2c1c1d0f4e120fc2a968aef04e3c0ee58f0	fix(canon): handle recent type regressions (#2651)	crates/vize_croquis/src/script_parser/result.rs;crates/vize_croquis/src/types.rs	-	-	semantic-review-pending	-
508196784ce694b227e88bda35ca0d35b1ea11f2	fix(canon): infer dynamic component kebab events (#2630)	crates/vize_croquis/src/drawer/template/tests.rs;crates/vize_croquis/src/drawer/template/visit_element/second_pass.rs	crates/vize_croquis/src/drawer/template/tests.rs	-	semantic-review-pending	-
a30ae13559eebbd68275e21310f8f6bf0a577936	fix(patina): recognize template scope bindings	crates/vize_croquis/src/drawer/helpers/slots/slot_props.rs;crates/vize_croquis/src/drawer/helpers/v_for.rs;crates/vize_croquis/src/drawer/helpers/v_for/oxc.rs;crates/vize_croquis/src/drawer/helpers/v_for/tests.rs	crates/vize_croquis/src/drawer/helpers/v_for/tests.rs	-	semantic-review-pending	-
8aef1be9f7e21872780bf671a8484449b16be4b1	fix(vite): bridge tsx vue virtual hooks	crates/vize_atelier_sfc/src/vite_plugin/middleware.rs;crates/vize_atelier_sfc/src/vite_plugin/tests/middleware.rs	crates/vize_atelier_sfc/src/vite_plugin/tests/middleware.rs	-	semantic-review-pending	-
65533df1028934bd6fbd91b2ae528752db72a9c0	fix(vite): recognize tsx vue virtual ids (#2613)	crates/vize_atelier_sfc/src/vite_plugin/request.rs;crates/vize_atelier_sfc/src/vite_plugin/tests.rs	crates/vize_atelier_sfc/src/vite_plugin/tests.rs	-	semantic-review-pending	-
a37bf2c5117909847c2ab6aaa99ccf098a274aac	fix(patina): type Vue 2 options props in templates (#2529)	crates/vize_croquis/src/virtual_ts/generator.rs;crates/vize_croquis/src/virtual_ts/generator/options_api.rs;crates/vize_croquis/src/virtual_ts/generator/script.rs	-	-	semantic-review-pending	-
13e5ec2a9752c5d8d41a9510f54e7096a583bb78	fix(canon): preserve non-ascii template literals	crates/vize_croquis/src/drawer/helpers/identifiers/comments.rs;crates/vize_croquis/src/drawer/helpers/identifiers/tests.rs	crates/vize_croquis/src/drawer/helpers/identifiers/tests.rs	-	semantic-review-pending	-
6b5ee003f4a671158889bb977a8bcc4a8945d4c6	fix(atelier): compare fixture parity and accept structural slots (#2496)	crates/vize_atelier_core/src/transforms/v_slot.rs;crates/vize_atelier_core/tests/conditional_named_slots.rs	crates/vize_atelier_core/tests/conditional_named_slots.rs	-	semantic-review-pending	-
25ca8a2b12bccf4dd321f0e152275233501b3883	fix(canon): handle recent type-canon regressions (#2495)	crates/vize_atelier_sfc/src/script/context/props.rs;crates/vize_croquis/src/script_parser/extract/props.rs;crates/vize_croquis/src/script_parser/extract/props_type.rs;crates/vize_croquis/src/script_parser/interface_extends_tests.rs	crates/vize_croquis/src/script_parser/interface_extends_tests.rs	-	semantic-review-pending	-
c407534af9b8fad49046490711397a5a36b5fd94	fix(atelier): prefix scoped slot default expressions (#2494)	crates/vize_atelier_core/src/codegen/slots/params.rs;crates/vize_atelier_core/src/codegen/slots/tests.rs	crates/vize_atelier_core/src/codegen/slots/tests.rs	-	semantic-review-pending	-
dcd679b5dec0ca68a474e9a1a5d402af3add67ce	fix: stabilize nuxt ui scoped slot hydration (#2487)	crates/vize_atelier_core/src/codegen/element/block.rs;crates/vize_atelier_core/src/codegen/element/inline.rs;crates/vize_atelier_core/src/codegen/slots.rs;crates/vize_atelier_core/src/codegen/slots/detect.rs;crates/vize_atelier_core/src/codegen/slots/generate.rs;crates/vize_atelier_core/src/codegen/snapshots/vize_atelier_core__codegen__tests__codegen_forwarded_default_slot_is_marked_forwarded.snap;crates/vize_atelier_core/src/codegen/tests.rs;crates/vize_atelier_core/src/codegen/v_for/generate.rs;crates/vize_atelier_core/src/codegen/v_if/branch.rs;crates/vize_atelier_core/src/transform/element.rs;crates/vize_atelier_core/src/transforms/transform_expression.rs;crates/vize_atelier_core/src/transforms/transform_expression/rewrite.rs;crates/vize_atelier_core/tests/scoped_slot_shadowing.rs;crates/vize_atelier_jsx/tests/snapshots/vapor_ssr__ssr_codegen_matrix.snap;crates/vize_atelier_sfc/src/compile/snapshots/vize_atelier_sfc__compile__tests__script_setup_sfc_ssr_uses_setup_bindings_for_components_and_slots.snap;crates/vize_atelier_sfc/src/compile/snapshots/vize_atelier_sfc__compile__tests__script_setup_sfc_ssr_uses_setup_member_bindings_for_dotted_components.snap;crates/vize_atelier_sfc/src/compile/tests.rs;crates/vize_atelier_sfc/src/compile_script/function_mode/compiler.rs;crates/vize_atelier_sfc/src/compile_script/inline/compiler/props.rs;crates/vize_atelier_sfc/src/compile_script/props/ast_resolve.rs;crates/vize_atelier_sfc/src/compile_script/props/tests.rs;crates/vize_atelier_sfc/src/compile_script/snapshots/vize_atelier_sfc__compile_script__tests__compile_script_tests__compile_script_setup_with_next_line_define_props_assignment.snap;crates/vize_atelier_sfc/src/compile_script/snapshots/vize_atelier_sfc__compile_script__tests__compile_script_tests__default_import_type_only_with_template.snap;crates/vize_atelier_sfc/src/compile_script/snapshots/vize_atelier_sfc__compile_script__tests__compile_script_tests__import_used_only_in_ts_positions_not_returned.snap;crates/vize_atelier_sfc/src/compile_script/snapshots/vize_atelier_sfc__compile_script__tests__compile_script_tests__mixed_import_type_and_runtime_with_template.snap;crates/vize_atelier_sfc/src/compile_script/snapshots/vize_atelier_sfc__compile_script__tests__compile_script_tests__no_template_preserves_all_imports_in_returned.snap;crates/vize_atelier_sfc/src/compile_script/tests.rs;crates/vize_atelier_sfc/tests/scoped_slot_shadowing.rs;crates/vize_atelier_ssr/src/codegen/element/component.rs;crates/vize_atelier_ssr/src/codegen/element/slot.rs;crates/vize_atelier_ssr/src/codegen/element/vnode.rs;crates/vize_atelier_ssr/src/codegen/helpers.rs;crates/vize_atelier_ssr/src/lib.rs;crates/vize_atelier_ssr/src/snapshots/vize_atelier_ssr__tests__ssr_dynamic_slot_vnode_fallback_uses_create_slots.snap;crates/vize_atelier_ssr/src/snapshots/vize_atelier_ssr__tests__ssr_dynamic_v_for_slot_uses_create_slots.snap;crates/vize_atelier_ssr/src/snapshots/vize_atelier_ssr__tests__ssr_named_scoped_slot_keeps_props_in_vnode_fallback.snap;crates/vize_atelier_ssr/src/snapshots/vize_atelier_ssr__tests__ssr_slot_outlet_fallback_survives_vnode_branch.snap;crates/vize_atelier_ssr/tests/snapshots/ssr_snapshot__component__component_slot_v_for_aliases_stay_local.snap;crates/vize_atelier_ssr/tests/snapshots/ssr_snapshot__component__dynamic_component_slot_v_for_returns_vnodes.snap	crates/vize_atelier_core/src/codegen/snapshots/vize_atelier_core__codegen__tests__codegen_forwarded_default_slot_is_marked_forwarded.snap;crates/vize_atelier_core/src/codegen/tests.rs;crates/vize_atelier_core/tests/scoped_slot_shadowing.rs;crates/vize_atelier_jsx/tests/snapshots/vapor_ssr__ssr_codegen_matrix.snap;crates/vize_atelier_sfc/src/compile/snapshots/vize_atelier_sfc__compile__tests__script_setup_sfc_ssr_uses_setup_bindings_for_components_and_slots.snap;crates/vize_atelier_sfc/src/compile/snapshots/vize_atelier_sfc__compile__tests__script_setup_sfc_ssr_uses_setup_member_bindings_for_dotted_components.snap;crates/vize_atelier_sfc/src/compile/tests.rs;crates/vize_atelier_sfc/src/compile_script/props/tests.rs;crates/vize_atelier_sfc/src/compile_script/snapshots/vize_atelier_sfc__compile_script__tests__compile_script_tests__compile_script_setup_with_next_line_define_props_assignment.snap;crates/vize_atelier_sfc/src/compile_script/snapshots/vize_atelier_sfc__compile_script__tests__compile_script_tests__default_import_type_only_with_template.snap;crates/vize_atelier_sfc/src/compile_script/snapshots/vize_atelier_sfc__compile_script__tests__compile_script_tests__import_used_only_in_ts_positions_not_returned.snap;crates/vize_atelier_sfc/src/compile_script/snapshots/vize_atelier_sfc__compile_script__tests__compile_script_tests__mixed_import_type_and_runtime_with_template.snap;crates/vize_atelier_sfc/src/compile_script/snapshots/vize_atelier_sfc__compile_script__tests__compile_script_tests__no_template_preserves_all_imports_in_returned.snap;crates/vize_atelier_sfc/src/compile_script/tests.rs;crates/vize_atelier_sfc/tests/scoped_slot_shadowing.rs;crates/vize_atelier_ssr/src/snapshots/vize_atelier_ssr__tests__ssr_dynamic_slot_vnode_fallback_uses_create_slots.snap;crates/vize_atelier_ssr/src/snapshots/vize_atelier_ssr__tests__ssr_dynamic_v_for_slot_uses_create_slots.snap;crates/vize_atelier_ssr/src/snapshots/vize_atelier_ssr__tests__ssr_named_scoped_slot_keeps_props_in_vnode_fallback.snap;crates/vize_atelier_ssr/src/snapshots/vize_atelier_ssr__tests__ssr_slot_outlet_fallback_survives_vnode_branch.snap;crates/vize_atelier_ssr/tests/snapshots/ssr_snapshot__component__component_slot_v_for_aliases_stay_local.snap;crates/vize_atelier_ssr/tests/snapshots/ssr_snapshot__component__dynamic_component_slot_v_for_returns_vnodes.snap	keyed-slot-conditional@crates/vize_atelier_ssr/tests/fixtures/fix-history/input-provenance.json;keyed-slot-single-element@crates/vize_atelier_ssr/tests/fixtures/fix-history/input-provenance.json;keyed-slot-fallback@crates/vize_atelier_ssr/tests/fixtures/fix-history/input-provenance.json	fixture-linked;target-and-semantic-review-pending	-
f4dbdb44c080b869630d8ad83d46a95fa356e124	fix(canon): infer generic component props (#2476)	crates/vize_croquis/src/drawer/template/components.rs	-	-	semantic-review-pending	-
87ed46d9a282a5f3da07900c6c67e5a7b652a316	fix(canon): normalize boolean props and TSX setup refs (#2475)	crates/vize_atelier_sfc/src/croquis/drawer.rs;crates/vize_croquis/src/drawer/script.rs;crates/vize_croquis/src/script_parser.rs;crates/vize_croquis/src/script_parser/parse.rs	-	-	semantic-review-pending	-
261e88513e2f5411167f7a401a69fcb35b241088	fix(croquis): resolve inherited interface props (#2453)	crates/vize_croquis/src/script_parser.rs;crates/vize_croquis/src/script_parser/interface_extends_tests.rs;crates/vize_croquis/src/script_parser/process/statements.rs;crates/vize_croquis/src/script_parser/result.rs;crates/vize_croquis/src/types/props.rs;crates/vize_croquis/src/types/tests.rs	crates/vize_croquis/src/script_parser/interface_extends_tests.rs;crates/vize_croquis/src/types/tests.rs	-	semantic-review-pending	-
3dbb66240393de7a2073cd0a68270091b556b9c3	fix(jsx): preserve block-body component setup state (#2447)	crates/vize_atelier_jsx/src/compile.rs;crates/vize_atelier_jsx/src/compile/component.rs;crates/vize_atelier_jsx/src/compile/render_exports.rs;crates/vize_atelier_jsx/src/finder.rs;crates/vize_atelier_jsx/src/lib.rs;crates/vize_atelier_jsx/src/ssr.rs;crates/vize_atelier_jsx/src/vapor.rs;crates/vize_atelier_jsx/src/vdom.rs;crates/vize_atelier_jsx/tests/compile.rs	crates/vize_atelier_jsx/tests/compile.rs	-	semantic-review-pending	-
a6c98e7d24eb7323d7f3b9d2543e3e9f2f7def5b	fix(canon): handle recent template and TSX typing regressions (#2446)	crates/vize_croquis/src/script_parser/result.rs	-	-	semantic-review-pending	-
1286cef9c234eefd086406fc6063448edbd04853	fix(canon): parse TSX module scripts (#2345)	crates/vize_atelier_sfc/src/compile.rs;crates/vize_atelier_sfc/src/croquis/drawer.rs;crates/vize_croquis/src/drawer/script.rs;crates/vize_croquis/src/script_parser.rs;crates/vize_croquis/src/script_parser/parse.rs	-	-	semantic-review-pending	-
631ebd994ba4ee329afdf7dc5986615a901c4e94	fix(canon): expose inherited generic props (#2304)	crates/vize_croquis/src/drawer/template/tests.rs;crates/vize_croquis/src/script_parser/result.rs;crates/vize_croquis/src/types.rs;crates/vize_croquis/src/types/props.rs;crates/vize_croquis/src/types/tests.rs	crates/vize_croquis/src/drawer/template/tests.rs;crates/vize_croquis/src/types/tests.rs	-	semantic-review-pending	-
8ba5ae5e00b01abb5a8670ee7f05e65c8adbbbef	fix: publish release packages and unique JSX renders	crates/vize_atelier_jsx/src/compile.rs;crates/vize_atelier_jsx/src/compile/render_exports.rs;crates/vize_atelier_jsx/tests/compile.rs;crates/vize_atelier_jsx/tests/snapshots/adversarial_snapshots__mode_aware_multi_component_module.snap	crates/vize_atelier_jsx/tests/compile.rs;crates/vize_atelier_jsx/tests/snapshots/adversarial_snapshots__mode_aware_multi_component_module.snap	-	semantic-review-pending	-
dfd378575309c42bc1ce77fa4a889d26e1146a89	fix(unplugin): avoid empty SFC failures in Nuxt 2 webpack integration (#2267)	crates/vize_atelier_sfc/src/compile.rs;crates/vize_atelier_sfc/src/compile/empty_component.rs;crates/vize_atelier_sfc/tests/empty_component.rs	crates/vize_atelier_sfc/tests/empty_component.rs	-	semantic-review-pending	-
7ae31c3258c73433ccfa9397fbee16c2331f0593	fix(atelier): preserve live Options API event lookups (#2265)	crates/vize_atelier_core/src/codegen/props/events.rs;crates/vize_atelier_sfc/src/compile/tests.rs;crates/vize_atelier_sfc/src/compile/tests/options_api_events.rs	crates/vize_atelier_sfc/src/compile/tests.rs;crates/vize_atelier_sfc/src/compile/tests/options_api_events.rs	-	semantic-review-pending	-
8dfa380dda24767e7d61b8ce42037eea99cd8324	fix(canon): preserve nested Vue 2 event aliases (#2260)	crates/vize_croquis/src/drawer/template/directives/v_on.rs	-	-	semantic-review-pending	-
93809d83b6d08f33237614ff16ee8f8d0ed8392c	fix(vite-plugin): preserve optional chaining in virtual Vue modules	crates/vize_atelier_core/src/codegen/slots/tests.rs;crates/vize_atelier_sfc/src/compile/tests/define_props_regressions.rs	crates/vize_atelier_core/src/codegen/slots/tests.rs;crates/vize_atelier_sfc/src/compile/tests/define_props_regressions.rs	-	semantic-review-pending	-
b1c332037642fb606f7ce534b0ff3cf3e0de05a3	fix(canon): expose deeply destructured setup bindings	crates/vize_atelier_sfc/src/compile/tests/define_props_regressions.rs;crates/vize_atelier_sfc/src/script/context/helpers.rs;crates/vize_atelier_sfc/src/script/context/parse.rs;crates/vize_croquis/src/script_parser/process/bindings.rs;crates/vize_croquis/src/script_parser/process/macros.rs;crates/vize_croquis/src/script_parser/props_destructure_tests.rs	crates/vize_atelier_sfc/src/compile/tests/define_props_regressions.rs;crates/vize_croquis/src/script_parser/props_destructure_tests.rs	-	semantic-review-pending	-
c2e8e29813137ec235e78b6e9d5573b27c7a0d82	fix(musea): parse Vue TSX slot object stories (#2215)	crates/vize_atelier_jsx/src/lib.rs;crates/vize_atelier_jsx/src/lower/attr.rs;crates/vize_atelier_jsx/src/parse.rs;crates/vize_atelier_jsx/tests/attributes.rs;crates/vize_atelier_jsx/tests/slots.rs	crates/vize_atelier_jsx/tests/attributes.rs;crates/vize_atelier_jsx/tests/slots.rs	-	semantic-review-pending	-
bd113bbccb2be992217f99d60b620f3715e4f1b5	fix: reduce Vue check false positives (#2134)	crates/vize_atelier_core/src/codegen/source_map.rs;crates/vize_atelier_sfc/src/compile.rs;crates/vize_atelier_sfc/src/compile/tests.rs;crates/vize_atelier_sfc/src/compile_script.rs;crates/vize_atelier_sfc/src/compile_script/artifacts.rs;crates/vize_atelier_sfc/src/compile_script/function_mode/compiler.rs;crates/vize_atelier_sfc/src/compile_script/inline/compiler.rs;crates/vize_atelier_sfc/src/compile_script/tests.rs	crates/vize_atelier_sfc/src/compile/tests.rs;crates/vize_atelier_sfc/src/compile_script/tests.rs	-	semantic-review-pending	-
54ba6d4e2b5b8330f31cde3da403df6645972a8f	fix: address lint migration and scoped CSS regressions (#2057)	crates/vize_atelier_sfc/src/compile/tests.rs;crates/vize_atelier_sfc/src/compile/tests/define_props_regressions.rs;crates/vize_atelier_sfc/src/css.rs;crates/vize_atelier_sfc/src/css/scoped.rs;crates/vize_atelier_sfc/src/css/scoped_selector.rs;crates/vize_atelier_sfc/src/css/tests.rs;crates/vize_atelier_sfc/src/css/tests/scoped_regressions.rs	crates/vize_atelier_sfc/src/compile/tests.rs;crates/vize_atelier_sfc/src/compile/tests/define_props_regressions.rs;crates/vize_atelier_sfc/src/css/tests.rs;crates/vize_atelier_sfc/src/css/tests/scoped_regressions.rs	-	semantic-review-pending	-
03298d8329177cb25cf807cd224d8f48e251b449	fix(canon): keep nested union props out of template bindings (#2039)	crates/vize_croquis/src/drawer/template/tests.rs;crates/vize_croquis/src/types.rs;crates/vize_croquis/src/types/tests.rs	crates/vize_croquis/src/drawer/template/tests.rs;crates/vize_croquis/src/types/tests.rs	-	semantic-review-pending	-
fd87bb1274a781dad70c3599df9fd3365a1eb870	fix(canon): preserve normal script exported type bodies (#2038)	crates/vize_croquis/src/script_parser/process/mod.rs;crates/vize_croquis/src/script_parser/process/module_exports.rs;crates/vize_croquis/src/script_parser/process/statements.rs;crates/vize_croquis/src/script_parser/result.rs;crates/vize_croquis/src/script_parser/snapshots/vize_croquis__script_parser__tests__parse_imports.snap;crates/vize_croquis/src/script_parser/snapshots/vize_croquis__script_parser__tests__parse_reactivity.snap	crates/vize_croquis/src/script_parser/snapshots/vize_croquis__script_parser__tests__parse_imports.snap;crates/vize_croquis/src/script_parser/snapshots/vize_croquis__script_parser__tests__parse_reactivity.snap	-	semantic-review-pending	-
e9bfbcc91101021a20a5496ebdcf1740c99e7539	fix(canon): keep setup-derived type aliases in scope (#2037)	crates/vize_croquis/src/script_parser/result.rs;crates/vize_croquis/src/script_parser/snapshots/vize_croquis__script_parser__tests__parse_imports.snap;crates/vize_croquis/src/script_parser/snapshots/vize_croquis__script_parser__tests__parse_reactivity.snap;crates/vize_croquis/src/script_parser/typeof_refs.rs	crates/vize_croquis/src/script_parser/snapshots/vize_croquis__script_parser__tests__parse_imports.snap;crates/vize_croquis/src/script_parser/snapshots/vize_croquis__script_parser__tests__parse_reactivity.snap	-	semantic-review-pending	-
ff008f61e83372618ae57ee453c1361e814a0f4f	fix(compiler): unref setup component tags (#1986)	crates/vize_atelier_core/src/codegen.rs;crates/vize_atelier_core/src/codegen/component_binding.rs;crates/vize_atelier_core/src/codegen/context.rs;crates/vize_atelier_core/src/codegen/element/block.rs;crates/vize_atelier_core/src/codegen/element/inline.rs;crates/vize_atelier_core/src/codegen/element/v_once.rs;crates/vize_atelier_core/src/codegen/v_for/generate.rs;crates/vize_atelier_core/src/codegen/v_if/branch.rs;crates/vize_atelier_dom/tests/setup_component_unref.rs;crates/vize_atelier_sfc/src/compile/snapshots/vize_atelier_sfc__compile__tests__script_setup_sfc_uses_setup_member_bindings_for_dotted_components.snap;crates/vize_atelier_sfc/src/lib.rs;crates/vize_atelier_sfc/tests/setup_component_unref.rs	crates/vize_atelier_dom/tests/setup_component_unref.rs;crates/vize_atelier_sfc/src/compile/snapshots/vize_atelier_sfc__compile__tests__script_setup_sfc_uses_setup_member_bindings_for_dotted_components.snap;crates/vize_atelier_sfc/tests/setup_component_unref.rs	compiler/sfc/computed-component-unref@crates/vize_atelier_sfc/tests/fixtures/fix-history/next-provenance.json	fixture-linked;target-and-semantic-review-pending	-
06fe8eb5a16ca8f1d759874dc298a79d573ef32e	fix(compiler): preserve musea art setup metadata (#1976)	crates/vize_atelier_sfc/src/compile_script/inline/compiler.rs;crates/vize_atelier_sfc/src/compile_script/statement_sections.rs	-	-	semantic-review-pending	-
8941aae4860d6d425c099db16bf22ac24e84f2fc	fix(check): infer options api emit payloads (#1962)	crates/vize_croquis/src/script_parser.rs;crates/vize_croquis/src/script_parser/extract.rs;crates/vize_croquis/src/script_parser/extract/emits.rs;crates/vize_croquis/src/script_parser/options_api_emits_tests.rs;crates/vize_croquis/src/script_parser/parse.rs;crates/vize_croquis/src/script_parser/process/options_api.rs;crates/vize_croquis/src/script_parser/process/options_api/emits.rs	crates/vize_croquis/src/script_parser/options_api_emits_tests.rs	-	semantic-review-pending	-
8f03946b7addc515b16ae8deab19e5f820c97569	fix(compiler): preserve scoped slot prop shadowing (#1953)	crates/vize_atelier_core/src/codegen/expression.rs;crates/vize_atelier_core/src/codegen/expression/generate.rs;crates/vize_atelier_core/src/codegen/expression/helpers.rs;crates/vize_atelier_core/src/codegen/expression/scope_prefix.rs;crates/vize_atelier_core/tests/scoped_slot_shadowing.rs;crates/vize_atelier_sfc/tests/scoped_slot_shadowing.rs;crates/vize_atelier_ssr/src/codegen.rs;crates/vize_atelier_ssr/src/codegen/scope_prefix.rs	crates/vize_atelier_core/tests/scoped_slot_shadowing.rs;crates/vize_atelier_sfc/tests/scoped_slot_shadowing.rs	-	semantic-review-pending	-
779b6df5a262061a628072c199baec281f64cd1d	fix(compiler): keep pascal html tags as components (#1952)	crates/vize_armature/src/parser.rs;crates/vize_armature/src/parser/element/mod.rs;crates/vize_armature/src/parser/element/scope.rs;crates/vize_armature/src/parser/element/table.rs;crates/vize_armature/src/parser/element/tags.rs;crates/vize_atelier_dom/tests/dom_snapshot.rs	crates/vize_atelier_dom/tests/dom_snapshot.rs	-	semantic-review-pending	-
64b98a209ff2c036f2c553227a5bc6b7c71298d1	fix: preserve dotted slot names in vapor component slots (#1883)	crates/vize_atelier_vapor/src/lib.rs;crates/vize_atelier_vapor/src/tests_dotted_slots.rs;crates/vize_atelier_vapor/src/transform/element/component.rs;crates/vize_atelier_vapor/src/transform/element/component/slots.rs	-	-	semantic-review-pending	-
21ddd6c1eb9cf7bdfd274e688a722a23954f77ab	fix: preserve dotted slot names	crates/vize_atelier_core/src/transforms/v_slot.rs;crates/vize_atelier_vapor/src/transforms/transform_slot.rs	-	-	semantic-review-pending	-
a2e2c83261035e346dce270d442b54bf171cb3a3	fix(patina): mark v-for aliases used from template refs (#1782)	crates/vize_croquis/src/drawer/template.rs;crates/vize_croquis/src/drawer/template/directives/control_flow.rs;crates/vize_croquis/src/drawer/template/directives/v_bind.rs;crates/vize_croquis/src/drawer/template/directives/v_on.rs;crates/vize_croquis/src/drawer/template/ids.rs;crates/vize_croquis/src/drawer/template/visit_element/scopes.rs;crates/vize_croquis/src/drawer/template/visit_element/second_pass.rs	-	-	semantic-review-pending	-
8a7c23719f7cd0d0a66de5cab3cad29387039bc5	fix(croquis): preserve aliased prop defaults (#1770)	crates/vize_croquis/src/script_parser.rs;crates/vize_croquis/src/script_parser/process/macros.rs;crates/vize_croquis/src/script_parser/props_destructure_tests.rs	crates/vize_croquis/src/script_parser/props_destructure_tests.rs	-	semantic-review-pending	-
02fc155af9e6a1bd0849578f9980218a55cd4f19	fix: stabilize minor release checks	crates/vize_croquis/src/snapshots/vize_croquis__virtual_ts__tests__compiler_macros_are_scoped.snap;crates/vize_croquis/src/snapshots/vize_croquis__virtual_ts__tests__extracts_generic_from_scope_chain.snap;crates/vize_croquis/src/snapshots/vize_croquis__virtual_ts__tests__generate_script_setup.snap;crates/vize_croquis/src/snapshots/vize_croquis__virtual_ts__tests__generate_with_croquis.snap;crates/vize_croquis/src/snapshots/vize_croquis__virtual_ts__tests__snapshot_async_setup.snap;crates/vize_croquis/src/snapshots/vize_croquis__virtual_ts__tests__snapshot_full_sfc.snap;crates/vize_croquis/src/snapshots/vize_croquis__virtual_ts__tests__snapshot_generic_setup.snap;crates/vize_croquis/src/snapshots/vize_croquis__virtual_ts__tests__snapshot_script_setup_output.snap;crates/vize_croquis/src/virtual_ts/generator/script.rs	crates/vize_croquis/src/snapshots/vize_croquis__virtual_ts__tests__compiler_macros_are_scoped.snap;crates/vize_croquis/src/snapshots/vize_croquis__virtual_ts__tests__extracts_generic_from_scope_chain.snap;crates/vize_croquis/src/snapshots/vize_croquis__virtual_ts__tests__generate_script_setup.snap;crates/vize_croquis/src/snapshots/vize_croquis__virtual_ts__tests__generate_with_croquis.snap;crates/vize_croquis/src/snapshots/vize_croquis__virtual_ts__tests__snapshot_async_setup.snap;crates/vize_croquis/src/snapshots/vize_croquis__virtual_ts__tests__snapshot_full_sfc.snap;crates/vize_croquis/src/snapshots/vize_croquis__virtual_ts__tests__snapshot_generic_setup.snap;crates/vize_croquis/src/snapshots/vize_croquis__virtual_ts__tests__snapshot_script_setup_output.snap	-	semantic-review-pending	-
b76d2f7b3d23c49f55a12f2a7ba41e553304da1f	fix(canon): extract prop interface fields via AST, drop the text scanner (#1394) (#1544)	crates/vize_croquis/src/croquis/model.rs;crates/vize_croquis/src/script_parser/process/statements.rs;crates/vize_croquis/src/script_parser/result.rs;crates/vize_croquis/src/script_parser/snapshots/vize_croquis__script_parser__tests__parse_imports.snap;crates/vize_croquis/src/script_parser/snapshots/vize_croquis__script_parser__tests__parse_reactivity.snap;crates/vize_croquis/src/types.rs	crates/vize_croquis/src/script_parser/snapshots/vize_croquis__script_parser__tests__parse_imports.snap;crates/vize_croquis/src/script_parser/snapshots/vize_croquis__script_parser__tests__parse_reactivity.snap	-	semantic-review-pending	-
f2bc83fc5baa1ed096dd28ef5aaa7a7fe7cfe1ce	fix(jsx): support v-model modifier array and underscore-suffix forms (#1489) (#1525)	crates/vize_atelier_jsx/src/lower/attr.rs;crates/vize_atelier_jsx/tests/PARITY_INVENTORY.md;crates/vize_atelier_jsx/tests/parity_vdom.rs	crates/vize_atelier_jsx/tests/PARITY_INVENTORY.md;crates/vize_atelier_jsx/tests/parity_vdom.rs	-	semantic-review-pending	-
49e5531b2c7e9e77647d35c87e795134e5205477	fix(croquis): reduce reactivity loss false positives (#1515)	crates/vize_croquis/src/reactivity.rs;crates/vize_croquis/src/reactivity_tracking/tracker.rs;crates/vize_croquis/src/script_parser/extract.rs;crates/vize_croquis/src/script_parser/extract/plain_values.rs;crates/vize_croquis/src/script_parser/extract/plain_values/records.rs;crates/vize_croquis/src/script_parser/extract/plain_values/sources.rs;crates/vize_croquis/src/script_parser/process/macros.rs;crates/vize_croquis/src/script_parser/result.rs;crates/vize_croquis/src/script_parser/tests.rs;crates/vize_croquis/src/script_parser/walk/expressions.rs	crates/vize_croquis/src/script_parser/tests.rs	-	semantic-review-pending	-
69a8f2839a5729bec3a25cbd8af126cdb91619a4	fix(armature): make LegacyDialectCapabilities non_exhaustive, bump to 0.205.0 (#1504)	crates/vize_armature/src/legacy.rs	-	-	semantic-review-pending	-
a17b0809e5b241610f7aba7b5aebc420d13cb4b9	fix(atelier): preserve legacy scoped-slot value locations (#1490)	crates/vize_atelier_core/src/transforms/legacy.rs;crates/vize_atelier_core/tests/legacy_template_sugar.rs	crates/vize_atelier_core/tests/legacy_template_sugar.rs	-	semantic-review-pending	-
286347573a311add8717c5f5cd5be15601c48ac1	fix(atelier): emit diagnostic on defineProps destructure parse failure (#1456)	crates/vize_atelier_sfc/src/compile_script/function_mode/compiler.rs;crates/vize_atelier_sfc/src/compile_script/inline/compiler/body.rs;crates/vize_atelier_sfc/src/script/define_props_destructure/helpers.rs;crates/vize_atelier_sfc/src/script/define_props_destructure/tests.rs;crates/vize_atelier_sfc/src/script/define_props_destructure/transform.rs	crates/vize_atelier_sfc/src/script/define_props_destructure/tests.rs	-	semantic-review-pending	-
94129899e023dbcea8b9c7a1d02f4fa38d9c2d81	fix(atelier): hoist nested static subtrees as one recursive VNodeCall (#1454)	crates/vize_atelier_core/src/codegen/children.rs;crates/vize_atelier_core/src/codegen/context.rs;crates/vize_atelier_core/src/codegen/generate.rs;crates/vize_atelier_core/src/transforms/hoist_static.rs	-	-	semantic-review-pending	-
043ac056bc02f8e5e94f3f49312164c58b2bb316	fix(atelier): prefix Options API template bindings like Vue (#1446)	crates/vize_atelier_core/src/codegen/expression/helpers.rs;crates/vize_atelier_core/src/transforms/transform_expression/prefix.rs;crates/vize_atelier_sfc/src/compile.rs;crates/vize_atelier_sfc/src/compile/snapshots/vize_atelier_sfc__compile__tests__non_script_setup_typescript_preserved.snap;crates/vize_atelier_sfc/tests/allocation_budget.rs;crates/vize_croquis/src/script_parser/process/options_api.rs	crates/vize_atelier_sfc/src/compile/snapshots/vize_atelier_sfc__compile__tests__non_script_setup_typescript_preserved.snap;crates/vize_atelier_sfc/tests/allocation_budget.rs	-	semantic-review-pending	-
e8ad806442134436b0a2750d6a93b63b627dceb1	fix(canon): derive async setup from script AST (#1432)	crates/vize_croquis/Cargo.toml;crates/vize_croquis/src/script_parser/parse.rs;crates/vize_croquis/src/script_parser/tests.rs	crates/vize_croquis/src/script_parser/tests.rs	-	semantic-review-pending	-
0d111ee143f23a59ecd847604691854a18f286e4	fix(croquis): classify class prop decorators as props (#1431)	crates/vize_croquis/src/script_parser/process/class_component.rs;crates/vize_croquis/src/script_parser/tests.rs	crates/vize_croquis/src/script_parser/tests.rs	-	semantic-review-pending	-
c982636085b3be4d768a1ea72a09e6f6222365c1	fix: repair main CI — legacy-feature rename fallout and declaration-emit expectations (#1421)	crates/vize_armature/src/legacy.rs	-	-	semantic-review-pending	-
336622af2aea3f9bce3e7c297e3b4307bd7445ff	fix(atelier): emit diagnostics for invalid template expressions instead of silent passthrough (#1416)	crates/vize_atelier_core/src/transform.rs;crates/vize_atelier_core/src/transform/context.rs;crates/vize_atelier_core/src/transforms/transform_expression.rs;crates/vize_atelier_core/src/transforms/transform_expression/inline_handler.rs;crates/vize_atelier_core/src/transforms/transform_expression/rewrite.rs;crates/vize_atelier_core/src/transforms/v_for.rs;crates/vize_atelier_dom/src/compile.rs;crates/vize_atelier_dom/tests/invalid_expression_diagnostics.rs;crates/vize_atelier_dom/tests/snapshots/invalid_expression_diagnostics__success_path_output_is_unchanged.snap;crates/vize_atelier_sfc/src/compile/tests.rs;crates/vize_atelier_ssr/src/lib.rs	crates/vize_atelier_dom/tests/invalid_expression_diagnostics.rs;crates/vize_atelier_dom/tests/snapshots/invalid_expression_diagnostics__success_path_output_is_unchanged.snap;crates/vize_atelier_sfc/src/compile/tests.rs	compiler/sfc/invalid-template-expression-diagnostic@crates/vize_atelier_sfc/tests/fixtures/fix-history/diagnostic-provenance.json	fixture-linked;target-and-semantic-review-pending	-
ad4a92c47eff01f5abe67554d7ab8422b209676d	fix(croquis): extract type definitions via OXC AST instead of text scanning (#1409)	crates/vize_croquis/src/import_resolver.rs	-	-	semantic-review-pending	-
1fdbb7ad0c88d27a55d4fa9056b2140916d2ac17	fix(canon): keep vize check on the fast corsa CLI path (#1382)	crates/vize_croquis/src/declaration_ts.rs	-	-	semantic-review-pending	-
3d51d268e9bfbfa69328c7ff47070ee87d72fd2f	fix: preserve Vapor mixed text children (#1379)	crates/vize_atelier_sfc/src/compile/snapshots/vize_atelier_sfc__compile__tests__script_setup_sfc_vapor_output_mode.snap;crates/vize_atelier_sfc/src/script/define_props_destructure/collector.rs;crates/vize_atelier_sfc/src/script/define_props_destructure/tests.rs;crates/vize_atelier_vapor/src/snapshots/vize_atelier_vapor__tests__compile_mixed_text_static_and_if_children_preserves_template_shape.snap;crates/vize_atelier_vapor/src/tests.rs;crates/vize_atelier_vapor/src/transform/element/deferred.rs;crates/vize_atelier_vapor/src/transform/element/template.rs	crates/vize_atelier_sfc/src/compile/snapshots/vize_atelier_sfc__compile__tests__script_setup_sfc_vapor_output_mode.snap;crates/vize_atelier_sfc/src/script/define_props_destructure/tests.rs;crates/vize_atelier_vapor/src/snapshots/vize_atelier_vapor__tests__compile_mixed_text_static_and_if_children_preserves_template_shape.snap;crates/vize_atelier_vapor/src/tests.rs	-	semantic-review-pending	-
8252898b62bff2877e7e09dcfb2d98b223c19f9d	fix(canon,maestro): resolve inherited props before template analysis (#1373)	crates/vize_atelier_sfc/src/croquis.rs	-	-	semantic-review-pending	-
1b175a044397f99dd191b3f561cc790b81b3fa98	fix(atelier_sfc): resolve imported types through node_modules packages (#1368)	crates/vize_atelier_sfc/src/script/context/external_types.rs	-	-	semantic-review-pending	-
dd9f507ccdf045c33596e6f37f403b06a084b1e7	fix(atelier_ssr): emit slot outlet fallback content in the vnode branch (#1363)	crates/vize_atelier_ssr/src/codegen/element/vnode.rs;crates/vize_atelier_ssr/src/lib.rs;crates/vize_atelier_ssr/src/snapshots/vize_atelier_ssr__tests__ssr_slot_outlet_fallback_survives_vnode_branch.snap	crates/vize_atelier_ssr/src/snapshots/vize_atelier_ssr__tests__ssr_slot_outlet_fallback_survives_vnode_branch.snap	-	semantic-review-pending	-
bd1aa453ae43810c4a87b9a5a56bea7b2e736433	fix(atelier_sfc): follow plain re-exports when collecting imported types (#1362)	crates/vize_atelier_sfc/src/script/context/external_types.rs	-	-	semantic-review-pending	-
4819858579748608f8a3837b62ee6a2fb638d11e	fix(atelier_ssr): bind v-slot props declared directly on a component (#1361)	crates/vize_atelier_ssr/src/codegen/element/component.rs;crates/vize_atelier_ssr/src/codegen/element/vnode.rs;crates/vize_atelier_ssr/src/lib.rs;crates/vize_atelier_ssr/src/snapshots/vize_atelier_ssr__tests__ssr_component_level_v_slot_binds_props.snap	crates/vize_atelier_ssr/src/snapshots/vize_atelier_ssr__tests__ssr_component_level_v_slot_binds_props.snap	-	semantic-review-pending	-
49c9bcc2d19e1a1abfc2bcd0a372e16339a41ff6	fix(atelier_ssr): keep named scoped slot entries in vnode fallback (#1360)	crates/vize_atelier_ssr/src/codegen/element/vnode.rs;crates/vize_atelier_ssr/src/lib.rs;crates/vize_atelier_ssr/src/snapshots/vize_atelier_ssr__tests__ssr_named_scoped_slot_keeps_props_in_vnode_fallback.snap	crates/vize_atelier_ssr/src/snapshots/vize_atelier_ssr__tests__ssr_named_scoped_slot_keeps_props_in_vnode_fallback.snap	-	semantic-review-pending	-
ee31598c93abfe7c104b6a491f8f3907c5472b8e	fix(atelier_sfc): resolve inherited props for generic interfaces (#1357)	crates/vize_atelier_sfc/src/script/type_resolution.rs	-	-	semantic-review-pending	-
b62246f640d6457fee61a836823cf817e9b8f8cc	fix(atelier_ssr): route dynamic/looped/conditional slots through createSlots (#1349)	crates/vize_atelier_ssr/src/codegen/element.rs;crates/vize_atelier_ssr/src/codegen/element/component.rs;crates/vize_atelier_ssr/src/codegen/element/vnode.rs;crates/vize_atelier_ssr/src/lib.rs;crates/vize_atelier_ssr/src/snapshots/vize_atelier_ssr__tests__ssr_conditional_slot_uses_create_slots.snap;crates/vize_atelier_ssr/src/snapshots/vize_atelier_ssr__tests__ssr_dynamic_slot_vnode_fallback_uses_create_slots.snap;crates/vize_atelier_ssr/src/snapshots/vize_atelier_ssr__tests__ssr_dynamic_v_for_slot_uses_create_slots.snap	crates/vize_atelier_ssr/src/snapshots/vize_atelier_ssr__tests__ssr_conditional_slot_uses_create_slots.snap;crates/vize_atelier_ssr/src/snapshots/vize_atelier_ssr__tests__ssr_dynamic_slot_vnode_fallback_uses_create_slots.snap;crates/vize_atelier_ssr/src/snapshots/vize_atelier_ssr__tests__ssr_dynamic_v_for_slot_uses_create_slots.snap	-	semantic-review-pending	-
cb760c0b844f3dc1ad08b64441245d61fb16579f	fix(atelier_ssr): keep component event listeners and v-model handlers (#1313)	crates/vize_atelier_ssr/src/codegen/element/component.rs;crates/vize_atelier_ssr/tests/snapshots/ssr_snapshot__component__component_event_listeners_are_kept.snap;crates/vize_atelier_ssr/tests/snapshots/ssr_snapshot__component__component_v_model_keeps_update_listener.snap;crates/vize_atelier_ssr/tests/snapshots/ssr_snapshot__component__component_v_model_with_argument_keeps_update_listener.snap;crates/vize_atelier_ssr/tests/snapshots/ssr_snapshot__component__component_v_on_object_syntax_merges_handlers.snap;crates/vize_atelier_ssr/tests/ssr_snapshot.rs	crates/vize_atelier_ssr/tests/snapshots/ssr_snapshot__component__component_event_listeners_are_kept.snap;crates/vize_atelier_ssr/tests/snapshots/ssr_snapshot__component__component_v_model_keeps_update_listener.snap;crates/vize_atelier_ssr/tests/snapshots/ssr_snapshot__component__component_v_model_with_argument_keeps_update_listener.snap;crates/vize_atelier_ssr/tests/snapshots/ssr_snapshot__component__component_v_on_object_syntax_merges_handlers.snap;crates/vize_atelier_ssr/tests/ssr_snapshot.rs	-	semantic-review-pending	-
80d507efb5253248587dd0bfd3c49ea1507fbe14	fix(atelier_sfc): guard recursive type aliases in runtime prop type resolution (#1311)	crates/vize_atelier_sfc/src/compile_script/props.rs	-	-	semantic-review-pending	-
e763bc7b3b8a2a0c990d688016b15f80950865f2	fix(atelier_sfc): preserve multi-line hoisted object/array consts in script setup (#1310)	crates/vize_atelier_sfc/src/compile_template/extraction.rs;crates/vize_atelier_sfc/src/compile_template/string_tracking.rs;crates/vize_atelier_sfc/src/compile_template/tests.rs	crates/vize_atelier_sfc/src/compile_template/tests.rs	-	semantic-review-pending	-
fbcad4f99102880234c00f6e301f4321ae23d517	fix(armature): stop flagging self-closing SVG and <p>-across-<template>; gate SFC fallback on hard errors (#1307)	crates/vize_armature/src/parser/element.rs;crates/vize_armature/src/parser/tests.rs	crates/vize_armature/src/parser/tests.rs	-	semantic-review-pending	-
5490d3b7ef49cd15451eaef1d4b3024d6b086162	fix(atelier_core): escape and paren-aware split merged static style (#1301)	crates/vize_atelier_core/src/codegen.rs;crates/vize_atelier_core/src/codegen/props/directives.rs	-	-	semantic-review-pending	-
2622994054ec41230e319711aaff77ccf2c27cb2	fix(atelier_core): reject v-model with an arg on a plain element (#1303)	crates/vize_atelier_core/src/transform/element.rs	-	-	semantic-review-pending	-
22e4ff4e48d6136d43a5073ab5edf7079fe4748b	fix(atelier_sfc): support defineProps utility types	crates/vize_atelier_sfc/src/compile_script/inline/tests.rs;crates/vize_atelier_sfc/src/script/type_resolution.rs	crates/vize_atelier_sfc/src/compile_script/inline/tests.rs	-	semantic-review-pending	-
84de90c726607b7391b5f60f09dfdd0ad461e4d2	fix(atelier_core): keep option-modified v-on events as distinct props (#1299)	crates/vize_atelier_core/src/codegen.rs;crates/vize_atelier_core/src/codegen/props/events.rs;crates/vize_atelier_core/src/codegen/props/generate.rs;crates/vize_atelier_core/src/codegen/props/scan.rs	-	-	semantic-review-pending	-
1165a6fffc830ac438eebccc7870b30f153a05a4	fix(atelier_core): register looped slot v-for key/index aliases as slot params (#1295)	crates/vize_atelier_core/src/codegen.rs	-	-	semantic-review-pending	-
8779e7238169efecc52d508d1621b96dbedb8e92	fix(atelier_core): register looped slot key/index aliases (#1294)	crates/vize_atelier_core/src/codegen.rs;crates/vize_atelier_core/src/codegen/props/directives.rs;crates/vize_atelier_core/src/codegen/slots.rs;crates/vize_atelier_core/src/snapshots/vize_atelier_core__codegen__tests__codegen_looped_slot_key_and_index_aliases_stay_local_in_dynamic_args.snap	crates/vize_atelier_core/src/snapshots/vize_atelier_core__codegen__tests__codegen_looped_slot_key_and_index_aliases_stay_local_in_dynamic_args.snap	-	semantic-review-pending	-
6d0f5d1f600dda13f0baf5ce29068504b4dddd5c	fix(atelier_sfc): preserve defineModel tuple bindings (#1292)	crates/vize_atelier_sfc/src/compile/snapshots/vize_atelier_sfc__compile__tests__define_model_array_destructure.snap;crates/vize_atelier_sfc/src/compile/tests.rs;crates/vize_atelier_sfc/src/compile_script/function_mode/compiler.rs;crates/vize_atelier_sfc/src/compile_script/inline/compiler/body.rs;crates/vize_atelier_sfc/src/compile_script/inline/compiler/model.rs;crates/vize_atelier_sfc/src/compile_script/inline/compiler/setup_emit.rs;crates/vize_atelier_sfc/src/compile_script/snapshots/vize_atelier_sfc__compile_script__tests__compile_script_tests__compile_script_setup_with_define_model_array_destructure.snap;crates/vize_atelier_sfc/src/compile_script/tests.rs;crates/vize_atelier_sfc/src/script.rs;crates/vize_atelier_sfc/src/script/context/parse.rs;crates/vize_atelier_sfc/src/script/utils.rs	crates/vize_atelier_sfc/src/compile/snapshots/vize_atelier_sfc__compile__tests__define_model_array_destructure.snap;crates/vize_atelier_sfc/src/compile/tests.rs;crates/vize_atelier_sfc/src/compile_script/snapshots/vize_atelier_sfc__compile_script__tests__compile_script_tests__compile_script_setup_with_define_model_array_destructure.snap;crates/vize_atelier_sfc/src/compile_script/tests.rs	-	semantic-review-pending	-
9319a0769df570cf0fd03c5982d153d6a39f29e7	fix(canon): type template slot props from owner component	crates/vize_croquis/src/drawer/core.rs;crates/vize_croquis/src/drawer/template/visit_element.rs;crates/vize_croquis/src/drawer/template/visit_element/scopes.rs;crates/vize_croquis/src/scope/types/scope_data.rs	-	-	semantic-review-pending	-
5b4a87439bb60e5b5b557464671bf0905ec9ecb8	fix(croquis): resolve runtime object macro spreads	crates/vize_croquis/src/script_parser.rs;crates/vize_croquis/src/script_parser/extract.rs;crates/vize_croquis/src/script_parser/extract/emits.rs;crates/vize_croquis/src/script_parser/extract/props.rs;crates/vize_croquis/src/script_parser/extract/runtime_objects.rs;crates/vize_croquis/src/script_parser/process/macros.rs;crates/vize_croquis/src/snapshots/vize_croquis__script_parser__tests__parse_imports.snap;crates/vize_croquis/src/snapshots/vize_croquis__script_parser__tests__parse_reactivity.snap	crates/vize_croquis/src/snapshots/vize_croquis__script_parser__tests__parse_imports.snap;crates/vize_croquis/src/snapshots/vize_croquis__script_parser__tests__parse_reactivity.snap	-	semantic-review-pending	-
7572a3a3701600d2fb35d317f44506d0ec6a9b34	fix(atelier_sfc): avoid defineEmits payload literals in runtime emits	crates/vize_atelier_sfc/src/compile_script/props.rs;crates/vize_atelier_sfc/src/compile_script/snapshots/vize_atelier_sfc__compile_script__tests__compile_script_tests__compile_script_setup_with_define_emits_custom_event_parameter.snap;crates/vize_atelier_sfc/src/compile_script/snapshots/vize_atelier_sfc__compile_script__tests__compile_script_tests__compile_script_setup_with_define_emits_literal_union_payload.snap;crates/vize_atelier_sfc/src/compile_script/snapshots/vize_atelier_sfc__compile_script__tests__compile_script_tests__compile_script_setup_with_define_emits_multiple_literal_payloads.snap;crates/vize_atelier_sfc/src/compile_script/tests.rs	crates/vize_atelier_sfc/src/compile_script/snapshots/vize_atelier_sfc__compile_script__tests__compile_script_tests__compile_script_setup_with_define_emits_custom_event_parameter.snap;crates/vize_atelier_sfc/src/compile_script/snapshots/vize_atelier_sfc__compile_script__tests__compile_script_tests__compile_script_setup_with_define_emits_literal_union_payload.snap;crates/vize_atelier_sfc/src/compile_script/snapshots/vize_atelier_sfc__compile_script__tests__compile_script_tests__compile_script_setup_with_define_emits_multiple_literal_payloads.snap;crates/vize_atelier_sfc/src/compile_script/tests.rs	-	semantic-review-pending	-
5c71a8ed6f28645ff85889d3ad00a040946f9c21	fix(atelier_ssr): render v-for slot fallback vnodes	crates/vize_atelier_ssr/src/codegen/element/vnode.rs;crates/vize_atelier_ssr/src/codegen/helpers.rs;crates/vize_atelier_ssr/tests/snapshots/ssr_snapshot__component__component_slot_v_for_aliases_stay_local.snap;crates/vize_atelier_ssr/tests/snapshots/ssr_snapshot__component__dynamic_component_slot_v_for_returns_vnodes.snap;crates/vize_atelier_ssr/tests/ssr_snapshot.rs	crates/vize_atelier_ssr/tests/snapshots/ssr_snapshot__component__component_slot_v_for_aliases_stay_local.snap;crates/vize_atelier_ssr/tests/snapshots/ssr_snapshot__component__dynamic_component_slot_v_for_returns_vnodes.snap;crates/vize_atelier_ssr/tests/ssr_snapshot.rs	-	semantic-review-pending	-
7a27316b4ef4245c943ce570658862b2b5356625	fix(atelier_core): reject v-model on scope variables	crates/vize_atelier_core/src/transform/element.rs	-	-	semantic-review-pending	-
6ef014e1b63488803e0846195a3aa4b40077afd1	fix(atelier_sfc): resolve named defineEmits types (#1285)	crates/vize_atelier_sfc/src/compile_script/function_mode/compiler.rs;crates/vize_atelier_sfc/src/compile_script/inline/compiler/model.rs;crates/vize_atelier_sfc/src/compile_script/inline/tests.rs;crates/vize_atelier_sfc/src/compile_script/tests.rs	crates/vize_atelier_sfc/src/compile_script/inline/tests.rs;crates/vize_atelier_sfc/src/compile_script/tests.rs	-	semantic-review-pending	-
eb62d44acada562ca55ed5da9d26b10c348e90c0	fix(croquis): reduce undefined ref offset overhead (#1284)	crates/vize_croquis/src/drawer/core.rs;crates/vize_croquis/src/drawer/template/ids.rs	-	-	semantic-review-pending	-
938a1b11ad3cab1e103544e7c0ef1e56abd7a3c6	fix(croquis): preserve undefined reference offsets (#1283)	crates/vize_croquis/src/analyzer.rs;crates/vize_croquis/src/drawer.rs;crates/vize_croquis/src/drawer/core.rs;crates/vize_croquis/src/drawer/helpers.rs;crates/vize_croquis/src/drawer/helpers/identifiers.rs;crates/vize_croquis/src/drawer/helpers/identifiers/fast.rs;crates/vize_croquis/src/drawer/helpers/identifiers/slow.rs;crates/vize_croquis/src/drawer/helpers/identifiers/slow/walk.rs;crates/vize_croquis/src/drawer/helpers/identifiers/tests.rs;crates/vize_croquis/src/drawer/template/ids.rs	crates/vize_croquis/src/drawer/helpers/identifiers/tests.rs	-	semantic-review-pending	-
70380589e1e76017546a46b44e29dff66dd46e8a	fix(atelier_core): emit v-slot compiler errors (#1280)	crates/vize_atelier_core/src/transform/element.rs;crates/vize_atelier_core/src/transforms/v_slot.rs	-	-	semantic-review-pending	-
63326909bd483b426d516c824f1c2d2e99bd132d	fix(atelier_ssr): render dynamic fallthrough input models (#1274)	crates/vize_atelier_ssr/src/codegen/element/plain.rs;crates/vize_atelier_ssr/tests/snapshots/ssr_snapshot__v_model__v_model_dynamic_type_fallthrough_root.snap;crates/vize_atelier_ssr/tests/ssr_snapshot.rs	crates/vize_atelier_ssr/tests/snapshots/ssr_snapshot__v_model__v_model_dynamic_type_fallthrough_root.snap;crates/vize_atelier_ssr/tests/ssr_snapshot.rs	-	semantic-review-pending	-
af5469c4379e5c0d23a95c6014e331ce48e4d4eb	fix(atelier_core): cache merged v-on handlers (#1276)	crates/vize_atelier_core/src/codegen.rs;crates/vize_atelier_core/src/codegen/props/directives.rs;crates/vize_atelier_core/src/codegen/props/events.rs;crates/vize_atelier_core/src/snapshots/vize_atelier_core__codegen__tests__codegen_merged_v_on_handlers_are_cached.snap	crates/vize_atelier_core/src/snapshots/vize_atelier_core__codegen__tests__codegen_merged_v_on_handlers_are_cached.snap	-	semantic-review-pending	-
ed46c87ca26b69a09a59e0d8987cc5b321059077	fix(atelier_sfc): scope functional CSS selectors in compile_css	crates/vize_atelier_sfc/src/css/scoped.rs;crates/vize_atelier_sfc/src/css/tests.rs;crates/vize_atelier_sfc/src/css/transform.rs	crates/vize_atelier_sfc/src/css/tests.rs	-	semantic-review-pending	-
0895f6324800ac945aaba3c375ef0dc239458f60	fix(atelier_vapor): resolve v-for index aliases	crates/vize_atelier_vapor/src/generate/context.rs;crates/vize_atelier_vapor/src/generate/operations/for_loop.rs	-	object-index@crates/vize_atelier_vapor/tests/fixtures/fix-history/input-provenance.json	fixture-linked;target-and-semantic-review-pending	-
04a762c97eb06a921682839de2175ea6586c3e81	fix(atelier_sfc): handle slotted selectors in vite css scoping (#1267)	crates/vize_atelier_sfc/src/vite_plugin/css_scope.rs	-	-	semantic-review-pending	-
3bec16c9b1780fcbb1703cab30171127e26e88e5	fix(atelier_ssr): merge v-show style on plain elements (#1265)	crates/vize_atelier_ssr/src/codegen/element/plain.rs;crates/vize_atelier_ssr/tests/snapshots/ssr_snapshot__v_show__v_show_merges_dynamic_style.snap;crates/vize_atelier_ssr/tests/snapshots/ssr_snapshot__v_show__v_show_merges_static_style.snap;crates/vize_atelier_ssr/tests/ssr_snapshot.rs	crates/vize_atelier_ssr/tests/snapshots/ssr_snapshot__v_show__v_show_merges_dynamic_style.snap;crates/vize_atelier_ssr/tests/snapshots/ssr_snapshot__v_show__v_show_merges_static_style.snap;crates/vize_atelier_ssr/tests/ssr_snapshot.rs	-	semantic-review-pending	-
9f8a92fe20897915dfc2e1f134b7a66cb09d26c4	fix(canon): preserve dynamic v-slot prop checking (#1260)	crates/vize_croquis/src/drawer/template/visit_element/first_pass.rs;crates/vize_croquis/src/drawer/template/visit_element/scopes.rs;crates/vize_croquis/src/scope/chain.rs;crates/vize_croquis/src/scope/chain/builder.rs	-	-	semantic-review-pending	-
d90df360f333eda938117bc46a271788720d0c81	fix(atelier_vapor): lower nested slot outlets (#1262)	crates/vize_atelier_vapor/src/generate/operations/refs.rs;crates/vize_atelier_vapor/src/generate/setup.rs;crates/vize_atelier_vapor/src/lib.rs;crates/vize_atelier_vapor/src/snapshots/vize_atelier_vapor__tests__compile_nested_slot_outlet_child.snap;crates/vize_atelier_vapor/src/transform/element/deferred.rs	crates/vize_atelier_vapor/src/snapshots/vize_atelier_vapor__tests__compile_nested_slot_outlet_child.snap	nested-slot-outlet@crates/vize_atelier_vapor/tests/fixtures/fix-history/input-provenance.json	fixture-linked;target-and-semantic-review-pending	-
ca50559473f17c7eb7f68b7b3c9b6c400c807136	fix(atelier_core): preserve transform_v_if api (#1263)	crates/vize_atelier_core/src/transform/structural.rs;crates/vize_atelier_core/src/transform/traverse.rs	-	-	semantic-review-pending	-
3e66d54b801a95392f553e82f1e83e9b43e001fc	fix(atelier_ssr): render component v-show display prop (#1256)	crates/vize_atelier_ssr/src/codegen/element/component.rs;crates/vize_atelier_ssr/tests/snapshots/ssr_snapshot__component__component_with_v_show.snap;crates/vize_atelier_ssr/tests/snapshots/ssr_snapshot__component__component_with_v_show_merges_style.snap;crates/vize_atelier_ssr/tests/ssr_snapshot.rs	crates/vize_atelier_ssr/tests/snapshots/ssr_snapshot__component__component_with_v_show.snap;crates/vize_atelier_ssr/tests/snapshots/ssr_snapshot__component__component_with_v_show_merges_style.snap;crates/vize_atelier_ssr/tests/ssr_snapshot.rs	-	semantic-review-pending	-
80b48da33433b29b1129ec2e5424b0b829401f6a	fix(atelier_core): report missing v-if expressions (#1255)	crates/vize_atelier_core/src/transform/structural.rs;crates/vize_atelier_core/src/transform/traverse.rs	-	-	semantic-review-pending	-
b1d2f871ff03070020f60dfee7039542b1964c32	fix(atelier_sfc): avoid scoped css brace underflow (#1253)	crates/vize_atelier_sfc/src/style.rs	-	-	semantic-review-pending	-
3f991f9952d00ee7b5734c16d22e4b1cb2a127c3	fix(atelier_core): report missing v-model expressions (#1246)	crates/vize_atelier_core/src/codegen.rs;crates/vize_atelier_core/src/transform/element.rs	-	-	semantic-review-pending	-
4ee5530a0ef081c3328f85913a39060a6e3e9282	fix(armature): treat literal less-than text without errors (#1248)	crates/vize_armature/src/parser/element.rs;crates/vize_armature/src/parser/tests.rs;crates/vize_armature/src/tokenizer/states.rs;crates/vize_armature/src/tokenizer/tests.rs	crates/vize_armature/src/parser/tests.rs;crates/vize_armature/src/tokenizer/tests.rs	-	semantic-review-pending	-
0dd1f9a9df1814ca797c3a8509b448f0b46bf5ca	fix(atelier_sfc): preserve utf8 while collapsing css blank lines (#1244)	crates/vize_atelier_sfc/src/vite_plugin/css.rs	-	-	semantic-review-pending	-
b7a657e126cc4c0cef92630f9c5626f3569616e2	fix(atelier_vapor): preserve slot outlet name props and fallback (#1235)	crates/vize_atelier_vapor/src/generate/operations/slots.rs;crates/vize_atelier_vapor/src/generate/setup.rs;crates/vize_atelier_vapor/src/lib.rs;crates/vize_atelier_vapor/src/snapshots/vize_atelier_vapor__tests__compile_slot_outlet_preserves_static_name_props_and_fallback.snap;crates/vize_atelier_vapor/src/transform/element.rs	crates/vize_atelier_vapor/src/snapshots/vize_atelier_vapor__tests__compile_slot_outlet_preserves_static_name_props_and_fallback.snap	named-slot-fallback@crates/vize_atelier_vapor/tests/fixtures/fix-history/input-provenance.json	fixture-linked;target-and-semantic-review-pending	-
faa404cc05004560db04dc088cd9cbcb13a3b999	fix(compiler): preserve Vapor directive payloads and v-cloak lowering (#1238)	crates/vize_atelier_vapor/src/generate.rs;crates/vize_atelier_vapor/src/generate/operations/directives.rs;crates/vize_atelier_vapor/src/generate/setup.rs;crates/vize_atelier_vapor/src/lib.rs;crates/vize_atelier_vapor/src/snapshots/vize_atelier_vapor__tests__compile_custom_directive_preserves_payloads.snap;crates/vize_atelier_vapor/src/snapshots/vize_atelier_vapor__tests__compile_v_cloak_uses_builtin_lowering.snap;crates/vize_atelier_vapor/src/transform/directive.rs	crates/vize_atelier_vapor/src/snapshots/vize_atelier_vapor__tests__compile_custom_directive_preserves_payloads.snap;crates/vize_atelier_vapor/src/snapshots/vize_atelier_vapor__tests__compile_v_cloak_uses_builtin_lowering.snap	directive-dynamic-argument@crates/vize_atelier_vapor/tests/fixtures/fix-history/input-provenance.json	fixture-linked;target-and-semantic-review-pending	-
866be7b96ed336704bd1fd3a2f3dc2ad6e699151	fix(atelier_vapor): lower v-once and v-memo without custom directives (#1236)	crates/vize_atelier_vapor/src/generate.rs;crates/vize_atelier_vapor/src/lib.rs;crates/vize_atelier_vapor/src/snapshots/vize_atelier_vapor__tests__compile_v_memo_empty_array_lowers_without_runtime_directives.snap;crates/vize_atelier_vapor/src/snapshots/vize_atelier_vapor__tests__compile_v_once_lowers_without_runtime_directives.snap;crates/vize_atelier_vapor/src/transform.rs;crates/vize_atelier_vapor/src/transform/context.rs;crates/vize_atelier_vapor/src/transform/directive.rs;crates/vize_atelier_vapor/src/transform/element.rs;crates/vize_atelier_vapor/src/transform/text.rs	crates/vize_atelier_vapor/src/snapshots/vize_atelier_vapor__tests__compile_v_memo_empty_array_lowers_without_runtime_directives.snap;crates/vize_atelier_vapor/src/snapshots/vize_atelier_vapor__tests__compile_v_once_lowers_without_runtime_directives.snap	-	semantic-review-pending	-
e42bcb9232b0082687e0d129ffee308388230fb0	fix(atelier_vapor): return declared slot outlet node (#1230)	crates/vize_atelier_vapor/src/generate/operations/slots.rs	-	-	semantic-review-pending	-
1f76f8b90e9e7d31f5a2d8bb81fdaf013d5ade7b	fix(atelier_sfc): require CSS v-bind left boundary (#1229)	crates/vize_atelier_sfc/src/css/tests.rs;crates/vize_atelier_sfc/src/css/transform.rs	crates/vize_atelier_sfc/src/css/tests.rs	-	semantic-review-pending	-
bdb87a997744e16a934446a265a22edd2b7299b1	fix(vapor): wrap multiline component event handlers (#1152)	crates/vize_atelier_vapor/src/generate/operations/component_props.rs;crates/vize_atelier_vapor/src/generate/operations/events.rs;crates/vize_atelier_vapor/src/lib.rs;crates/vize_atelier_vapor/src/snapshots/vize_atelier_vapor__tests__compile_component_multiline_event_handler_parses.snap	crates/vize_atelier_vapor/src/snapshots/vize_atelier_vapor__tests__compile_component_multiline_event_handler_parses.snap	-	semantic-review-pending	-
4185649de7c5a859eedde74984d7eb253deae618	fix(type-checker): include defineModel in props and emits (#1133)	crates/vize_croquis/src/script_parser/extract.rs	-	-	semantic-review-pending	-
d05e03e1b71554bddb3c4f0adaba1b2ee4809ba7	fix(vapor): emit valid multiline event handlers (#1132)	crates/vize_atelier_vapor/src/generate/operations/events.rs	-	-	semantic-review-pending	-
41ea843005db983c98ae43bc1af8475d3ab679c6	fix: handle vite resolve edge cases (#1107)	crates/vize_atelier_sfc/src/script/context/external_types.rs	-	-	semantic-review-pending	-
1bf06a53a2964a3ab1f58e30b85542143ec6ed38	fix(atelier_sfc): emit <script> before render for non-setup SFCs (#1097)	crates/vize_atelier_sfc/src/compile.rs;crates/vize_atelier_sfc/src/compile/snapshots/vize_atelier_sfc__compile__tests__non_script_setup_typescript_preserved.snap;crates/vize_atelier_sfc/src/compile/snapshots/vize_atelier_sfc__compile__tests__non_script_setup_typescript_preserved_when_is_ts.snap	crates/vize_atelier_sfc/src/compile/snapshots/vize_atelier_sfc__compile__tests__non_script_setup_typescript_preserved.snap;crates/vize_atelier_sfc/src/compile/snapshots/vize_atelier_sfc__compile__tests__non_script_setup_typescript_preserved_when_is_ts.snap	-	semantic-review-pending	-
e7e414107dd80fb74527656b070dc0504ab0ca03	fix: respect list item scope for nested lists (#1090)	crates/vize_armature/src/parser/element.rs;crates/vize_armature/src/parser/tests.rs;crates/vize_atelier_sfc/src/compile/tests.rs	crates/vize_armature/src/parser/tests.rs;crates/vize_atelier_sfc/src/compile/tests.rs	-	semantic-review-pending	-
004ec2006d606f1f9469129431aa0018879f8ab5	fix(parser): support invalid self-closing HTML in quirks (#1071)	crates/vize_armature/src/parser.rs;crates/vize_armature/src/parser/element.rs;crates/vize_armature/src/parser/tests.rs;crates/vize_atelier_core/src/lib.rs;crates/vize_atelier_dom/src/lib.rs;crates/vize_atelier_ssr/src/lib.rs;crates/vize_atelier_vapor/src/lib.rs	crates/vize_armature/src/parser/tests.rs	-	semantic-review-pending	-
290efd4baaeddc6cb820fbda4f4db9ffaa58ca03	fix: compile dynamic key children as blocks (#1070)	crates/vize_atelier_core/src/codegen.rs;crates/vize_atelier_core/src/codegen/element/helpers.rs;crates/vize_atelier_core/src/codegen/element/inline.rs;crates/vize_atelier_core/src/snapshots/vize_atelier_core__codegen__tests__codegen_dynamic_keyed_slot_child_uses_block.snap	crates/vize_atelier_core/src/snapshots/vize_atelier_core__codegen__tests__codegen_dynamic_keyed_slot_child_uses_block.snap	-	semantic-review-pending	-
8012a0eb2bb2cdec1f04ac85c9c0bb785e6e470b	fix: camelize slot outlet prop keys (#1069)	crates/vize_atelier_core/src/codegen/props.rs;crates/vize_atelier_core/src/codegen/props/directives.rs;crates/vize_atelier_core/src/codegen/slots.rs;crates/vize_atelier_ssr/src/codegen/element/props.rs;crates/vize_atelier_ssr/src/codegen/element/slot.rs;crates/vize_atelier_ssr/tests/snapshots/ssr_snapshot__slot__slot_with_camelized_prop.snap;crates/vize_atelier_ssr/tests/ssr_snapshot.rs	crates/vize_atelier_ssr/tests/snapshots/ssr_snapshot__slot__slot_with_camelized_prop.snap;crates/vize_atelier_ssr/tests/ssr_snapshot.rs	-	semantic-review-pending	-
ede02546da36ed08f1f4dc23bfc168e3e5923581	fix(parser): report stricter HTML parse errors (#1065)	crates/vize_armature/src/parser.rs;crates/vize_armature/src/parser/attribute.rs;crates/vize_armature/src/parser/element.rs;crates/vize_armature/src/parser/tests.rs;crates/vize_armature/src/tokenizer/states.rs;crates/vize_armature/src/tokenizer/tests.rs;crates/vize_atelier_core/src/codegen.rs;crates/vize_atelier_dom/src/lib.rs;crates/vize_atelier_sfc/src/compile/tests.rs;crates/vize_atelier_sfc/src/lib.rs;crates/vize_atelier_ssr/tests/snapshots/ssr_snapshot__element__empty_div.snap;crates/vize_atelier_ssr/tests/snapshots/ssr_snapshot__element__should_ignore_v_on.snap;crates/vize_atelier_ssr/tests/ssr_snapshot.rs;crates/vize_atelier_vapor/src/lib.rs	crates/vize_armature/src/parser/tests.rs;crates/vize_armature/src/tokenizer/tests.rs;crates/vize_atelier_sfc/src/compile/tests.rs;crates/vize_atelier_ssr/tests/snapshots/ssr_snapshot__element__empty_div.snap;crates/vize_atelier_ssr/tests/snapshots/ssr_snapshot__element__should_ignore_v_on.snap;crates/vize_atelier_ssr/tests/ssr_snapshot.rs	-	semantic-review-pending	-
71c8b9c7bd9efefeab6fcffef4f6bda24b51cc57	fix: preserve null children for v-for dynamic props (#1064)	crates/vize_atelier_core/src/codegen/v_for/generate.rs;crates/vize_atelier_core/src/snapshots/vize_atelier_core__codegen__tests__codegen_numeric_template_v_for_uses_fragment.snap;crates/vize_atelier_sfc/src/lib.rs	crates/vize_atelier_core/src/snapshots/vize_atelier_core__codegen__tests__codegen_numeric_template_v_for_uses_fragment.snap	-	semantic-review-pending	-
26125ac8c2b188b434926daacb2b553be67efd05	fix(parser): report abrupt empty comments (#1036)	crates/vize_armature/src/parser/element.rs;crates/vize_armature/src/parser/tests.rs;crates/vize_armature/src/tokenizer/states.rs;crates/vize_armature/src/tokenizer/tests.rs	crates/vize_armature/src/parser/tests.rs;crates/vize_armature/src/tokenizer/tests.rs	-	semantic-review-pending	-
fc077b59184909895cfc27eaea9dabf4e2cb4def	fix: preserve SVG namespace boundary blocks (#1029)	crates/vize_atelier_core/src/codegen/children.rs;crates/vize_atelier_core/src/codegen/context.rs;crates/vize_atelier_core/src/codegen/element/block.rs;crates/vize_atelier_core/src/codegen/element/helpers.rs;crates/vize_atelier_core/src/codegen/element/inline.rs;crates/vize_atelier_core/src/codegen/v_for/generate.rs;crates/vize_atelier_core/src/codegen/v_if/branch.rs;crates/vize_atelier_dom/src/lib.rs;crates/vize_atelier_dom/src/snapshots/vize_atelier_dom__tests__svg_codegen_shape_keeps_children_nested.snap	crates/vize_atelier_dom/src/snapshots/vize_atelier_dom__tests__svg_codegen_shape_keeps_children_nested.snap	-	semantic-review-pending	-
b8417399d5aa391b264fb9fb7e02970abe2a72b9	fix: preserve statement handlers and SVG bind caches (#1024)	crates/vize_atelier_core/src/transforms/hoist_static.rs;crates/vize_atelier_dom/src/lib.rs;crates/vize_croquis/src/analyzer/template/directives/v_on.rs	-	-	semantic-review-pending	-
d2b5432d72812fc048c9384434a6f02d4e9edbc7	fix: infer generic union props as unknown (#1021)	crates/vize_atelier_sfc/src/compile/tests.rs;crates/vize_atelier_sfc/src/compile_script/props.rs	crates/vize_atelier_sfc/src/compile/tests.rs	-	semantic-review-pending	-
c3f7cea96d81e7694ecde835f9d381c50feeb57d	fix: avoid baking scoped attrs into render props (#1020)	crates/vize_atelier_sfc/src/compile/snapshots/vize_atelier_sfc__compile__tests__script_setup_css_v_bind_dedupes_template_unref_import.snap;crates/vize_atelier_sfc/src/compile/snapshots/vize_atelier_sfc__compile__tests__script_setup_css_v_bind_handles_quoted_parentheses.snap;crates/vize_atelier_sfc/src/compile/snapshots/vize_atelier_sfc__compile__tests__script_setup_css_v_bind_reads_destructured_prop_aliases.snap;crates/vize_atelier_sfc/src/compile/snapshots/vize_atelier_sfc__compile__tests__script_setup_css_v_bind_uses_scoped_vars.snap;crates/vize_atelier_sfc/src/compile/tests.rs;crates/vize_atelier_sfc/src/compile_template.rs	crates/vize_atelier_sfc/src/compile/snapshots/vize_atelier_sfc__compile__tests__script_setup_css_v_bind_dedupes_template_unref_import.snap;crates/vize_atelier_sfc/src/compile/snapshots/vize_atelier_sfc__compile__tests__script_setup_css_v_bind_handles_quoted_parentheses.snap;crates/vize_atelier_sfc/src/compile/snapshots/vize_atelier_sfc__compile__tests__script_setup_css_v_bind_reads_destructured_prop_aliases.snap;crates/vize_atelier_sfc/src/compile/snapshots/vize_atelier_sfc__compile__tests__script_setup_css_v_bind_uses_scoped_vars.snap;crates/vize_atelier_sfc/src/compile/tests.rs	-	semantic-review-pending	-
65442a1da21c543740b1b1afbb3828d246a80ff9	fix: render svg child elements as vnodes (#1019)	crates/vize_atelier_core/src/codegen/element/inline.rs;crates/vize_atelier_dom/src/snapshots/vize_atelier_dom__tests__svg_codegen_shape_keeps_children_nested.snap	crates/vize_atelier_dom/src/snapshots/vize_atelier_dom__tests__svg_codegen_shape_keeps_children_nested.snap	-	semantic-review-pending	-
16385f9ae051d514b0078d28ca678807cef4091d	fix: hoist constant SVG bind props (#1015)	crates/vize_atelier_core/src/codegen.rs;crates/vize_atelier_core/src/transforms/hoist_static.rs;crates/vize_atelier_dom/src/lib.rs;crates/vize_atelier_sfc/src/compile/tests.rs	crates/vize_atelier_sfc/src/compile/tests.rs	-	semantic-review-pending	-
6ff5652a8a49c3d74b2212131b73166fbc8ec7a4	fix: align Vue codegen for VOICEVOX (#1014)	crates/vize_atelier_core/src/codegen/element/block.rs;crates/vize_atelier_core/src/codegen/element/inline.rs;crates/vize_atelier_core/src/codegen/props/generate.rs;crates/vize_atelier_core/src/codegen/slots.rs;crates/vize_atelier_core/src/codegen/v_for/generate.rs;crates/vize_atelier_core/src/codegen/v_if/branch.rs;crates/vize_atelier_core/src/codegen/v_if/generate.rs;crates/vize_atelier_dom/src/lib.rs;crates/vize_atelier_dom/src/snapshots/vize_atelier_dom__tests__svg_codegen_shape_keeps_children_nested.snap;crates/vize_atelier_sfc/src/compile/tests.rs;crates/vize_atelier_sfc/src/compile_script/props.rs	crates/vize_atelier_dom/src/snapshots/vize_atelier_dom__tests__svg_codegen_shape_keeps_children_nested.snap;crates/vize_atelier_sfc/src/compile/tests.rs	-	semantic-review-pending	-
7b3b5e5079b79582101745f0ad5efb4aa85ca920	fix: preserve need patch for scroll refs (#1009)	crates/vize_atelier_core/src/codegen/patch_flag.rs;crates/vize_atelier_core/src/codegen/v_for/generate.rs;crates/vize_atelier_dom/src/lib.rs;crates/vize_atelier_sfc/src/compile/tests.rs	crates/vize_atelier_sfc/src/compile/tests.rs	-	semantic-review-pending	-
4e282bc2866f3eeca1569079f4309d7c0284b914	fix: unwrap inject bindings in component props (#1005)	crates/vize_atelier_core/src/transforms/transform_expression/collector.rs;crates/vize_atelier_sfc/src/compile/tests.rs;crates/vize_croquis/src/script_parser/process/macros.rs;crates/vize_croquis/src/snapshots/vize_croquis__analyzer__tests__full_analysis_snapshot.snap	crates/vize_atelier_sfc/src/compile/tests.rs;crates/vize_croquis/src/snapshots/vize_croquis__analyzer__tests__full_analysis_snapshot.snap	-	semantic-review-pending	-
3e24ed22a2e8bd40a879b286a49ba00619fb2157	fix(dom): reset namespace at SVG/MathML HTML integration points (#992) (#999)	crates/vize_atelier_dom/src/lib.rs;crates/vize_atelier_dom/src/snapshots/vize_atelier_dom__tests__svg_codegen_shape_keeps_children_nested.snap	crates/vize_atelier_dom/src/snapshots/vize_atelier_dom__tests__svg_codegen_shape_keeps_children_nested.snap	-	semantic-review-pending	-
2dc6fa4da45ec0111254665f7539aec5624c4505	fix(codegen): drop empty object before v-bind on dynamic component (#1000)	crates/vize_atelier_core/src/codegen/props/generate.rs;crates/vize_atelier_dom/src/lib.rs	-	-	semantic-review-pending	-
f875c88ffa41f70c42b69f211e0ebe51d2b11532	fix(sfc): dedupe imports across <script> and <script setup> blocks (#993) (#998)	crates/vize_atelier_sfc/src/compile/snapshots/vize_atelier_sfc__compile__tests__compile_both_script_blocks.snap;crates/vize_atelier_sfc/src/compile/snapshots/vize_atelier_sfc__compile__tests__compile_both_script_blocks_exposes_normal_script_bindings_to_template.snap;crates/vize_atelier_sfc/src/compile/tests.rs;crates/vize_atelier_sfc/src/compile_script/inline/compiler/preamble.rs	crates/vize_atelier_sfc/src/compile/snapshots/vize_atelier_sfc__compile__tests__compile_both_script_blocks.snap;crates/vize_atelier_sfc/src/compile/snapshots/vize_atelier_sfc__compile__tests__compile_both_script_blocks_exposes_normal_script_bindings_to_template.snap;crates/vize_atelier_sfc/src/compile/tests.rs	-	semantic-review-pending	-
b8f878388af850587f4471c56c60b9af21f5e9f1	fix(canon): align v-on source-map src_range with emitted content (#995)	crates/vize_croquis/src/analyzer/template/directives/v_on.rs	-	-	semantic-review-pending	-
f5aa652fc97e1db2b566b8a5feca229a49a08d5e	fix(ssr): emit selected attribute on matching option for <select v-model> (#990)	crates/vize_atelier_ssr/src/codegen.rs;crates/vize_atelier_ssr/src/codegen/element/plain.rs;crates/vize_atelier_ssr/src/lib.rs	-	select-model@crates/vize_atelier_ssr/tests/fixtures/fix-history/input-provenance.json	fixture-linked;target-and-semantic-review-pending	-
c74b96775a408c4dd33d2ec05e8168f6de8bc61c	fix(armature): treat duplicate attribute as recoverable; codegen dedupes (#986)	crates/vize_armature/src/parser/attribute.rs;crates/vize_armature/src/parser/tests.rs;crates/vize_atelier_core/src/codegen.rs;crates/vize_atelier_core/src/codegen/generate.rs;crates/vize_atelier_core/src/codegen/props/generate.rs;crates/vize_atelier_core/src/transforms/hoist_static.rs;crates/vize_atelier_core/src/transforms/transform_element.rs;crates/vize_atelier_dom/src/lib.rs;crates/vize_atelier_sfc/src/compile.rs;crates/vize_atelier_sfc/src/compile_template.rs;crates/vize_atelier_ssr/src/lib.rs	crates/vize_armature/src/parser/tests.rs	-	semantic-review-pending	-
63d11c41a88db4cead31dbbb512e3a47c8ac29e6	fix(ssr): render textarea v-model value as text content (#983)	crates/vize_atelier_ssr/src/codegen/element/plain.rs;crates/vize_atelier_ssr/src/lib.rs;crates/vize_atelier_ssr/tests/snapshots/ssr_snapshot__v_model__v_model_textarea.snap	crates/vize_atelier_ssr/tests/snapshots/ssr_snapshot__v_model__v_model_textarea.snap	-	semantic-review-pending	-
98583ab7b01c44fab09f9b876d68625ae08ab227	fix(parser): collapse whitespace inside text nodes in condense mode (#978)	crates/vize_armature/src/parser/tests.rs;crates/vize_armature/src/parser/whitespace.rs;crates/vize_atelier_vapor/src/lib.rs;crates/vize_atelier_vapor/src/snapshots/vize_atelier_vapor__tests__compile_dynamic_siblings_around_control_flow_children.snap	crates/vize_armature/src/parser/tests.rs;crates/vize_atelier_vapor/src/snapshots/vize_atelier_vapor__tests__compile_dynamic_siblings_around_control_flow_children.snap	-	semantic-review-pending	-
e8cbb1f3b15525a3790b836cb6f02e8769083757	fix(sfc): scope outside :not()/:is() and normalize legacy deep combinators (#981)	crates/vize_atelier_sfc/src/style.rs	-	-	semantic-review-pending	-
0e44eb7e4d3b74936c1972d9ca774dfc6a712986	fix(codegen): allocate v-if branch keys from a template-wide counter (#977)	crates/vize_atelier_core/src/codegen.rs;crates/vize_atelier_core/src/codegen/context.rs;crates/vize_atelier_core/src/codegen/v_if.rs;crates/vize_atelier_core/src/snapshots/vize_atelier_core__codegen__tests__codegen_v_if_branch_mixed_children_wrap_interpolations_in_text_vnodes.snap;crates/vize_atelier_core/src/snapshots/vize_atelier_core__codegen__tests__codegen_v_if_template_fragment_wraps_interpolation_in_text_vnode.snap;crates/vize_atelier_core/src/snapshots/vize_atelier_core__codegen__tests__codegen_v_if_template_fragment_wraps_static_text_in_text_vnode.snap;crates/vize_atelier_sfc/src/compile/snapshots/vize_atelier_sfc__compile__tests__nested_v_if_no_double_prefix.snap	crates/vize_atelier_core/src/snapshots/vize_atelier_core__codegen__tests__codegen_v_if_branch_mixed_children_wrap_interpolations_in_text_vnodes.snap;crates/vize_atelier_core/src/snapshots/vize_atelier_core__codegen__tests__codegen_v_if_template_fragment_wraps_interpolation_in_text_vnode.snap;crates/vize_atelier_core/src/snapshots/vize_atelier_core__codegen__tests__codegen_v_if_template_fragment_wraps_static_text_in_text_vnode.snap;crates/vize_atelier_sfc/src/compile/snapshots/vize_atelier_sfc__compile__tests__nested_v_if_no_double_prefix.snap	-	semantic-review-pending	-
25fd0e72834368b13ed1dc1506aedd572d6965ad	fix(atelier_core): guard template expression nesting depth (#980)	crates/vize_atelier_core/src/transforms/transform_expression.rs;crates/vize_atelier_core/src/transforms/transform_expression/prefix.rs;crates/vize_atelier_core/src/transforms/transform_expression/rewrite.rs;crates/vize_atelier_core/src/transforms/transform_expression/typescript.rs	-	-	semantic-review-pending	-
a907953d4863caa9c297947d5d1267bd08b9534e	fix(sfc): type-only defineProps now emits required:true and method-signature props (#979)	crates/vize_atelier_sfc/src/compile/snapshots/vize_atelier_sfc__compile__tests__compile_both_script_blocks.snap;crates/vize_atelier_sfc/src/compile/snapshots/vize_atelier_sfc__compile__tests__define_props_interface_extends_imported_type_alias.snap;crates/vize_atelier_sfc/src/compile/snapshots/vize_atelier_sfc__compile__tests__full_sfc_props_destructure.snap;crates/vize_atelier_sfc/src/compile/snapshots/vize_atelier_sfc__compile__tests__script_setup_css_v_bind_reads_define_props.snap;crates/vize_atelier_sfc/src/compile/snapshots/vize_atelier_sfc__compile__tests__script_setup_css_v_bind_reads_destructured_prop_aliases.snap;crates/vize_atelier_sfc/src/compile_script/inline/compiler/props.rs;crates/vize_atelier_sfc/src/compile_script/inline/snapshots/vize_atelier_sfc__compile_script__inline__tests__tests__define_props_assignment_value_on_next_line.snap;crates/vize_atelier_sfc/src/compile_script/inline/snapshots/vize_atelier_sfc__compile_script__inline__tests__tests__define_props_destructure_value_on_next_line.snap;crates/vize_atelier_sfc/src/compile_script/inline/snapshots/vize_atelier_sfc__compile_script__inline__tests__tests__define_props_destructure_value_on_next_line_with_semicolon.snap;crates/vize_atelier_sfc/src/compile_script/inline/snapshots/vize_atelier_sfc__compile_script__inline__tests__tests__define_props_with_trailing_semicolon.snap;crates/vize_atelier_sfc/src/compile_script/inline/snapshots/vize_atelier_sfc__compile_script__inline__tests__tests__export_type_generates_props_declaration.snap;crates/vize_atelier_sfc/src/compile_script/inline/snapshots/vize_atelier_sfc__compile_script__inline__tests__tests__multiline_define_props_with_trailing_semicolon.snap;crates/vize_atelier_sfc/src/compile_script/inline/snapshots/vize_atelier_sfc__compile_script__inline__tests__tests__with_defaults_trailing_semicolon.snap;crates/vize_atelier_sfc/src/compile_script/inline/tests.rs;crates/vize_atelier_sfc/src/compile_script/props.rs	crates/vize_atelier_sfc/src/compile/snapshots/vize_atelier_sfc__compile__tests__compile_both_script_blocks.snap;crates/vize_atelier_sfc/src/compile/snapshots/vize_atelier_sfc__compile__tests__define_props_interface_extends_imported_type_alias.snap;crates/vize_atelier_sfc/src/compile/snapshots/vize_atelier_sfc__compile__tests__full_sfc_props_destructure.snap;crates/vize_atelier_sfc/src/compile/snapshots/vize_atelier_sfc__compile__tests__script_setup_css_v_bind_reads_define_props.snap;crates/vize_atelier_sfc/src/compile/snapshots/vize_atelier_sfc__compile__tests__script_setup_css_v_bind_reads_destructured_prop_aliases.snap;crates/vize_atelier_sfc/src/compile_script/inline/snapshots/vize_atelier_sfc__compile_script__inline__tests__tests__define_props_assignment_value_on_next_line.snap;crates/vize_atelier_sfc/src/compile_script/inline/snapshots/vize_atelier_sfc__compile_script__inline__tests__tests__define_props_destructure_value_on_next_line.snap;crates/vize_atelier_sfc/src/compile_script/inline/snapshots/vize_atelier_sfc__compile_script__inline__tests__tests__define_props_destructure_value_on_next_line_with_semicolon.snap;crates/vize_atelier_sfc/src/compile_script/inline/snapshots/vize_atelier_sfc__compile_script__inline__tests__tests__define_props_with_trailing_semicolon.snap;crates/vize_atelier_sfc/src/compile_script/inline/snapshots/vize_atelier_sfc__compile_script__inline__tests__tests__export_type_generates_props_declaration.snap;crates/vize_atelier_sfc/src/compile_script/inline/snapshots/vize_atelier_sfc__compile_script__inline__tests__tests__multiline_define_props_with_trailing_semicolon.snap;crates/vize_atelier_sfc/src/compile_script/inline/snapshots/vize_atelier_sfc__compile_script__inline__tests__tests__with_defaults_trailing_semicolon.snap;crates/vize_atelier_sfc/src/compile_script/inline/tests.rs	-	semantic-review-pending	-
4a7e01d8c578799bf560c3c0687e1dd7e197d86f	fix(armature): preserve '/' as value char in unquoted attributes (#973)	crates/vize_armature/src/tokenizer/states.rs;crates/vize_armature/src/tokenizer/tests.rs	crates/vize_armature/src/tokenizer/tests.rs	-	semantic-review-pending	-
7b31e8b879397e315cadc923f209f2b8297604f4	fix: stabilize app CI checks (#954)	crates/vize_atelier_core/src/codegen.rs;crates/vize_atelier_core/src/codegen/element/block.rs;crates/vize_atelier_core/src/codegen/element/inline.rs;crates/vize_atelier_core/src/codegen/props/generate.rs;crates/vize_atelier_core/src/codegen/v_for/generate.rs;crates/vize_atelier_core/src/codegen/v_if/branch.rs;crates/vize_atelier_core/src/codegen/v_if/generate.rs;crates/vize_atelier_sfc/src/compile.rs;crates/vize_atelier_sfc/src/compile/snapshots/vize_atelier_sfc__compile__tests__script_setup_css_v_bind_dedupes_template_unref_import.snap;crates/vize_atelier_sfc/src/compile/snapshots/vize_atelier_sfc__compile__tests__script_setup_css_v_bind_handles_quoted_parentheses.snap;crates/vize_atelier_sfc/src/compile/snapshots/vize_atelier_sfc__compile__tests__script_setup_css_v_bind_reads_destructured_prop_aliases.snap;crates/vize_atelier_sfc/src/compile/snapshots/vize_atelier_sfc__compile__tests__script_setup_css_v_bind_uses_scoped_vars.snap;crates/vize_atelier_ssr/src/codegen/element/component.rs;crates/vize_atelier_ssr/src/codegen/element/slot.rs;crates/vize_atelier_ssr/src/codegen/element/vnode.rs;crates/vize_atelier_ssr/src/lib.rs	crates/vize_atelier_sfc/src/compile/snapshots/vize_atelier_sfc__compile__tests__script_setup_css_v_bind_dedupes_template_unref_import.snap;crates/vize_atelier_sfc/src/compile/snapshots/vize_atelier_sfc__compile__tests__script_setup_css_v_bind_handles_quoted_parentheses.snap;crates/vize_atelier_sfc/src/compile/snapshots/vize_atelier_sfc__compile__tests__script_setup_css_v_bind_reads_destructured_prop_aliases.snap;crates/vize_atelier_sfc/src/compile/snapshots/vize_atelier_sfc__compile__tests__script_setup_css_v_bind_uses_scoped_vars.snap	-	semantic-review-pending	-
80333546c87b9bbd40362926e61114551eb28f93	fix: resolve today issue regressions (#952)	crates/vize_atelier_sfc/src/compile/tests.rs;crates/vize_atelier_sfc/src/script/context/external_types.rs	crates/vize_atelier_sfc/src/compile/tests.rs	-	semantic-review-pending	-
4d4f036515bfd64c82ac2491f389c32072773610	fix(compiler): resolve re-exported SFC interface props (#945)	crates/vize_atelier_sfc/src/compile/tests.rs;crates/vize_atelier_sfc/src/script/context/external_types.rs	crates/vize_atelier_sfc/src/compile/tests.rs	-	semantic-review-pending	-
2f759fcfe3f08c747096d82077b4b294a1ccbd72	fix(typechecker): sync withDefaults snapshots (#931)	crates/vize_croquis/src/snapshots/vize_croquis__virtual_ts__tests__compiler_macros_are_scoped.snap;crates/vize_croquis/src/snapshots/vize_croquis__virtual_ts__tests__generate_script_setup.snap;crates/vize_croquis/src/virtual_ts/generator/script.rs	crates/vize_croquis/src/snapshots/vize_croquis__virtual_ts__tests__compiler_macros_are_scoped.snap;crates/vize_croquis/src/snapshots/vize_croquis__virtual_ts__tests__generate_script_setup.snap	-	semantic-review-pending	-
bea7cd0664ef06b9779ac00708501230ca2897d9	fix(typechecker): honor withDefaults template props (#930)	crates/vize_croquis/src/snapshots/vize_croquis__virtual_ts__tests__extracts_generic_from_scope_chain.snap;crates/vize_croquis/src/snapshots/vize_croquis__virtual_ts__tests__generate_with_croquis.snap;crates/vize_croquis/src/snapshots/vize_croquis__virtual_ts__tests__snapshot_async_setup.snap;crates/vize_croquis/src/snapshots/vize_croquis__virtual_ts__tests__snapshot_full_sfc.snap;crates/vize_croquis/src/snapshots/vize_croquis__virtual_ts__tests__snapshot_generic_setup.snap;crates/vize_croquis/src/snapshots/vize_croquis__virtual_ts__tests__snapshot_script_setup_output.snap;crates/vize_croquis/src/virtual_ts/generator/script.rs	crates/vize_croquis/src/snapshots/vize_croquis__virtual_ts__tests__extracts_generic_from_scope_chain.snap;crates/vize_croquis/src/snapshots/vize_croquis__virtual_ts__tests__generate_with_croquis.snap;crates/vize_croquis/src/snapshots/vize_croquis__virtual_ts__tests__snapshot_async_setup.snap;crates/vize_croquis/src/snapshots/vize_croquis__virtual_ts__tests__snapshot_full_sfc.snap;crates/vize_croquis/src/snapshots/vize_croquis__virtual_ts__tests__snapshot_generic_setup.snap;crates/vize_croquis/src/snapshots/vize_croquis__virtual_ts__tests__snapshot_script_setup_output.snap	-	semantic-review-pending	-
a039f8f7ef3b85fb1b57750d10a2a0bf8fad2565	fix(build): resolve imported prop base interfaces (#901)	crates/vize_atelier_sfc/src/compile.rs	-	-	semantic-review-pending	-
9876ed9088ac14c2ec3deb9e46c02365a3cf21cf	fix(canon): preserve object-form v-on expressions (#899)	crates/vize_croquis/src/analyzer/template/directives/v_on.rs	-	-	semantic-review-pending	-
52dab38c26e63c82ed82aed4e0ba29eaab22cb81	fix(compiler): preserve inline handler local bindings (#896)	crates/vize_atelier_core/src/transforms/transform_expression/collector.rs;crates/vize_atelier_core/src/transforms/transform_expression/inline_handler.rs;crates/vize_atelier_sfc/src/compile/tests.rs	crates/vize_atelier_sfc/src/compile/tests.rs	-	semantic-review-pending	-
613dda604578acdcc52a04d66a659fbee2f3644f	fix(croquis): resolve slot provide ancestry (#893)	crates/vize_croquis/src/analyzer/template/visit_element.rs	-	-	semantic-review-pending	-
1c7163dbaf4f2962b0fc16208066ac75a4ca45a4	fix(linter): report v-for unused aliases at source span (#895)	crates/vize_croquis/src/analyzer/template/visit_element.rs	-	-	semantic-review-pending	-
6e259d0492f3b69e592938122287e98348cf03af	fix(vite-plugin): preserve import.meta.glob base (#888)	crates/vize_atelier_sfc/src/vite_plugin.rs;crates/vize_atelier_sfc/src/vite_plugin/transform.rs	-	-	semantic-review-pending	-
5dbda8a789a20f1c2eb0caab2c3bee23e2c446c2	fix(compiler): preserve numeric v-for components (#886)	crates/vize_atelier_core/src/codegen.rs;crates/vize_atelier_core/src/codegen/v_for/generate.rs;crates/vize_atelier_sfc/src/lib.rs	-	-	semantic-review-pending	-
f68ca86b5135f65ddb1e099203af52b5b039b425	fix(compiler): preserve native v-model directives (#887)	crates/vize_atelier_core/src/codegen.rs;crates/vize_atelier_core/src/codegen/element/block.rs;crates/vize_atelier_core/src/codegen/element/directives.rs;crates/vize_atelier_core/src/codegen/element/inline.rs;crates/vize_atelier_core/src/snapshots/vize_atelier_core__codegen__tests__codegen_nested_v_model_on_input_with_custom_directive.snap;crates/vize_atelier_core/src/snapshots/vize_atelier_core__codegen__tests__codegen_v_model_on_input_with_custom_directive.snap;crates/vize_atelier_sfc/src/lib.rs	crates/vize_atelier_core/src/snapshots/vize_atelier_core__codegen__tests__codegen_nested_v_model_on_input_with_custom_directive.snap;crates/vize_atelier_core/src/snapshots/vize_atelier_core__codegen__tests__codegen_v_model_on_input_with_custom_directive.snap	-	semantic-review-pending	-
6670baaf49a49fe98cf7acdbafc376c08ac3e37d	fix(parser): handle regex in template literals (#885)	crates/vize_atelier_sfc/src/parse/block.rs;crates/vize_atelier_sfc/src/parse/tests.rs	crates/vize_atelier_sfc/src/parse/tests.rs	-	semantic-review-pending	-
11f3a6563c48d38997b2e603d282bbaaa9b53d2c	fix: resolve vue named exports through aliases	crates/vize_croquis/src/analysis/croquis.rs	-	-	semantic-review-pending	-
7f6110c7d0e980ef142e45d7790e83b3200fd555	fix: preserve scoped css comments before selectors (#819)	crates/vize_atelier_sfc/src/css/scoped.rs;crates/vize_atelier_sfc/src/css/tests.rs;crates/vize_atelier_sfc/src/style.rs	crates/vize_atelier_sfc/src/css/tests.rs	-	semantic-review-pending	-
5d43e5e70b11617f7fc8edd25c05b6f08ff368c2	fix(sfc): preserve scoped CSS on hoisted static vnodes (#812)	crates/vize_atelier_sfc/src/compile.rs;crates/vize_atelier_sfc/src/compile/tests.rs;crates/vize_atelier_sfc/src/compile_template.rs;crates/vize_atelier_sfc/src/lib.rs	crates/vize_atelier_sfc/src/compile/tests.rs	-	semantic-review-pending	-
3cdafe9a541f81dca0ff59b8820941ef293678a7	fix: align frontend phpcon visual parity (#813)	crates/vize_atelier_core/src/codegen/expression/helpers.rs;crates/vize_atelier_core/src/codegen/expression/snapshots/vize_atelier_core__codegen__expression__generate__tests__assignment_setup_let_adds_value.snap;crates/vize_atelier_core/src/codegen/expression/snapshots/vize_atelier_core__codegen__expression__generate__tests__assignment_setup_ref_adds_value.snap;crates/vize_atelier_core/src/transforms/transform_expression.rs;crates/vize_atelier_core/src/transforms/transform_expression/collector.rs;crates/vize_atelier_sfc/src/compile.rs;crates/vize_atelier_sfc/src/compile/tests.rs;crates/vize_atelier_sfc/src/compile_template.rs;crates/vize_atelier_sfc/src/css/scoped.rs;crates/vize_atelier_sfc/src/css/tests.rs;crates/vize_atelier_sfc/src/lib.rs;crates/vize_atelier_sfc/src/style.rs;crates/vize_atelier_sfc/src/vite_plugin/css_scope.rs;crates/vize_atelier_ssr/src/codegen/element/component.rs;crates/vize_atelier_ssr/src/codegen/element/vnode.rs;crates/vize_atelier_ssr/src/lib.rs	crates/vize_atelier_core/src/codegen/expression/snapshots/vize_atelier_core__codegen__expression__generate__tests__assignment_setup_let_adds_value.snap;crates/vize_atelier_core/src/codegen/expression/snapshots/vize_atelier_core__codegen__expression__generate__tests__assignment_setup_ref_adds_value.snap;crates/vize_atelier_sfc/src/compile/tests.rs;crates/vize_atelier_sfc/src/css/tests.rs	-	semantic-review-pending	-
15a4d097abfcd74284db60e4ab32cea4bbcdd505	fix: align Vue Fes scoped CSS parity (#811)	crates/vize_atelier_sfc/src/vite_plugin/css_scope.rs	-	-	semantic-review-pending	-
d5c76b0521bec4afd51d64b80abaaa8db8ef8136	fix: align Nuxt CSS extraction parity (#810)	crates/vize_atelier_sfc/src/vite_plugin/css_scope.rs	-	-	semantic-review-pending	-
c1c3243caa5a779a4ca665ee52938fc351f538e3	fix: preserve empty static attributes (#805)	crates/vize_atelier_core/src/codegen/element/v_once.rs;crates/vize_atelier_core/src/transforms/hoist_static.rs;crates/vize_atelier_dom/src/lib.rs	-	-	semantic-review-pending	-
edcc36b39bf774ccaf864299b36aedc8a40cec95	fix: align vue compiler inspect output (#800)	crates/vize_atelier_core/src/codegen.rs;crates/vize_atelier_core/src/codegen/children.rs;crates/vize_atelier_core/src/codegen/context.rs;crates/vize_atelier_core/src/runtime_helpers.rs;crates/vize_atelier_core/src/snapshots/vize_atelier_core__codegen__tests__codegen_component.snap;crates/vize_atelier_core/src/snapshots/vize_atelier_core__codegen__tests__codegen_conditional_slot_with_else_does_not_append_undefined.snap;crates/vize_atelier_core/src/snapshots/vize_atelier_core__codegen__tests__codegen_default_slot_with_v_if_is_stable.snap;crates/vize_atelier_core/src/snapshots/vize_atelier_core__codegen__tests__codegen_forwarded_default_slot_is_marked_forwarded.snap;crates/vize_atelier_core/src/snapshots/vize_atelier_core__codegen__tests__codegen_interpolation.snap;crates/vize_atelier_core/src/snapshots/vize_atelier_core__codegen__tests__codegen_numeric_template_v_for_uses_fragment.snap;crates/vize_atelier_core/src/snapshots/vize_atelier_core__codegen__tests__codegen_pascal_case_dynamic_component.snap;crates/vize_atelier_core/src/snapshots/vize_atelier_core__codegen__tests__codegen_pascal_case_dynamic_component_inside_v_for.snap;crates/vize_atelier_core/src/snapshots/vize_atelier_core__codegen__tests__codegen_scoped_slot_params_stay_local_in_handlers.snap;crates/vize_atelier_core/src/snapshots/vize_atelier_core__codegen__tests__codegen_slot_fallback.snap;crates/vize_atelier_core/src/snapshots/vize_atelier_core__codegen__tests__codegen_v_for_aliases_without_parentheses_stay_local.snap;crates/vize_atelier_core/src/snapshots/vize_atelier_core__codegen__tests__codegen_v_for_scope_handlers_are_not_cached.snap;crates/vize_atelier_core/src/snapshots/vize_atelier_core__codegen__tests__codegen_v_if_branch_mixed_children_wrap_interpolations_in_text_vnodes.snap;crates/vize_atelier_core/src/snapshots/vize_atelier_core__codegen__tests__codegen_v_if_template_fragment_wraps_interpolation_in_text_vnode.snap;crates/vize_atelier_core/src/snapshots/vize_atelier_core__codegen__tests__codegen_v_if_template_fragment_wraps_static_text_in_text_vnode.snap;crates/vize_atelier_core/src/snapshots/vize_atelier_core__codegen__tests__codegen_v_model_on_component.snap;crates/vize_atelier_core/src/snapshots/vize_atelier_core__codegen__tests__codegen_v_model_on_input.snap;crates/vize_atelier_core/src/snapshots/vize_atelier_core__codegen__tests__codegen_v_model_with_arg.snap;crates/vize_atelier_core/src/snapshots/vize_atelier_core__codegen__tests__codegen_v_model_with_other_props.snap;crates/vize_atelier_core/src/transform.rs;crates/vize_atelier_core/src/transform/context.rs;crates/vize_atelier_core/src/transforms/hoist_static.rs;crates/vize_atelier_dom/src/snapshots/vize_atelier_dom__tests__inline_component_dynamic_prop_keeps_props_patch_flag.snap;crates/vize_atelier_dom/src/snapshots/vize_atelier_dom__tests__inline_ref_class_binding_keeps_class_patch_flag.snap;crates/vize_atelier_dom/src/snapshots/vize_atelier_dom__tests__v_if_branch_component_dynamic_prop_keeps_props_patch_flag.snap;crates/vize_atelier_dom/tests/snapshots/dom_snapshot__component__simple_component.snap;crates/vize_atelier_dom/tests/snapshots/dom_snapshot__interpolation__interpolation_in_element.snap;crates/vize_atelier_dom/tests/snapshots/dom_snapshot__static_element__nested_component_does_not_hoist_parent_attrs.snap;crates/vize_atelier_dom/tests/snapshots/dom_snapshot__static_element__nested_dynamic_element_does_not_hoist_parent_attrs.snap;crates/vize_atelier_dom/tests/snapshots/dom_snapshot__static_element__nested_elements.snap;crates/vize_atelier_dom/tests/snapshots/dom_snapshot__static_element__nested_elements_with_static_attrs.snap;crates/vize_atelier_dom/tests/snapshots/dom_snapshot__v_bind__dynamic_class.snap;crates/vize_atelier_dom/tests/snapshots/dom_snapshot__v_bind__merge_static_and_dynamic_class_with_vbind_object.snap;crates/vize_atelier_dom/tests/snapshots/dom_snapshot__v_bind__merge_static_and_dynamic_style_with_vbind_object.snap;crates/vize_atelier_dom/tests/snapshots/dom_snapshot__v_for__simple_v_for.snap;crates/vize_atelier_dom/tests/snapshots/dom_snapshot__v_if__v_if_component_with_named_slot.snap;crates/vize_atelier_dom/tests/snapshots/dom_snapshot__v_if__v_if_component_with_slot.snap;crates/vize_atelier_dom/tests/snapshots/dom_snapshot__v_model__input_text.snap;crates/vize_atelier_dom/tests/snapshots/dom_snapshot__v_show__simple_v_show.snap;crates/vize_atelier_dom/tests/snapshots/dom_snapshot__v_show__v_show_on_child_component.snap;crates/vize_atelier_dom/tests/snapshots/dom_snapshot__v_show__v_show_on_root_component.snap;crates/vize_atelier_sfc/src/compile.rs;crates/vize_atelier_sfc/src/compile/snapshots/vize_atelier_sfc__compile__tests__bindings_passed_to_template.snap;crates/vize_atelier_sfc/src/compile/snapshots/vize_atelier_sfc__compile__tests__compile_both_script_blocks.snap;crates/vize_atelier_sfc/src/compile/snapshots/vize_atelier_sfc__compile__tests__compile_both_script_blocks_exposes_normal_script_bindings_to_template.snap;crates/vize_atelier_sfc/src/compile/snapshots/vize_atelier_sfc__compile__tests__define_model_basic.snap;crates/vize_atelier_sfc/src/compile/snapshots/vize_atelier_sfc__compile__tests__define_model_with_name.snap;crates/vize_atelier_sfc/src/compile/snapshots/vize_atelier_sfc__compile__tests__define_props_imported_type_alias_is_exposed_to_template.snap;crates/vize_atelier_sfc/src/compile/snapshots/vize_atelier_sfc__compile__tests__define_props_interface_extends_imported_type_alias.snap;crates/vize_atelier_sfc/src/compile/snapshots/vize_atelier_sfc__compile__tests__full_sfc_props_destructure.snap;crates/vize_atelier_sfc/src/compile/snapshots/vize_atelier_sfc__compile__tests__inline_component_dynamic_prop_keeps_props_patch_flag.snap;crates/vize_atelier_sfc/src/compile/snapshots/vize_atelier_sfc__compile__tests__inline_template_keeps_patch_flags_for_ref_class_bindings.snap;crates/vize_atelier_sfc/src/compile/snapshots/vize_atelier_sfc__compile__tests__let_var_unref.snap;crates/vize_atelier_sfc/src/compile/snapshots/vize_atelier_sfc__compile__tests__multi_statement_event_handler.snap;crates/vize_atelier_sfc/src/compile/snapshots/vize_atelier_sfc__compile__tests__nested_v_if_no_double_prefix.snap;crates/vize_atelier_sfc/src/compile/snapshots/vize_atelier_sfc__compile__tests__non_script_setup_typescript_preserved.snap;crates/vize_atelier_sfc/src/compile/snapshots/vize_atelier_sfc__compile__tests__script_setup_css_v_bind_dedupes_template_unref_import.snap;crates/vize_atelier_sfc/src/compile/snapshots/vize_atelier_sfc__compile__tests__script_setup_css_v_bind_handles_quoted_parentheses.snap;crates/vize_atelier_sfc/src/compile/snapshots/vize_atelier_sfc__compile__tests__script_setup_css_v_bind_reads_define_props.snap;crates/vize_atelier_sfc/src/compile/snapshots/vize_atelier_sfc__compile__tests__script_setup_css_v_bind_uses_scoped_vars.snap;crates/vize_atelier_sfc/src/compile/snapshots/vize_atelier_sfc__compile__tests__script_setup_self_component_resolves_for_recursion.snap;crates/vize_atelier_sfc/src/compile/snapshots/vize_atelier_sfc__compile__tests__script_setup_sfc_ssr_uses_server_renderer_output.snap;crates/vize_atelier_sfc/src/compile/snapshots/vize_atelier_sfc__compile__tests__script_setup_sfc_ssr_uses_setup_bindings_for_components_and_slots.snap;crates/vize_atelier_sfc/src/compile/snapshots/vize_atelier_sfc__compile__tests__script_setup_sfc_ssr_uses_setup_bindings_for_kebab_case_imported_components.snap;crates/vize_atelier_sfc/src/compile/snapshots/vize_atelier_sfc__compile__tests__script_setup_sfc_ssr_uses_setup_bindings_for_lowercase_imported_components.snap;crates/vize_atelier_sfc/src/compile/snapshots/vize_atelier_sfc__compile__tests__script_setup_sfc_ssr_uses_setup_member_bindings_for_dotted_components.snap;crates/vize_atelier_sfc/src/compile/snapshots/vize_atelier_sfc__compile__tests__script_setup_sfc_uses_setup_bindings_for_kebab_case_imported_components.snap;crates/vize_atelier_sfc/src/compile/snapshots/vize_atelier_sfc__compile__tests__script_setup_sfc_uses_setup_member_bindings_for_dotted_components.snap;crates/vize_atelier_sfc/src/compile/snapshots/vize_atelier_sfc__compile__tests__script_setup_sfc_vapor_custom_renderer_preserves_intrinsics_and_lowercase_imports.snap;crates/vize_atelier_sfc/src/compile/snapshots/vize_atelier_sfc__compile__tests__script_setup_sfc_vapor_output_avoids_local_render_collision.snap;crates/vize_atelier_sfc/src/compile/snapshots/vize_atelier_sfc__compile__tests__script_setup_sfc_vapor_output_keeps_render_block_statements.snap;crates/vize_atelier_sfc/src/compile/snapshots/vize_atelier_sfc__compile__tests__script_setup_sfc_vapor_output_mode.snap;crates/vize_atelier_sfc/src/compile/snapshots/vize_atelier_sfc__compile__tests__script_setup_sfc_vapor_ssr_custom_renderer_falls_back_without_losing_intrinsics.snap;crates/vize_atelier_sfc/src/compile/snapshots/vize_atelier_sfc__compile__tests__script_setup_sfc_vapor_uses_ctx_bindings_for_imported_components.snap;crates/vize_atelier_sfc/src/compile/snapshots/vize_atelier_sfc__compile__tests__script_setup_sfc_vapor_uses_ctx_bindings_for_lowercase_imported_components.snap;crates/vize_atelier_sfc/src/compile/snapshots/vize_atelier_sfc__compile__tests__typescript_function_types_preserved.snap;crates/vize_atelier_sfc/src/compile/snapshots/vize_atelier_sfc__compile__tests__typescript_preserved_in_event_handler.snap;crates/vize_atelier_sfc/src/compile/snapshots/vize_atelier_sfc__compile__tests__v_model_on_component_in_sfc.snap;crates/vize_atelier_sfc/src/compile_script/function_mode/imports.rs;crates/vize_atelier_sfc/src/compile_script/inline/compiler.rs;crates/vize_atelier_sfc/src/compile_script/inline/compiler/body.rs;crates/vize_atelier_sfc/src/compile_script/inline/compiler/model.rs;crates/vize_atelier_sfc/src/compile_script/inline/compiler/preamble.rs;crates/vize_atelier_sfc/src/compile_script/inline/compiler/props.rs;crates/vize_atelier_sfc/src/compile_script/inline/compiler/render.rs;crates/vize_atelier_sfc/src/compile_script/inline/compiler/setup_emit.rs;crates/vize_atelier_sfc/src/compile_script/inline/snapshots/vize_atelier_sfc__compile_script__inline__tests__tests__declare_global_not_in_setup_body_ts.snap;crates/vize_atelier_sfc/src/compile_script/inline/snapshots/vize_atelier_sfc__compile_script__inline__tests__tests__export_type_with_arrow_function_member.snap;crates/vize_atelier_sfc/src/compile_script/inline/snapshots/vize_atelier_sfc__compile_script__inline__tests__tests__multiline_conditional_type_ts.snap;crates/vize_atelier_sfc/src/compile_script/inline/snapshots/vize_atelier_sfc__compile_script__inline__tests__tests__side_effect_import_without_semicolons.snap;crates/vize_atelier_sfc/src/compile_template/extraction.rs;crates/vize_atelier_sfc/src/compile_template/snapshots/vize_atelier_sfc__compile_template__tests__extract_template_parts_deeply_nested_multiline.snap;crates/vize_atelier_sfc/src/compile_template/snapshots/vize_atelier_sfc__compile_template__tests__extract_template_parts_multiline_template_literal.snap;crates/vize_atelier_sfc/src/css.rs;crates/vize_atelier_sfc/src/css/tests.rs;crates/vize_atelier_sfc/src/css/transform.rs;crates/vize_atelier_sfc/src/snapshots/vize_atelier_sfc__tests__compile_sfc_define_model_with_type_args_preserves_body.snap;crates/vize_atelier_sfc/src/snapshots/vize_atelier_sfc__tests__compile_sfc_with_define_emits.snap	crates/vize_atelier_core/src/snapshots/vize_atelier_core__codegen__tests__codegen_component.snap;crates/vize_atelier_core/src/snapshots/vize_atelier_core__codegen__tests__codegen_conditional_slot_with_else_does_not_append_undefined.snap;crates/vize_atelier_core/src/snapshots/vize_atelier_core__codegen__tests__codegen_default_slot_with_v_if_is_stable.snap;crates/vize_atelier_core/src/snapshots/vize_atelier_core__codegen__tests__codegen_forwarded_default_slot_is_marked_forwarded.snap;crates/vize_atelier_core/src/snapshots/vize_atelier_core__codegen__tests__codegen_interpolation.snap;crates/vize_atelier_core/src/snapshots/vize_atelier_core__codegen__tests__codegen_numeric_template_v_for_uses_fragment.snap;crates/vize_atelier_core/src/snapshots/vize_atelier_core__codegen__tests__codegen_pascal_case_dynamic_component.snap;crates/vize_atelier_core/src/snapshots/vize_atelier_core__codegen__tests__codegen_pascal_case_dynamic_component_inside_v_for.snap;crates/vize_atelier_core/src/snapshots/vize_atelier_core__codegen__tests__codegen_scoped_slot_params_stay_local_in_handlers.snap;crates/vize_atelier_core/src/snapshots/vize_atelier_core__codegen__tests__codegen_slot_fallback.snap;crates/vize_atelier_core/src/snapshots/vize_atelier_core__codegen__tests__codegen_v_for_aliases_without_parentheses_stay_local.snap;crates/vize_atelier_core/src/snapshots/vize_atelier_core__codegen__tests__codegen_v_for_scope_handlers_are_not_cached.snap;crates/vize_atelier_core/src/snapshots/vize_atelier_core__codegen__tests__codegen_v_if_branch_mixed_children_wrap_interpolations_in_text_vnodes.snap;crates/vize_atelier_core/src/snapshots/vize_atelier_core__codegen__tests__codegen_v_if_template_fragment_wraps_interpolation_in_text_vnode.snap;crates/vize_atelier_core/src/snapshots/vize_atelier_core__codegen__tests__codegen_v_if_template_fragment_wraps_static_text_in_text_vnode.snap;crates/vize_atelier_core/src/snapshots/vize_atelier_core__codegen__tests__codegen_v_model_on_component.snap;crates/vize_atelier_core/src/snapshots/vize_atelier_core__codegen__tests__codegen_v_model_on_input.snap;crates/vize_atelier_core/src/snapshots/vize_atelier_core__codegen__tests__codegen_v_model_with_arg.snap;crates/vize_atelier_core/src/snapshots/vize_atelier_core__codegen__tests__codegen_v_model_with_other_props.snap;crates/vize_atelier_dom/src/snapshots/vize_atelier_dom__tests__inline_component_dynamic_prop_keeps_props_patch_flag.snap;crates/vize_atelier_dom/src/snapshots/vize_atelier_dom__tests__inline_ref_class_binding_keeps_class_patch_flag.snap;crates/vize_atelier_dom/src/snapshots/vize_atelier_dom__tests__v_if_branch_component_dynamic_prop_keeps_props_patch_flag.snap;crates/vize_atelier_dom/tests/snapshots/dom_snapshot__component__simple_component.snap;crates/vize_atelier_dom/tests/snapshots/dom_snapshot__interpolation__interpolation_in_element.snap;crates/vize_atelier_dom/tests/snapshots/dom_snapshot__static_element__nested_component_does_not_hoist_parent_attrs.snap;crates/vize_atelier_dom/tests/snapshots/dom_snapshot__static_element__nested_dynamic_element_does_not_hoist_parent_attrs.snap;crates/vize_atelier_dom/tests/snapshots/dom_snapshot__static_element__nested_elements.snap;crates/vize_atelier_dom/tests/snapshots/dom_snapshot__static_element__nested_elements_with_static_attrs.snap;crates/vize_atelier_dom/tests/snapshots/dom_snapshot__v_bind__dynamic_class.snap;crates/vize_atelier_dom/tests/snapshots/dom_snapshot__v_bind__merge_static_and_dynamic_class_with_vbind_object.snap;crates/vize_atelier_dom/tests/snapshots/dom_snapshot__v_bind__merge_static_and_dynamic_style_with_vbind_object.snap;crates/vize_atelier_dom/tests/snapshots/dom_snapshot__v_for__simple_v_for.snap;crates/vize_atelier_dom/tests/snapshots/dom_snapshot__v_if__v_if_component_with_named_slot.snap;crates/vize_atelier_dom/tests/snapshots/dom_snapshot__v_if__v_if_component_with_slot.snap;crates/vize_atelier_dom/tests/snapshots/dom_snapshot__v_model__input_text.snap;crates/vize_atelier_dom/tests/snapshots/dom_snapshot__v_show__simple_v_show.snap;crates/vize_atelier_dom/tests/snapshots/dom_snapshot__v_show__v_show_on_child_component.snap;crates/vize_atelier_dom/tests/snapshots/dom_snapshot__v_show__v_show_on_root_component.snap;crates/vize_atelier_sfc/src/compile/snapshots/vize_atelier_sfc__compile__tests__bindings_passed_to_template.snap;crates/vize_atelier_sfc/src/compile/snapshots/vize_atelier_sfc__compile__tests__compile_both_script_blocks.snap;crates/vize_atelier_sfc/src/compile/snapshots/vize_atelier_sfc__compile__tests__compile_both_script_blocks_exposes_normal_script_bindings_to_template.snap;crates/vize_atelier_sfc/src/compile/snapshots/vize_atelier_sfc__compile__tests__define_model_basic.snap;crates/vize_atelier_sfc/src/compile/snapshots/vize_atelier_sfc__compile__tests__define_model_with_name.snap;crates/vize_atelier_sfc/src/compile/snapshots/vize_atelier_sfc__compile__tests__define_props_imported_type_alias_is_exposed_to_template.snap;crates/vize_atelier_sfc/src/compile/snapshots/vize_atelier_sfc__compile__tests__define_props_interface_extends_imported_type_alias.snap;crates/vize_atelier_sfc/src/compile/snapshots/vize_atelier_sfc__compile__tests__full_sfc_props_destructure.snap;crates/vize_atelier_sfc/src/compile/snapshots/vize_atelier_sfc__compile__tests__inline_component_dynamic_prop_keeps_props_patch_flag.snap;crates/vize_atelier_sfc/src/compile/snapshots/vize_atelier_sfc__compile__tests__inline_template_keeps_patch_flags_for_ref_class_bindings.snap;crates/vize_atelier_sfc/src/compile/snapshots/vize_atelier_sfc__compile__tests__let_var_unref.snap;crates/vize_atelier_sfc/src/compile/snapshots/vize_atelier_sfc__compile__tests__multi_statement_event_handler.snap;crates/vize_atelier_sfc/src/compile/snapshots/vize_atelier_sfc__compile__tests__nested_v_if_no_double_prefix.snap;crates/vize_atelier_sfc/src/compile/snapshots/vize_atelier_sfc__compile__tests__non_script_setup_typescript_preserved.snap;crates/vize_atelier_sfc/src/compile/snapshots/vize_atelier_sfc__compile__tests__script_setup_css_v_bind_dedupes_template_unref_import.snap;crates/vize_atelier_sfc/src/compile/snapshots/vize_atelier_sfc__compile__tests__script_setup_css_v_bind_handles_quoted_parentheses.snap;crates/vize_atelier_sfc/src/compile/snapshots/vize_atelier_sfc__compile__tests__script_setup_css_v_bind_reads_define_props.snap;crates/vize_atelier_sfc/src/compile/snapshots/vize_atelier_sfc__compile__tests__script_setup_css_v_bind_uses_scoped_vars.snap;crates/vize_atelier_sfc/src/compile/snapshots/vize_atelier_sfc__compile__tests__script_setup_self_component_resolves_for_recursion.snap;crates/vize_atelier_sfc/src/compile/snapshots/vize_atelier_sfc__compile__tests__script_setup_sfc_ssr_uses_server_renderer_output.snap;crates/vize_atelier_sfc/src/compile/snapshots/vize_atelier_sfc__compile__tests__script_setup_sfc_ssr_uses_setup_bindings_for_components_and_slots.snap;crates/vize_atelier_sfc/src/compile/snapshots/vize_atelier_sfc__compile__tests__script_setup_sfc_ssr_uses_setup_bindings_for_kebab_case_imported_components.snap;crates/vize_atelier_sfc/src/compile/snapshots/vize_atelier_sfc__compile__tests__script_setup_sfc_ssr_uses_setup_bindings_for_lowercase_imported_components.snap;crates/vize_atelier_sfc/src/compile/snapshots/vize_atelier_sfc__compile__tests__script_setup_sfc_ssr_uses_setup_member_bindings_for_dotted_components.snap;crates/vize_atelier_sfc/src/compile/snapshots/vize_atelier_sfc__compile__tests__script_setup_sfc_uses_setup_bindings_for_kebab_case_imported_components.snap;crates/vize_atelier_sfc/src/compile/snapshots/vize_atelier_sfc__compile__tests__script_setup_sfc_uses_setup_member_bindings_for_dotted_components.snap;crates/vize_atelier_sfc/src/compile/snapshots/vize_atelier_sfc__compile__tests__script_setup_sfc_vapor_custom_renderer_preserves_intrinsics_and_lowercase_imports.snap;crates/vize_atelier_sfc/src/compile/snapshots/vize_atelier_sfc__compile__tests__script_setup_sfc_vapor_output_avoids_local_render_collision.snap;crates/vize_atelier_sfc/src/compile/snapshots/vize_atelier_sfc__compile__tests__script_setup_sfc_vapor_output_keeps_render_block_statements.snap;crates/vize_atelier_sfc/src/compile/snapshots/vize_atelier_sfc__compile__tests__script_setup_sfc_vapor_output_mode.snap;crates/vize_atelier_sfc/src/compile/snapshots/vize_atelier_sfc__compile__tests__script_setup_sfc_vapor_ssr_custom_renderer_falls_back_without_losing_intrinsics.snap;crates/vize_atelier_sfc/src/compile/snapshots/vize_atelier_sfc__compile__tests__script_setup_sfc_vapor_uses_ctx_bindings_for_imported_components.snap;crates/vize_atelier_sfc/src/compile/snapshots/vize_atelier_sfc__compile__tests__script_setup_sfc_vapor_uses_ctx_bindings_for_lowercase_imported_components.snap;crates/vize_atelier_sfc/src/compile/snapshots/vize_atelier_sfc__compile__tests__typescript_function_types_preserved.snap;crates/vize_atelier_sfc/src/compile/snapshots/vize_atelier_sfc__compile__tests__typescript_preserved_in_event_handler.snap;crates/vize_atelier_sfc/src/compile/snapshots/vize_atelier_sfc__compile__tests__v_model_on_component_in_sfc.snap;crates/vize_atelier_sfc/src/compile_script/inline/snapshots/vize_atelier_sfc__compile_script__inline__tests__tests__declare_global_not_in_setup_body_ts.snap;crates/vize_atelier_sfc/src/compile_script/inline/snapshots/vize_atelier_sfc__compile_script__inline__tests__tests__export_type_with_arrow_function_member.snap;crates/vize_atelier_sfc/src/compile_script/inline/snapshots/vize_atelier_sfc__compile_script__inline__tests__tests__multiline_conditional_type_ts.snap;crates/vize_atelier_sfc/src/compile_script/inline/snapshots/vize_atelier_sfc__compile_script__inline__tests__tests__side_effect_import_without_semicolons.snap;crates/vize_atelier_sfc/src/compile_template/snapshots/vize_atelier_sfc__compile_template__tests__extract_template_parts_deeply_nested_multiline.snap;crates/vize_atelier_sfc/src/compile_template/snapshots/vize_atelier_sfc__compile_template__tests__extract_template_parts_multiline_template_literal.snap;crates/vize_atelier_sfc/src/css/tests.rs;crates/vize_atelier_sfc/src/snapshots/vize_atelier_sfc__tests__compile_sfc_define_model_with_type_args_preserves_body.snap;crates/vize_atelier_sfc/src/snapshots/vize_atelier_sfc__tests__compile_sfc_with_define_emits.snap	-	semantic-review-pending	-
1c50ab4666ab99ff38a94b9ababd496026add804	fix(sfc): trim generated code trailing newlines (#798)	crates/vize_atelier_sfc/src/compile.rs;crates/vize_atelier_sfc/src/compile/tests.rs	crates/vize_atelier_sfc/src/compile/tests.rs	-	semantic-review-pending	-
ab456f2bfc1cd5ca3a3c5b1baa4d9dc318fe4a07	fix(compiler): resolve src alias type imports (#786)	crates/vize_atelier_sfc/src/compile/tests.rs;crates/vize_atelier_sfc/src/script/context/external_types.rs	crates/vize_atelier_sfc/src/compile/tests.rs	-	semantic-review-pending	-
b2f3524a646e5cdc10fc31c7ea6708ba5ecad92b	fix(compiler): preserve defineEmits spacing (#785)	crates/vize_atelier_sfc/src/compile_script/inline/compiler/setup_emit.rs	-	-	semantic-review-pending	-
76132582fd93607bb43429918bdd1dcff68b1fa9	fix(canon,croquis): type scoped-slot props from the child's defineSlots (#764) (#773)	crates/vize_atelier_core/src/transform/context.rs;crates/vize_croquis/src/analyzer/template/visit_element.rs;crates/vize_croquis/src/scope/chain/chain_tests.rs;crates/vize_croquis/src/scope/types/scope_data.rs	crates/vize_croquis/src/scope/chain/chain_tests.rs	-	semantic-review-pending	-
8dc46665e7058998e8dbd6f8851fd39ea9cd4e7a	fix(compiler): expand parity fixture corpus and fix two divergences (#763) (#774)	crates/vize_atelier_core/src/codegen/props/scan.rs;crates/vize_atelier_sfc/src/compile_script/inline/compiler/component_output.rs	-	-	semantic-review-pending	-
f110960b5311c150831079eeddccc6cbb548606b	fix(sfc): resolve defineModel type argument in compileScript (#765) (#769)	crates/vize_atelier_sfc/src/compile/snapshots/vize_atelier_sfc__compile__tests__define_props_interface_extends_imported_type_alias.snap;crates/vize_atelier_sfc/src/compile_script/inline/compiler/body.rs;crates/vize_atelier_sfc/src/compile_script/inline/compiler/model.rs;crates/vize_atelier_sfc/src/compile_script/inline/compiler/setup_emit.rs;crates/vize_atelier_sfc/src/compile_script/props.rs;crates/vize_atelier_sfc/src/snapshots/vize_atelier_sfc__tests__compile_sfc_define_model_with_type_args_preserves_body.snap	crates/vize_atelier_sfc/src/compile/snapshots/vize_atelier_sfc__compile__tests__define_props_interface_extends_imported_type_alias.snap;crates/vize_atelier_sfc/src/snapshots/vize_atelier_sfc__tests__compile_sfc_define_model_with_type_args_preserves_body.snap	-	semantic-review-pending	-
d175e964b691cad7ac542d08734cac5051a48e96	fix(canon,croquis): editor type-check parity with vue-tsc (#5978, #5850) (#761)	crates/vize_croquis/src/analyzer.rs;crates/vize_croquis/src/analyzer/helpers.rs;crates/vize_croquis/src/analyzer/template/directives/control_flow.rs;crates/vize_croquis/src/analyzer/template/snapshots/vize_croquis__analyzer__template__tests__vif_guard_in_template.snap;crates/vize_croquis/src/analyzer/template/tests.rs;crates/vize_croquis/src/analyzer/template/visit_element.rs;crates/vize_croquis/src/snapshots/vize_croquis__analyzer__tests__vif_guard_in_template.snap	crates/vize_croquis/src/analyzer/template/snapshots/vize_croquis__analyzer__template__tests__vif_guard_in_template.snap;crates/vize_croquis/src/analyzer/template/tests.rs;crates/vize_croquis/src/snapshots/vize_croquis__analyzer__tests__vif_guard_in_template.snap	-	semantic-review-pending	-
9570b62e1146bb5f3b9c7edef63e8546c9efade1	fix(sfc): script-setup compiler parity with @vue/compiler-sfc (#762)	crates/vize_atelier_sfc/src/compile/snapshots/vize_atelier_sfc__compile__tests__define_props_interface_extends_imported_type_alias.snap;crates/vize_atelier_sfc/src/compile_script/inline/compiler.rs;crates/vize_atelier_sfc/src/compile_script/inline/compiler/body.rs;crates/vize_atelier_sfc/src/compile_script/inline/compiler/component_output.rs;crates/vize_atelier_sfc/src/compile_script/inline/compiler/model.rs;crates/vize_atelier_sfc/src/compile_script/inline/compiler/preamble.rs;crates/vize_atelier_sfc/src/compile_script/inline/compiler/props.rs;crates/vize_atelier_sfc/src/lib.rs;crates/vize_atelier_sfc/src/script/define_props_destructure.rs;crates/vize_atelier_sfc/src/script/define_props_destructure/process.rs;crates/vize_atelier_sfc/src/script/define_props_destructure/tests.rs;crates/vize_atelier_sfc/src/snapshots/vize_atelier_sfc__tests__compile_sfc_with_define_emits.snap;crates/vize_croquis/src/script_parser/extract.rs	crates/vize_atelier_sfc/src/compile/snapshots/vize_atelier_sfc__compile__tests__define_props_interface_extends_imported_type_alias.snap;crates/vize_atelier_sfc/src/script/define_props_destructure/tests.rs;crates/vize_atelier_sfc/src/snapshots/vize_atelier_sfc__tests__compile_sfc_with_define_emits.snap	-	semantic-review-pending	-
6bc2496e304b4f9eaae67dd202e57df154b573b2	fix(compiler): VDOM template-compiler parity with @vue/compiler-sfc (#760)	crates/vize_armature/src/parser/attribute.rs;crates/vize_atelier_core/src/codegen.rs;crates/vize_atelier_core/src/codegen/context.rs;crates/vize_atelier_core/src/codegen/element/block.rs;crates/vize_atelier_core/src/codegen/element/inline.rs;crates/vize_atelier_core/src/codegen/expression/generate.rs;crates/vize_atelier_core/src/codegen/helpers.rs;crates/vize_atelier_core/src/codegen/patch_flag.rs;crates/vize_atelier_core/src/codegen/props.rs;crates/vize_atelier_core/src/codegen/props/directives.rs;crates/vize_atelier_core/src/codegen/props/events.rs;crates/vize_atelier_core/src/codegen/props/generate.rs;crates/vize_atelier_core/src/codegen/props/scan.rs;crates/vize_atelier_core/src/codegen/slots.rs;crates/vize_atelier_core/src/codegen/v_for.rs;crates/vize_atelier_core/src/codegen/v_for/generate.rs;crates/vize_atelier_core/src/codegen/v_if/branch.rs;crates/vize_atelier_core/src/codegen/v_if/generate.rs;crates/vize_atelier_core/src/transforms/transform_expression/inline_handler.rs;crates/vize_atelier_dom/src/snapshots/vize_atelier_dom__tests__event_handler_setup_ref_value.snap;crates/vize_atelier_sfc/src/compile/snapshots/vize_atelier_sfc__compile__tests__multi_statement_event_handler.snap;crates/vize_atelier_sfc/src/compile_script/inline/compiler/body.rs	crates/vize_atelier_dom/src/snapshots/vize_atelier_dom__tests__event_handler_setup_ref_value.snap;crates/vize_atelier_sfc/src/compile/snapshots/vize_atelier_sfc__compile__tests__multi_statement_event_handler.snap	-	semantic-review-pending	-
7b821f8d0c46c56ab48d0a954def515a9219838e	fix(sfc): point props-destructure default-type diagnostic at the default value (#750)	crates/vize_atelier_sfc/src/compile_script/function_mode/compiler.rs;crates/vize_atelier_sfc/src/compile_script/inline/compiler.rs;crates/vize_atelier_sfc/src/compile_script/props.rs;crates/vize_atelier_sfc/src/lib.rs	-	props-default-type-diagnostic@crates/vize_atelier_sfc/tests/fixtures/fix-history/map-diagnostic-input-provenance.json	fixture-linked;target-and-semantic-review-pending	-
4b53b409bb033177471776ddad66a1eb8fff5878	fix(armature): cap element nesting depth in the template parser (#748)	crates/vize_armature/src/parser/element.rs;crates/vize_armature/src/parser/tests.rs	crates/vize_armature/src/parser/tests.rs	-	semantic-review-pending	-
c7378647b4d523ffdaae11bedb7d46f25763c1fe	fix(canon): lift script-setup re-export statements to module scope (#739)	crates/vize_croquis/src/script_parser/process.rs	-	-	semantic-review-pending	-
e957538964a4b570e2cdef3a2370c75e41bd28e5	fix: surface SFC compile errors in check and LSP diagnostics (#675)	crates/vize_atelier_sfc/src/compile_script/props.rs;crates/vize_atelier_sfc/src/lib.rs	-	-	semantic-review-pending	-
2944c2aeac5751ca7252cc227c887afe005bad1a	fix: hoist static attrs on nested elements (#670)	crates/vize_atelier_core/src/transforms/hoist_static.rs;crates/vize_atelier_dom/tests/dom_snapshot.rs;crates/vize_atelier_dom/tests/snapshots/dom_snapshot__static_element__nested_component_does_not_hoist_parent_attrs.snap;crates/vize_atelier_dom/tests/snapshots/dom_snapshot__static_element__nested_dynamic_element_does_not_hoist_parent_attrs.snap;crates/vize_atelier_dom/tests/snapshots/dom_snapshot__static_element__nested_elements_with_static_attrs.snap	crates/vize_atelier_dom/tests/dom_snapshot.rs;crates/vize_atelier_dom/tests/snapshots/dom_snapshot__static_element__nested_component_does_not_hoist_parent_attrs.snap;crates/vize_atelier_dom/tests/snapshots/dom_snapshot__static_element__nested_dynamic_element_does_not_hoist_parent_attrs.snap;crates/vize_atelier_dom/tests/snapshots/dom_snapshot__static_element__nested_elements_with_static_attrs.snap	-	semantic-review-pending	-
af7273e70c0ac72451646299e58c6c5271bd6c27	fix: validate props destructure defaults (#669)	crates/vize_atelier_sfc/src/compile/tests.rs;crates/vize_atelier_sfc/src/compile_script/function_mode/compiler.rs;crates/vize_atelier_sfc/src/compile_script/inline/compiler.rs;crates/vize_atelier_sfc/src/compile_script/props.rs	crates/vize_atelier_sfc/src/compile/tests.rs	-	semantic-review-pending	-
077db2a782205fd7ea8fd5c7449cece03ab3b166	fix: omit default required true props (#671)	crates/vize_atelier_sfc/src/compile/snapshots/vize_atelier_sfc__compile__tests__compile_both_script_blocks.snap;crates/vize_atelier_sfc/src/compile/snapshots/vize_atelier_sfc__compile__tests__define_props_interface_extends_imported_type_alias.snap;crates/vize_atelier_sfc/src/compile/snapshots/vize_atelier_sfc__compile__tests__full_sfc_props_destructure.snap;crates/vize_atelier_sfc/src/compile/snapshots/vize_atelier_sfc__compile__tests__script_setup_css_v_bind_reads_define_props.snap;crates/vize_atelier_sfc/src/compile/snapshots/vize_atelier_sfc__compile__tests__script_setup_css_v_bind_reads_destructured_prop_aliases.snap;crates/vize_atelier_sfc/src/compile_script/function_mode/compiler.rs;crates/vize_atelier_sfc/src/compile_script/inline/compiler/props.rs;crates/vize_atelier_sfc/src/compile_script/inline/snapshots/vize_atelier_sfc__compile_script__inline__tests__tests__define_props_assignment_value_on_next_line.snap;crates/vize_atelier_sfc/src/compile_script/inline/snapshots/vize_atelier_sfc__compile_script__inline__tests__tests__define_props_destructure_value_on_next_line.snap;crates/vize_atelier_sfc/src/compile_script/inline/snapshots/vize_atelier_sfc__compile_script__inline__tests__tests__define_props_destructure_value_on_next_line_with_semicolon.snap;crates/vize_atelier_sfc/src/compile_script/inline/snapshots/vize_atelier_sfc__compile_script__inline__tests__tests__define_props_with_trailing_semicolon.snap;crates/vize_atelier_sfc/src/compile_script/inline/snapshots/vize_atelier_sfc__compile_script__inline__tests__tests__export_type_generates_props_declaration.snap;crates/vize_atelier_sfc/src/compile_script/inline/snapshots/vize_atelier_sfc__compile_script__inline__tests__tests__multiline_define_props_with_trailing_semicolon.snap;crates/vize_atelier_sfc/src/compile_script/inline/snapshots/vize_atelier_sfc__compile_script__inline__tests__tests__with_defaults_trailing_semicolon.snap	crates/vize_atelier_sfc/src/compile/snapshots/vize_atelier_sfc__compile__tests__compile_both_script_blocks.snap;crates/vize_atelier_sfc/src/compile/snapshots/vize_atelier_sfc__compile__tests__define_props_interface_extends_imported_type_alias.snap;crates/vize_atelier_sfc/src/compile/snapshots/vize_atelier_sfc__compile__tests__full_sfc_props_destructure.snap;crates/vize_atelier_sfc/src/compile/snapshots/vize_atelier_sfc__compile__tests__script_setup_css_v_bind_reads_define_props.snap;crates/vize_atelier_sfc/src/compile/snapshots/vize_atelier_sfc__compile__tests__script_setup_css_v_bind_reads_destructured_prop_aliases.snap;crates/vize_atelier_sfc/src/compile_script/inline/snapshots/vize_atelier_sfc__compile_script__inline__tests__tests__define_props_assignment_value_on_next_line.snap;crates/vize_atelier_sfc/src/compile_script/inline/snapshots/vize_atelier_sfc__compile_script__inline__tests__tests__define_props_destructure_value_on_next_line.snap;crates/vize_atelier_sfc/src/compile_script/inline/snapshots/vize_atelier_sfc__compile_script__inline__tests__tests__define_props_destructure_value_on_next_line_with_semicolon.snap;crates/vize_atelier_sfc/src/compile_script/inline/snapshots/vize_atelier_sfc__compile_script__inline__tests__tests__define_props_with_trailing_semicolon.snap;crates/vize_atelier_sfc/src/compile_script/inline/snapshots/vize_atelier_sfc__compile_script__inline__tests__tests__export_type_generates_props_declaration.snap;crates/vize_atelier_sfc/src/compile_script/inline/snapshots/vize_atelier_sfc__compile_script__inline__tests__tests__multiline_define_props_with_trailing_semicolon.snap;crates/vize_atelier_sfc/src/compile_script/inline/snapshots/vize_atelier_sfc__compile_script__inline__tests__tests__with_defaults_trailing_semicolon.snap	-	semantic-review-pending	-
711cb80543ac12f7ef3c0f54cccdca52f7ef4afe	fix: reduce reactivity loss false positives (#673)	crates/vize_croquis/src/script_parser.rs;crates/vize_croquis/src/script_parser/extract.rs	-	-	semantic-review-pending	-
61a4dd074b1c336023a4c23c8d2362a73298610f	fix: treat exported plain script bindings as template-visible (#652)	crates/vize_croquis/src/analyzer/template.rs;crates/vize_croquis/src/analyzer/template/directives/control_flow.rs;crates/vize_croquis/src/analyzer/template/directives/v_bind.rs;crates/vize_croquis/src/analyzer/template/directives/v_on.rs;crates/vize_croquis/src/analyzer/template/ids.rs;crates/vize_croquis/src/analyzer/template/visit_element.rs;crates/vize_croquis/src/script_parser.rs;crates/vize_croquis/src/script_parser/process.rs	-	-	semantic-review-pending	-
07574f1faea7dec3be8f3177851a1a45c6c0c937	fix(canon): keep typeof-anchored types inside __setup scope (#644)	crates/vize_croquis/Cargo.toml;crates/vize_croquis/src/script_parser.rs;crates/vize_croquis/src/script_parser/extract.rs;crates/vize_croquis/src/script_parser/process.rs;crates/vize_croquis/src/script_parser/typeof_refs.rs;crates/vize_croquis/src/snapshots/vize_croquis__script_parser__tests__parse_imports.snap;crates/vize_croquis/src/snapshots/vize_croquis__script_parser__tests__parse_reactivity.snap	crates/vize_croquis/src/snapshots/vize_croquis__script_parser__tests__parse_imports.snap;crates/vize_croquis/src/snapshots/vize_croquis__script_parser__tests__parse_reactivity.snap	-	semantic-review-pending	-
36748f96dfd364a20f6c47993904fd33032a33eb	fix(atelier-core): preserve source when cloning compound expressions (#620)	crates/vize_atelier_core/src/transforms/transform_expression.rs	-	-	semantic-review-pending	-
84ad16ca4d099ecd589934d7bd7916d5d9ffad53	fix: stabilize Vue virtual typing and Corsa workspaces (#618)	crates/vize_atelier_sfc/src/css/tests.rs;crates/vize_atelier_sfc/src/vite_plugin/resolver.rs	crates/vize_atelier_sfc/src/css/tests.rs	-	semantic-review-pending	-
dab7edca29ef07b68ef81e11b19e3bf9ad8bc900	fix: resolve options api component bindings	crates/vize_croquis/src/script_parser.rs;crates/vize_croquis/src/script_parser/process.rs;crates/vize_croquis/src/snapshots/vize_croquis__script_parser__tests__parse_options_api_component_registrations.snap;crates/vize_croquis/src/snapshots/vize_croquis__script_parser__tests__parse_options_api_component_registrations_through_bindings.snap	crates/vize_croquis/src/snapshots/vize_croquis__script_parser__tests__parse_options_api_component_registrations.snap;crates/vize_croquis/src/snapshots/vize_croquis__script_parser__tests__parse_options_api_component_registrations_through_bindings.snap	-	semantic-review-pending	-
13c6ad221fbbf0f557ae50559db08fa998eaf727	fix(sfc): resolve css vars and multiline generics	crates/vize_atelier_sfc/src/compile/tests.rs;crates/vize_atelier_sfc/src/compile_script/inline/compiler/hoist.rs;crates/vize_atelier_sfc/src/compile_script/inline/compiler/setup_emit.rs;crates/vize_atelier_sfc/src/css/tests.rs;crates/vize_atelier_sfc/src/css/transform.rs	crates/vize_atelier_sfc/src/compile/tests.rs;crates/vize_atelier_sfc/src/css/tests.rs	-	semantic-review-pending	-
bceaba19325ecb355e037b2cb066279cff2283a6	fix(sfc): parse css v-bind parentheses in quoted expressions	crates/vize_atelier_sfc/src/compile/tests.rs;crates/vize_atelier_sfc/src/css.rs;crates/vize_atelier_sfc/src/css/tests.rs;crates/vize_atelier_sfc/src/css/transform.rs;crates/vize_atelier_sfc/src/style.rs	crates/vize_atelier_sfc/src/compile/tests.rs;crates/vize_atelier_sfc/src/css/tests.rs	-	semantic-review-pending	-
d504eb94cad1c3989b4648b3e4730a95ae437627	fix(sfc): avoid duplicate unref runtime import (#601)	crates/vize_atelier_sfc/src/compile/tests.rs;crates/vize_atelier_sfc/src/compile_script/import_utils.rs;crates/vize_atelier_sfc/src/compile_script/inline/compiler/preamble.rs	crates/vize_atelier_sfc/src/compile/tests.rs	-	semantic-review-pending	-
a5e86effd72d63c0a81a97ddb6f59ab651d5040a	fix(sfc): expose normal script bindings to templates (#585)	crates/vize_atelier_sfc/src/compile.rs;crates/vize_atelier_sfc/src/compile/bindings.rs;crates/vize_atelier_sfc/src/compile/tests.rs	crates/vize_atelier_sfc/src/compile/tests.rs	-	semantic-review-pending	-
e9586daff99ae43ff1e3621829f63e647181a3f1	fix(sfc): transform css v-bind variables (#583)	crates/vize_atelier_sfc/src/compile/tests.rs;crates/vize_atelier_sfc/src/compile_script/inline/compiler/setup_emit.rs;crates/vize_atelier_sfc/src/css.rs;crates/vize_atelier_sfc/src/css/tests.rs;crates/vize_atelier_sfc/src/css/transform.rs;crates/vize_atelier_sfc/src/parse/parse_sfc.rs;crates/vize_atelier_sfc/src/parse/tests.rs;crates/vize_atelier_sfc/src/style.rs;crates/vize_atelier_sfc/src/vite_plugin.rs;crates/vize_atelier_sfc/src/vite_plugin/css.rs	crates/vize_atelier_sfc/src/compile/tests.rs;crates/vize_atelier_sfc/src/css/tests.rs;crates/vize_atelier_sfc/src/parse/tests.rs	compiler/sfc/scoped-css-v-bind@crates/vize_atelier_sfc/tests/fixtures/fix-history/next-provenance.json	fixture-linked;target-and-semantic-review-pending	-
83fa8ce9dc50ab0c690c48130115d7f51e2cfd28	fix: unwrap legacy scoped CSS selectors (#579)	crates/vize_atelier_sfc/src/vite_plugin/css_scope.rs	-	-	semantic-review-pending	-
403e1d77e1ef17e8a1cfa94c8228df5a78175dbb	fix: preserve slot outlets in control flow	crates/vize_atelier_core/src/codegen.rs;crates/vize_atelier_core/src/codegen/element/block.rs;crates/vize_atelier_core/src/codegen/element/inline.rs;crates/vize_atelier_core/src/codegen/slots.rs;crates/vize_atelier_core/src/codegen/v_for/generate.rs;crates/vize_atelier_core/src/codegen/v_if/branch.rs	-	-	semantic-review-pending	-
da92410ed425fa7c0bcd156a3fdd2d984086650e	fix: resolve non-experimental issue backlog (#554)	crates/vize_armature/src/parser.rs;crates/vize_armature/src/parser/attribute.rs;crates/vize_armature/src/parser/element.rs;crates/vize_armature/src/parser/tests.rs	crates/vize_armature/src/parser/tests.rs	-	semantic-review-pending	-
fb0ede895d6365d23f28d2f0c024c5bca0e11594	fix: print image-set CSS AST (#528)	crates/vize_atelier_sfc/src/css/parser.rs;crates/vize_atelier_sfc/src/css/tests.rs	crates/vize_atelier_sfc/src/css/tests.rs	-	semantic-review-pending	-
a94d37a80fee8d8a0c7cbd8ffcc7cfe02bd9f432	fix(core): strip more template TypeScript expressions (#450)	crates/vize_atelier_core/src/transforms/transform_expression/typescript.rs	-	-	semantic-review-pending	-
faafbc8b90b6b0d0bf62e3dee3a3075f7aa02186	fix(core): extract defaulted v-for destructure params (#449)	crates/vize_atelier_core/src/codegen/v_for/helpers.rs	-	-	semantic-review-pending	-
6812891ddaaf2404e71589d5cc57859646de5973	fix(vapor): resolve destructured v-for aliases (#445)	crates/vize_atelier_vapor/src/generate.rs;crates/vize_atelier_vapor/src/generate/context.rs;crates/vize_atelier_vapor/src/generate/destructure.rs;crates/vize_atelier_vapor/src/generate/operations/for_loop.rs;crates/vize_atelier_vapor/src/lib.rs	-	destructured-aliases@crates/vize_atelier_vapor/tests/fixtures/fix-history/input-provenance.json	fixture-linked;target-and-semantic-review-pending	-
8a763f9eceb135a0bfba213862b28b5f63359383	fix(vapor): close nested control-flow fixture gaps (#442)	crates/vize_atelier_sfc/src/compile/snapshots/vize_atelier_sfc__compile__tests__script_setup_sfc_vapor_custom_renderer_preserves_intrinsics_and_lowercase_imports.snap;crates/vize_atelier_vapor/src/generate/operations/if_block.rs;crates/vize_atelier_vapor/src/snapshots/vize_atelier_vapor__tests__compile_branch_component_under_existing_parent.snap;crates/vize_atelier_vapor/src/snapshots/vize_atelier_vapor__tests__compile_component_resolution_is_scoped_per_branch.snap;crates/vize_atelier_vapor/src/snapshots/vize_atelier_vapor__tests__compile_nested_control_flow_avoids_unused_root_insertion_state.snap;crates/vize_atelier_vapor/src/snapshots/vize_atelier_vapor__tests__compile_nested_v_for_key_uses_outer_alias.snap;crates/vize_atelier_vapor/src/snapshots/vize_atelier_vapor__tests__compile_v_for_aliases_in_complex_expressions.snap;crates/vize_atelier_vapor/src/transform/control.rs;crates/vize_atelier_vapor/src/transform/element.rs;crates/vize_atelier_vapor/src/transform/element/deferred.rs	crates/vize_atelier_sfc/src/compile/snapshots/vize_atelier_sfc__compile__tests__script_setup_sfc_vapor_custom_renderer_preserves_intrinsics_and_lowercase_imports.snap;crates/vize_atelier_vapor/src/snapshots/vize_atelier_vapor__tests__compile_branch_component_under_existing_parent.snap;crates/vize_atelier_vapor/src/snapshots/vize_atelier_vapor__tests__compile_component_resolution_is_scoped_per_branch.snap;crates/vize_atelier_vapor/src/snapshots/vize_atelier_vapor__tests__compile_nested_control_flow_avoids_unused_root_insertion_state.snap;crates/vize_atelier_vapor/src/snapshots/vize_atelier_vapor__tests__compile_nested_v_for_key_uses_outer_alias.snap;crates/vize_atelier_vapor/src/snapshots/vize_atelier_vapor__tests__compile_v_for_aliases_in_complex_expressions.snap	-	semantic-review-pending	-
c929185b6f6a557d30d69671234c8c72c12cf120	fix(vapor): escape generated static string literals (#440)	crates/vize_atelier_vapor/src/generate/helpers.rs;crates/vize_atelier_vapor/src/generate/operations/dom.rs;crates/vize_atelier_vapor/src/generate/setup.rs;crates/vize_atelier_vapor/src/lib.rs	-	-	semantic-review-pending	-
7a57bab23e05429dc879cabe918ee34929332299	fix(vdom): close built-in fixture gaps (#432)	crates/vize_atelier_core/src/codegen.rs;crates/vize_atelier_core/src/codegen/element/block.rs;crates/vize_atelier_core/src/codegen/element/helpers.rs;crates/vize_atelier_core/src/codegen/element/inline.rs;crates/vize_atelier_core/src/codegen/slots.rs;crates/vize_atelier_core/src/codegen/v_for.rs;crates/vize_atelier_core/src/codegen/v_for/generate.rs;crates/vize_atelier_core/src/codegen/v_if/branch.rs;crates/vize_atelier_core/src/snapshots/vize_atelier_core__codegen__tests__codegen_default_slot_with_v_if_is_stable.snap;crates/vize_atelier_core/src/transform/element.rs	crates/vize_atelier_core/src/snapshots/vize_atelier_core__codegen__tests__codegen_default_slot_with_v_if_is_stable.snap	-	semantic-review-pending	-
3d33d9d1b24e0a064d25d76e586233b1de1d8106	fix(vapor): coalesce block effects	crates/vize_atelier_vapor/src/generate.rs;crates/vize_atelier_vapor/src/snapshots/vize_atelier_vapor__tests__compile_dynamic_siblings_around_control_flow_children.snap;crates/vize_atelier_vapor/src/snapshots/vize_atelier_vapor__tests__compile_first_dynamic_child_after_static_text.snap;crates/vize_atelier_vapor/src/snapshots/vize_atelier_vapor__tests__compile_nested_v_for_key_uses_outer_alias.snap;crates/vize_atelier_vapor/src/snapshots/vize_atelier_vapor__tests__compile_v_for_aliases_in_complex_expressions.snap	crates/vize_atelier_vapor/src/snapshots/vize_atelier_vapor__tests__compile_dynamic_siblings_around_control_flow_children.snap;crates/vize_atelier_vapor/src/snapshots/vize_atelier_vapor__tests__compile_first_dynamic_child_after_static_text.snap;crates/vize_atelier_vapor/src/snapshots/vize_atelier_vapor__tests__compile_nested_v_for_key_uses_outer_alias.snap;crates/vize_atelier_vapor/src/snapshots/vize_atelier_vapor__tests__compile_v_for_aliases_in_complex_expressions.snap	-	semantic-review-pending	-
14a4ff375bc1a31dac829da5c650347353130331	fix(vapor): restore destructured v-for keys	crates/vize_atelier_vapor/src/generate/operations/for_loop.rs;crates/vize_atelier_vapor/src/generate/operations/refs.rs;crates/vize_atelier_vapor/src/snapshots/vize_atelier_vapor__tests__compile_control_flow_uses_parent_specific_insertion_state.snap;crates/vize_atelier_vapor/src/snapshots/vize_atelier_vapor__tests__compile_dynamic_child_after_multiple_static_siblings.snap;crates/vize_atelier_vapor/src/snapshots/vize_atelier_vapor__tests__compile_dynamic_siblings_around_control_flow_children.snap;crates/vize_atelier_vapor/src/snapshots/vize_atelier_vapor__tests__compile_first_dynamic_child_after_static_sibling.snap;crates/vize_atelier_vapor/src/snapshots/vize_atelier_vapor__tests__compile_first_dynamic_child_after_static_text.snap	crates/vize_atelier_vapor/src/snapshots/vize_atelier_vapor__tests__compile_control_flow_uses_parent_specific_insertion_state.snap;crates/vize_atelier_vapor/src/snapshots/vize_atelier_vapor__tests__compile_dynamic_child_after_multiple_static_siblings.snap;crates/vize_atelier_vapor/src/snapshots/vize_atelier_vapor__tests__compile_dynamic_siblings_around_control_flow_children.snap;crates/vize_atelier_vapor/src/snapshots/vize_atelier_vapor__tests__compile_first_dynamic_child_after_static_sibling.snap;crates/vize_atelier_vapor/src/snapshots/vize_atelier_vapor__tests__compile_first_dynamic_child_after_static_text.snap	destructured-key@crates/vize_atelier_vapor/tests/fixtures/fix-history/input-provenance.json	fixture-linked-via-reviewed-merge;target-and-semantic-review-pending	-
1fc7db88fae44d743ad4937943e5b21cf7013a48	fix(vite-plugin): preserve Nuxt dev route modules (#417)	crates/vize_atelier_sfc/src/compile_script/artifacts.rs	-	-	semantic-review-pending	-
afe86f7d92ad136866d235153389d711cb53ccde	fix(parser): recover unclosed comments (#352)	crates/vize_armature/Cargo.toml;crates/vize_armature/src/parser/element.rs;crates/vize_armature/src/parser/tests.rs;crates/vize_armature/src/tokenizer/states.rs	crates/vize_armature/src/parser/tests.rs	-	semantic-review-pending	-
731cce813a41207950923d89099ac2c87047c0b6	fix: reduce unsafe and panic paths (#347)	crates/vize_armature/src/parser/attribute.rs;crates/vize_armature/src/parser/element.rs;crates/vize_armature/src/parser/mod.rs;crates/vize_armature/src/parser/tests.rs;crates/vize_armature/src/tokenizer/mod.rs;crates/vize_armature/src/tokenizer/states.rs;crates/vize_atelier_core/src/codegen/context.rs;crates/vize_atelier_core/src/codegen/generate.rs;crates/vize_atelier_core/src/codegen/props/generate.rs;crates/vize_atelier_core/src/codegen/props/scan.rs;crates/vize_atelier_core/src/codegen/root.rs;crates/vize_atelier_core/src/codegen/v_if/generate.rs;crates/vize_atelier_core/src/transforms/transform_expression/inline_handler.rs;crates/vize_atelier_core/src/transforms/transform_expression/prefix.rs;crates/vize_atelier_sfc/src/compile_script/function_mode/compiler.rs;crates/vize_atelier_sfc/src/compile_script/inline/compiler/component_output.rs;crates/vize_atelier_sfc/src/compile_script/inline/compiler/props.rs;crates/vize_atelier_sfc/src/compile_script/inline/compiler/render.rs;crates/vize_atelier_sfc/src/compile_script/props.rs;crates/vize_atelier_sfc/src/compile_template/string_tracking.rs;crates/vize_atelier_sfc/src/css/scoped.rs;crates/vize_atelier_sfc/src/css/tests.rs;crates/vize_atelier_sfc/src/css/transform.rs;crates/vize_atelier_sfc/src/parse/parse_sfc.rs;crates/vize_atelier_sfc/src/parse/tests.rs;crates/vize_atelier_sfc/src/script/context/props.rs;crates/vize_atelier_sfc/src/script/define_emits.rs;crates/vize_atelier_sfc/src/style.rs;crates/vize_atelier_vapor/src/generate/context.rs;crates/vize_atelier_vapor/src/generators/block.rs;crates/vize_croquis/src/analyzer/helpers/slots.rs;crates/vize_croquis/src/analyzer/helpers/v_for.rs;crates/vize_croquis/src/cross_file/analyzer/core.rs;crates/vize_croquis/src/display/formatters.rs;crates/vize_croquis/src/naming.rs;crates/vize_croquis/src/types.rs	crates/vize_armature/src/parser/tests.rs;crates/vize_atelier_sfc/src/css/tests.rs;crates/vize_atelier_sfc/src/parse/tests.rs	-	semantic-review-pending	-
b10876e9137243be48f9405e44b88003c1906f49	fix(type-aware): preserve destructured v-for bindings	crates/vize_atelier_core/src/transform/context.rs;crates/vize_croquis/src/analysis/croquis.rs;crates/vize_croquis/src/analyzer/helpers/mod.rs;crates/vize_croquis/src/analyzer/helpers/v_for.rs;crates/vize_croquis/src/analyzer/mod.rs;crates/vize_croquis/src/analyzer/template/directives/control_flow.rs;crates/vize_croquis/src/analyzer/template/visit_element.rs;crates/vize_croquis/src/scope/chain/builder.rs;crates/vize_croquis/src/scope/chain/chain_tests.rs;crates/vize_croquis/src/scope/types/scope_data.rs;crates/vize_croquis/src/virtual_ts/generator/template.rs	crates/vize_croquis/src/scope/chain/chain_tests.rs	-	semantic-review-pending	-
cd25c7802352d6600b86200bc084473a8391b7ae	fix(type-aware): preserve v-if template narrowing (#333)	crates/vize_croquis/src/virtual_ts/generator/template.rs;crates/vize_croquis/src/virtual_ts/snapshots/vize_croquis__virtual_ts__tests__snapshot_template_with_v_if.snap	crates/vize_croquis/src/virtual_ts/snapshots/vize_croquis__virtual_ts__tests__snapshot_template_with_v_if.snap	-	semantic-review-pending	-
48255cc2d80c424508fa9ee2ca6146ad3e117f97	fix(type-aware): preserve typed v-for aliases (#332)	crates/vize_croquis/src/virtual_ts/generator/template.rs;crates/vize_croquis/src/virtual_ts/snapshots/vize_croquis__virtual_ts__tests__snapshot_template_with_v_for.snap	crates/vize_croquis/src/virtual_ts/snapshots/vize_croquis__virtual_ts__tests__snapshot_template_with_v_for.snap	-	semantic-review-pending	-
a1fee61d1433ad5d0883df597c95751135aabefd	fix(type-aware): catch member event promise handlers	crates/vize_croquis/src/virtual_ts/generator/template.rs;crates/vize_croquis/src/virtual_ts/snapshots/vize_croquis__virtual_ts__tests__snapshot_full_sfc.snap	crates/vize_croquis/src/virtual_ts/snapshots/vize_croquis__virtual_ts__tests__snapshot_full_sfc.snap	-	semantic-review-pending	-
d4237c13e1674d45d50772b0ad9c5707cfbbc4ec	fix(croquis): ignore regex literal identifiers (#314)	crates/vize_croquis/src/analyzer/helpers/identifiers.rs	-	-	semantic-review-pending	-
8ee35b9dc26cf0fa45dab063be2021fddc35eb2c	fix(typecheck): recognize runtime emits validators (#309)	crates/vize_croquis/src/script_parser/extract.rs;crates/vize_croquis/src/script_parser/mod.rs	-	-	semantic-review-pending	-
f6f692cad55299e155289c85964a17028c49c3f4	fix(lint): match options api component aliases (#303)	crates/vize_croquis/src/analysis/mod.rs;crates/vize_croquis/src/analysis/template.rs;crates/vize_croquis/src/analyzer/helpers/keywords.rs;crates/vize_croquis/src/analyzer/snapshots/vize_croquis__analyzer__tests__analyzer_script_bindings.snap;crates/vize_croquis/src/script_parser/mod.rs;crates/vize_croquis/src/script_parser/process/mod.rs;crates/vize_croquis/src/script_parser/snapshots/vize_croquis__script_parser__tests__parse_imports.snap;crates/vize_croquis/src/script_parser/snapshots/vize_croquis__script_parser__tests__parse_reactivity.snap	crates/vize_croquis/src/analyzer/snapshots/vize_croquis__analyzer__tests__analyzer_script_bindings.snap;crates/vize_croquis/src/script_parser/snapshots/vize_croquis__script_parser__tests__parse_imports.snap;crates/vize_croquis/src/script_parser/snapshots/vize_croquis__script_parser__tests__parse_reactivity.snap	-	semantic-review-pending	-
967b9da3bb785a35e54bb01054a6b55850b257ff	fix(cross-file): skip kebab-case built-ins (#254)	crates/vize_croquis/src/cross_file/analyzer/mod.rs;crates/vize_croquis/src/cross_file/analyzers/component_resolution.rs	-	-	semantic-review-pending	-
f6a092aac1474e25478d218567c81f8ed7c77841	fix(sfc): preserve default export modifiers (#252)	crates/vize_atelier_sfc/src/rewrite_default.rs;crates/vize_atelier_sfc/src/snapshots/vize_atelier_sfc__rewrite_default__tests__rewrite_default_async_generator_function.snap	crates/vize_atelier_sfc/src/snapshots/vize_atelier_sfc__rewrite_default__tests__rewrite_default_async_generator_function.snap	-	semantic-review-pending	-
132010792e1fc8458da501a634aaa4889e265c9f	fix(sfc): preserve imported definePage calls (#212)	crates/vize_atelier_sfc/src/compile/tests.rs;crates/vize_atelier_sfc/src/compile_script.rs;crates/vize_atelier_sfc/src/compile_script/artifacts.rs;crates/vize_atelier_sfc/src/compile_script/runtime_bindings.rs;crates/vize_atelier_sfc/src/compile_script/statement_sections.rs	crates/vize_atelier_sfc/src/compile/tests.rs	-	semantic-review-pending	-
f5d043a84ccefe91a0aaf1b9c292437c73cf38b4	fix: correct Vue prop source spans (#208)	crates/vize_armature/src/parser/attribute.rs;crates/vize_armature/src/parser/callbacks.rs;crates/vize_armature/src/parser/tests.rs	crates/vize_armature/src/parser/tests.rs	-	semantic-review-pending	-
3a87d25f029f731be72705a19787743a996640eb	fix: improve e2e and tooling readiness (#204)	crates/vize_armature/src/parser/tests.rs;crates/vize_armature/src/tokenizer/states.rs;crates/vize_armature/src/tokenizer/tests.rs;crates/vize_atelier_core/src/codegen.rs;crates/vize_atelier_core/src/codegen/root.rs;crates/vize_atelier_core/src/codegen/v_for/generate.rs;crates/vize_atelier_core/src/snapshots/vize_atelier_core__codegen__tests__codegen_numeric_template_v_for_uses_fragment.snap;crates/vize_atelier_dom/src/lib.rs;crates/vize_atelier_dom/src/options.rs;crates/vize_atelier_sfc/src/compile/mod.rs;crates/vize_atelier_sfc/src/compile/snapshots/vize_atelier_sfc__compile__tests__script_setup_sfc_ssr_uses_server_renderer_output.snap;crates/vize_atelier_sfc/src/compile/snapshots/vize_atelier_sfc__compile__tests__script_setup_sfc_ssr_uses_setup_bindings_for_components_and_slots.snap;crates/vize_atelier_sfc/src/compile/snapshots/vize_atelier_sfc__compile__tests__script_setup_sfc_ssr_uses_setup_bindings_for_kebab_case_imported_components.snap;crates/vize_atelier_sfc/src/compile/snapshots/vize_atelier_sfc__compile__tests__script_setup_sfc_ssr_uses_setup_bindings_for_lowercase_imported_components.snap;crates/vize_atelier_sfc/src/compile/snapshots/vize_atelier_sfc__compile__tests__script_setup_sfc_ssr_uses_setup_member_bindings_for_dotted_components.snap;crates/vize_atelier_sfc/src/compile/snapshots/vize_atelier_sfc__compile__tests__script_setup_sfc_vapor_ssr_custom_renderer_falls_back_without_losing_intrinsics.snap;crates/vize_atelier_sfc/src/compile/tests.rs;crates/vize_atelier_sfc/src/compile_script/inline/compiler/render.rs;crates/vize_atelier_sfc/src/compile_template/mod.rs;crates/vize_atelier_sfc/src/lib.rs;crates/vize_atelier_ssr/src/codegen/element/component.rs;crates/vize_atelier_ssr/src/codegen/element/plain.rs;crates/vize_atelier_ssr/src/codegen/mod.rs;crates/vize_atelier_ssr/src/options.rs;crates/vize_atelier_ssr/tests/snapshots/ssr_snapshot__element__v_bind_boolean.snap;crates/vize_atelier_ssr/tests/snapshots/ssr_snapshot__v_html__basic_v_html.snap;crates/vize_atelier_ssr/tests/snapshots/ssr_snapshot__v_html__v_html_with_other_attrs.snap;crates/vize_atelier_ssr/tests/snapshots/ssr_snapshot__v_model__v_model_radio.snap;crates/vize_atelier_ssr/tests/snapshots/ssr_snapshot__v_text__basic_v_text.snap;crates/vize_atelier_ssr/tests/snapshots/ssr_snapshot__v_text__v_text_with_other_attrs.snap;crates/vize_atelier_ssr/tests/ssr_snapshot.rs;crates/vize_atelier_vapor/src/generate/operations/for_loop.rs;crates/vize_atelier_vapor/src/lib.rs;crates/vize_atelier_vapor/src/snapshots/vize_atelier_vapor__tests__compile_nested_v_for_key_uses_outer_alias.snap	crates/vize_armature/src/parser/tests.rs;crates/vize_armature/src/tokenizer/tests.rs;crates/vize_atelier_core/src/snapshots/vize_atelier_core__codegen__tests__codegen_numeric_template_v_for_uses_fragment.snap;crates/vize_atelier_sfc/src/compile/snapshots/vize_atelier_sfc__compile__tests__script_setup_sfc_ssr_uses_server_renderer_output.snap;crates/vize_atelier_sfc/src/compile/snapshots/vize_atelier_sfc__compile__tests__script_setup_sfc_ssr_uses_setup_bindings_for_components_and_slots.snap;crates/vize_atelier_sfc/src/compile/snapshots/vize_atelier_sfc__compile__tests__script_setup_sfc_ssr_uses_setup_bindings_for_kebab_case_imported_components.snap;crates/vize_atelier_sfc/src/compile/snapshots/vize_atelier_sfc__compile__tests__script_setup_sfc_ssr_uses_setup_bindings_for_lowercase_imported_components.snap;crates/vize_atelier_sfc/src/compile/snapshots/vize_atelier_sfc__compile__tests__script_setup_sfc_ssr_uses_setup_member_bindings_for_dotted_components.snap;crates/vize_atelier_sfc/src/compile/snapshots/vize_atelier_sfc__compile__tests__script_setup_sfc_vapor_ssr_custom_renderer_falls_back_without_losing_intrinsics.snap;crates/vize_atelier_sfc/src/compile/tests.rs;crates/vize_atelier_ssr/tests/snapshots/ssr_snapshot__element__v_bind_boolean.snap;crates/vize_atelier_ssr/tests/snapshots/ssr_snapshot__v_html__basic_v_html.snap;crates/vize_atelier_ssr/tests/snapshots/ssr_snapshot__v_html__v_html_with_other_attrs.snap;crates/vize_atelier_ssr/tests/snapshots/ssr_snapshot__v_model__v_model_radio.snap;crates/vize_atelier_ssr/tests/snapshots/ssr_snapshot__v_text__basic_v_text.snap;crates/vize_atelier_ssr/tests/snapshots/ssr_snapshot__v_text__v_text_with_other_attrs.snap;crates/vize_atelier_ssr/tests/ssr_snapshot.rs;crates/vize_atelier_vapor/src/snapshots/vize_atelier_vapor__tests__compile_nested_v_for_key_uses_outer_alias.snap	-	semantic-review-pending	-
b7e4915426a53ebb377faaba886c78fc8c6a0be4	fix: resolve open issue regressions (#193)	crates/vize_atelier_core/src/codegen.rs;crates/vize_atelier_core/src/codegen/slots.rs;crates/vize_atelier_sfc/src/parse/block.rs;crates/vize_atelier_sfc/src/parse/tests.rs	crates/vize_atelier_sfc/src/parse/tests.rs	-	semantic-review-pending	-
674a26c7082581bfe10399c331cac1214aa35227	fix: harden SSR support for e2e fixtures (#188)	crates/vize_atelier_core/src/transforms/transform_expression/collector.rs;crates/vize_atelier_core/src/transforms/transform_expression/mod.rs;crates/vize_atelier_sfc/src/compile/snapshots/vize_atelier_sfc__compile__tests__normal_script_sfc_ssr_attaches_ssr_render.snap;crates/vize_atelier_sfc/src/compile/snapshots/vize_atelier_sfc__compile__tests__script_setup_sfc_ssr_uses_server_renderer_output.snap;crates/vize_atelier_sfc/src/compile/snapshots/vize_atelier_sfc__compile__tests__script_setup_sfc_ssr_uses_setup_bindings_for_components_and_slots.snap;crates/vize_atelier_sfc/src/compile/snapshots/vize_atelier_sfc__compile__tests__script_setup_sfc_ssr_uses_setup_bindings_for_lowercase_imported_components.snap;crates/vize_atelier_sfc/src/compile/snapshots/vize_atelier_sfc__compile__tests__script_setup_sfc_ssr_uses_setup_member_bindings_for_dotted_components.snap;crates/vize_atelier_sfc/src/compile/snapshots/vize_atelier_sfc__compile__tests__script_setup_sfc_vapor_ssr_custom_renderer_falls_back_without_losing_intrinsics.snap;crates/vize_atelier_sfc/src/compile/snapshots/vize_atelier_sfc__compile__tests__template_only_sfc_ssr_exports_default_component.snap;crates/vize_atelier_sfc/src/compile/tests.rs;crates/vize_atelier_sfc/src/compile_script/inline/compiler.rs;crates/vize_atelier_sfc/src/script/import_usage_check.rs;crates/vize_atelier_sfc/src/script/snapshots/vize_atelier_sfc__script__import_usage_check__tests__v_model_complex.snap;crates/vize_atelier_ssr/src/codegen/element.rs;crates/vize_atelier_ssr/src/codegen/helpers.rs;crates/vize_atelier_ssr/src/codegen/mod.rs;crates/vize_atelier_ssr/src/snapshots/vize_atelier_ssr__tests__compile_interpolation.snap;crates/vize_atelier_ssr/src/snapshots/vize_atelier_ssr__tests__compile_simple_element.snap;crates/vize_atelier_ssr/tests/snapshots/ssr_snapshot__component__component_merges_static_and_dynamic_class_props.snap;crates/vize_atelier_ssr/tests/snapshots/ssr_snapshot__component__component_named_slots_are_separate.snap;crates/vize_atelier_ssr/tests/snapshots/ssr_snapshot__component__component_scoped_slot_props_are_local.snap;crates/vize_atelier_ssr/tests/snapshots/ssr_snapshot__component__component_slot_v_for_aliases_stay_local.snap;crates/vize_atelier_ssr/tests/snapshots/ssr_snapshot__component__component_slot_v_if_single_child_returns_vnode.snap;crates/vize_atelier_ssr/tests/snapshots/ssr_snapshot__component__component_with_children.snap;crates/vize_atelier_ssr/tests/snapshots/ssr_snapshot__component__component_with_slot_content.snap;crates/vize_atelier_ssr/tests/snapshots/ssr_snapshot__component__component_with_spread_and_dynamic_key_props.snap;crates/vize_atelier_ssr/tests/snapshots/ssr_snapshot__component__component_with_static_and_dynamic_props.snap;crates/vize_atelier_ssr/tests/snapshots/ssr_snapshot__component__dynamic_component_uses_vnode_renderer.snap;crates/vize_atelier_ssr/tests/snapshots/ssr_snapshot__component__suspense_uses_ssr_helper.snap;crates/vize_atelier_ssr/tests/snapshots/ssr_snapshot__component__teleport_uses_ssr_helper.snap;crates/vize_atelier_ssr/tests/snapshots/ssr_snapshot__component__transition_renders_children_directly.snap;crates/vize_atelier_ssr/tests/snapshots/ssr_snapshot__css_vars__element_with_css_vars.snap;crates/vize_atelier_ssr/tests/snapshots/ssr_snapshot__element__basic_elements.snap;crates/vize_atelier_ssr/tests/snapshots/ssr_snapshot__element__nested_elements.snap;crates/vize_atelier_ssr/tests/snapshots/ssr_snapshot__element__self_closing_div.snap;crates/vize_atelier_ssr/tests/snapshots/ssr_snapshot__element__should_ignore_v_on.snap;crates/vize_atelier_ssr/tests/snapshots/ssr_snapshot__element__static_attrs.snap;crates/vize_atelier_ssr/tests/snapshots/ssr_snapshot__element__static_class_plus_v_bind_class.snap;crates/vize_atelier_ssr/tests/snapshots/ssr_snapshot__element__v_bind_boolean.snap;crates/vize_atelier_ssr/tests/snapshots/ssr_snapshot__element__v_bind_class.snap;crates/vize_atelier_ssr/tests/snapshots/ssr_snapshot__element__v_bind_non_boolean.snap;crates/vize_atelier_ssr/tests/snapshots/ssr_snapshot__element__v_bind_object.snap;crates/vize_atelier_ssr/tests/snapshots/ssr_snapshot__element__v_bind_style.snap;crates/vize_atelier_ssr/tests/snapshots/ssr_snapshot__element__void_element.snap;crates/vize_atelier_ssr/tests/snapshots/ssr_snapshot__nested__v_for_inside_v_if.snap;crates/vize_atelier_ssr/tests/snapshots/ssr_snapshot__scope_id__element_with_scope_id.snap;crates/vize_atelier_ssr/tests/snapshots/ssr_snapshot__scope_id__nested_with_scope_id.snap;crates/vize_atelier_ssr/tests/snapshots/ssr_snapshot__slot__basic_slot.snap;crates/vize_atelier_ssr/tests/snapshots/ssr_snapshot__slot__named_slot.snap;crates/vize_atelier_ssr/tests/snapshots/ssr_snapshot__slot__slot_with_bound_props.snap;crates/vize_atelier_ssr/tests/snapshots/ssr_snapshot__slot__slot_with_fallback.snap;crates/vize_atelier_ssr/tests/snapshots/ssr_snapshot__text__comments.snap;crates/vize_atelier_ssr/tests/snapshots/ssr_snapshot__text__nested_elements_with_interpolation.snap;crates/vize_atelier_ssr/tests/snapshots/ssr_snapshot__text__nested_elements_with_static_text.snap;crates/vize_atelier_ssr/tests/snapshots/ssr_snapshot__text__static_text.snap;crates/vize_atelier_ssr/tests/snapshots/ssr_snapshot__text__static_text_escape.snap;crates/vize_atelier_ssr/tests/snapshots/ssr_snapshot__text__static_text_with_template_string_special_chars.snap;crates/vize_atelier_ssr/tests/snapshots/ssr_snapshot__v_html__basic_v_html.snap;crates/vize_atelier_ssr/tests/snapshots/ssr_snapshot__v_html__v_html_with_other_attrs.snap;crates/vize_atelier_ssr/tests/snapshots/ssr_snapshot__v_if__basic_v_if.snap;crates/vize_atelier_ssr/tests/snapshots/ssr_snapshot__v_if__v_if_else.snap;crates/vize_atelier_ssr/tests/snapshots/ssr_snapshot__v_if__v_if_else_if_else.snap;crates/vize_atelier_ssr/tests/snapshots/ssr_snapshot__v_if__v_if_with_text.snap;crates/vize_atelier_ssr/tests/snapshots/ssr_snapshot__v_model__v_model_checkbox.snap;crates/vize_atelier_ssr/tests/snapshots/ssr_snapshot__v_model__v_model_radio.snap;crates/vize_atelier_ssr/tests/snapshots/ssr_snapshot__v_model__v_model_text_input.snap;crates/vize_atelier_ssr/tests/snapshots/ssr_snapshot__v_model__v_model_textarea.snap;crates/vize_atelier_ssr/tests/snapshots/ssr_snapshot__v_show__basic_v_show.snap;crates/vize_atelier_ssr/tests/snapshots/ssr_snapshot__v_show__v_show_with_other_attrs.snap;crates/vize_atelier_ssr/tests/snapshots/ssr_snapshot__v_text__basic_v_text.snap;crates/vize_atelier_ssr/tests/snapshots/ssr_snapshot__v_text__v_text_with_other_attrs.snap;crates/vize_atelier_ssr/tests/ssr_snapshot.rs;crates/vize_atelier_vapor/src/generate/operations.rs;crates/vize_atelier_vapor/src/lib.rs;crates/vize_atelier_vapor/src/snapshots/vize_atelier_vapor__tests__compile_component_props_are_getters.snap;crates/vize_atelier_vapor/src/snapshots/vize_atelier_vapor__tests__compile_component_v_model_uses_update_listener_getter.snap;crates/vize_atelier_vapor/src/transform/element.rs	crates/vize_atelier_sfc/src/compile/snapshots/vize_atelier_sfc__compile__tests__normal_script_sfc_ssr_attaches_ssr_render.snap;crates/vize_atelier_sfc/src/compile/snapshots/vize_atelier_sfc__compile__tests__script_setup_sfc_ssr_uses_server_renderer_output.snap;crates/vize_atelier_sfc/src/compile/snapshots/vize_atelier_sfc__compile__tests__script_setup_sfc_ssr_uses_setup_bindings_for_components_and_slots.snap;crates/vize_atelier_sfc/src/compile/snapshots/vize_atelier_sfc__compile__tests__script_setup_sfc_ssr_uses_setup_bindings_for_lowercase_imported_components.snap;crates/vize_atelier_sfc/src/compile/snapshots/vize_atelier_sfc__compile__tests__script_setup_sfc_ssr_uses_setup_member_bindings_for_dotted_components.snap;crates/vize_atelier_sfc/src/compile/snapshots/vize_atelier_sfc__compile__tests__script_setup_sfc_vapor_ssr_custom_renderer_falls_back_without_losing_intrinsics.snap;crates/vize_atelier_sfc/src/compile/snapshots/vize_atelier_sfc__compile__tests__template_only_sfc_ssr_exports_default_component.snap;crates/vize_atelier_sfc/src/compile/tests.rs;crates/vize_atelier_sfc/src/script/snapshots/vize_atelier_sfc__script__import_usage_check__tests__v_model_complex.snap;crates/vize_atelier_ssr/src/snapshots/vize_atelier_ssr__tests__compile_interpolation.snap;crates/vize_atelier_ssr/src/snapshots/vize_atelier_ssr__tests__compile_simple_element.snap;crates/vize_atelier_ssr/tests/snapshots/ssr_snapshot__component__component_merges_static_and_dynamic_class_props.snap;crates/vize_atelier_ssr/tests/snapshots/ssr_snapshot__component__component_named_slots_are_separate.snap;crates/vize_atelier_ssr/tests/snapshots/ssr_snapshot__component__component_scoped_slot_props_are_local.snap;crates/vize_atelier_ssr/tests/snapshots/ssr_snapshot__component__component_slot_v_for_aliases_stay_local.snap;crates/vize_atelier_ssr/tests/snapshots/ssr_snapshot__component__component_slot_v_if_single_child_returns_vnode.snap;crates/vize_atelier_ssr/tests/snapshots/ssr_snapshot__component__component_with_children.snap;crates/vize_atelier_ssr/tests/snapshots/ssr_snapshot__component__component_with_slot_content.snap;crates/vize_atelier_ssr/tests/snapshots/ssr_snapshot__component__component_with_spread_and_dynamic_key_props.snap;crates/vize_atelier_ssr/tests/snapshots/ssr_snapshot__component__component_with_static_and_dynamic_props.snap;crates/vize_atelier_ssr/tests/snapshots/ssr_snapshot__component__dynamic_component_uses_vnode_renderer.snap;crates/vize_atelier_ssr/tests/snapshots/ssr_snapshot__component__suspense_uses_ssr_helper.snap;crates/vize_atelier_ssr/tests/snapshots/ssr_snapshot__component__teleport_uses_ssr_helper.snap;crates/vize_atelier_ssr/tests/snapshots/ssr_snapshot__component__transition_renders_children_directly.snap;crates/vize_atelier_ssr/tests/snapshots/ssr_snapshot__css_vars__element_with_css_vars.snap;crates/vize_atelier_ssr/tests/snapshots/ssr_snapshot__element__basic_elements.snap;crates/vize_atelier_ssr/tests/snapshots/ssr_snapshot__element__nested_elements.snap;crates/vize_atelier_ssr/tests/snapshots/ssr_snapshot__element__self_closing_div.snap;crates/vize_atelier_ssr/tests/snapshots/ssr_snapshot__element__should_ignore_v_on.snap;crates/vize_atelier_ssr/tests/snapshots/ssr_snapshot__element__static_attrs.snap;crates/vize_atelier_ssr/tests/snapshots/ssr_snapshot__element__static_class_plus_v_bind_class.snap;crates/vize_atelier_ssr/tests/snapshots/ssr_snapshot__element__v_bind_boolean.snap;crates/vize_atelier_ssr/tests/snapshots/ssr_snapshot__element__v_bind_class.snap;crates/vize_atelier_ssr/tests/snapshots/ssr_snapshot__element__v_bind_non_boolean.snap;crates/vize_atelier_ssr/tests/snapshots/ssr_snapshot__element__v_bind_object.snap;crates/vize_atelier_ssr/tests/snapshots/ssr_snapshot__element__v_bind_style.snap;crates/vize_atelier_ssr/tests/snapshots/ssr_snapshot__element__void_element.snap;crates/vize_atelier_ssr/tests/snapshots/ssr_snapshot__nested__v_for_inside_v_if.snap;crates/vize_atelier_ssr/tests/snapshots/ssr_snapshot__scope_id__element_with_scope_id.snap;crates/vize_atelier_ssr/tests/snapshots/ssr_snapshot__scope_id__nested_with_scope_id.snap;crates/vize_atelier_ssr/tests/snapshots/ssr_snapshot__slot__basic_slot.snap;crates/vize_atelier_ssr/tests/snapshots/ssr_snapshot__slot__named_slot.snap;crates/vize_atelier_ssr/tests/snapshots/ssr_snapshot__slot__slot_with_bound_props.snap;crates/vize_atelier_ssr/tests/snapshots/ssr_snapshot__slot__slot_with_fallback.snap;crates/vize_atelier_ssr/tests/snapshots/ssr_snapshot__text__comments.snap;crates/vize_atelier_ssr/tests/snapshots/ssr_snapshot__text__nested_elements_with_interpolation.snap;crates/vize_atelier_ssr/tests/snapshots/ssr_snapshot__text__nested_elements_with_static_text.snap;crates/vize_atelier_ssr/tests/snapshots/ssr_snapshot__text__static_text.snap;crates/vize_atelier_ssr/tests/snapshots/ssr_snapshot__text__static_text_escape.snap;crates/vize_atelier_ssr/tests/snapshots/ssr_snapshot__text__static_text_with_template_string_special_chars.snap;crates/vize_atelier_ssr/tests/snapshots/ssr_snapshot__v_html__basic_v_html.snap;crates/vize_atelier_ssr/tests/snapshots/ssr_snapshot__v_html__v_html_with_other_attrs.snap;crates/vize_atelier_ssr/tests/snapshots/ssr_snapshot__v_if__basic_v_if.snap;crates/vize_atelier_ssr/tests/snapshots/ssr_snapshot__v_if__v_if_else.snap;crates/vize_atelier_ssr/tests/snapshots/ssr_snapshot__v_if__v_if_else_if_else.snap;crates/vize_atelier_ssr/tests/snapshots/ssr_snapshot__v_if__v_if_with_text.snap;crates/vize_atelier_ssr/tests/snapshots/ssr_snapshot__v_model__v_model_checkbox.snap;crates/vize_atelier_ssr/tests/snapshots/ssr_snapshot__v_model__v_model_radio.snap;crates/vize_atelier_ssr/tests/snapshots/ssr_snapshot__v_model__v_model_text_input.snap;crates/vize_atelier_ssr/tests/snapshots/ssr_snapshot__v_model__v_model_textarea.snap;crates/vize_atelier_ssr/tests/snapshots/ssr_snapshot__v_show__basic_v_show.snap;crates/vize_atelier_ssr/tests/snapshots/ssr_snapshot__v_show__v_show_with_other_attrs.snap;crates/vize_atelier_ssr/tests/snapshots/ssr_snapshot__v_text__basic_v_text.snap;crates/vize_atelier_ssr/tests/snapshots/ssr_snapshot__v_text__v_text_with_other_attrs.snap;crates/vize_atelier_ssr/tests/ssr_snapshot.rs;crates/vize_atelier_vapor/src/snapshots/vize_atelier_vapor__tests__compile_component_props_are_getters.snap;crates/vize_atelier_vapor/src/snapshots/vize_atelier_vapor__tests__compile_component_v_model_uses_update_listener_getter.snap	-	semantic-review-pending	-
cabe0290d0bd7edd5f730eaeacf5f677f54664e9	fix(sfc): stabilize misskey v-model and infinite scroll regressions (#184)	crates/vize_atelier_core/src/codegen/element/inline.rs;crates/vize_atelier_core/src/codegen/expression/generate.rs;crates/vize_atelier_core/src/transforms/transform_expression/inline_handler.rs;crates/vize_atelier_core/src/transforms/transform_expression/mod.rs;crates/vize_atelier_sfc/src/compile/helpers.rs;crates/vize_atelier_sfc/src/compile/mod.rs;crates/vize_atelier_sfc/src/compile/snapshots/vize_atelier_sfc__compile__tests__bindings_passed_to_template.snap;crates/vize_atelier_sfc/src/compile/snapshots/vize_atelier_sfc__compile__tests__define_props_imported_type_alias_is_exposed_to_template.snap;crates/vize_atelier_sfc/src/compile/snapshots/vize_atelier_sfc__compile__tests__define_props_interface_extends_imported_type_alias.snap;crates/vize_atelier_sfc/src/compile/snapshots/vize_atelier_sfc__compile__tests__full_sfc_props_destructure.snap;crates/vize_atelier_sfc/src/compile/snapshots/vize_atelier_sfc__compile__tests__inline_component_dynamic_prop_keeps_props_patch_flag.snap;crates/vize_atelier_sfc/src/compile/snapshots/vize_atelier_sfc__compile__tests__inline_template_keeps_patch_flags_for_ref_class_bindings.snap;crates/vize_atelier_sfc/src/compile/snapshots/vize_atelier_sfc__compile__tests__nested_v_if_no_double_prefix.snap;crates/vize_atelier_sfc/src/compile/snapshots/vize_atelier_sfc__compile__tests__v_if_branch_component_dynamic_prop_keeps_props_patch_flag.snap;crates/vize_atelier_sfc/src/compile/tests.rs;crates/vize_atelier_sfc/src/lib.rs;crates/vize_atelier_sfc/src/snapshots/vize_atelier_sfc__tests__compile_sfc_define_model_with_type_args_preserves_body.snap	crates/vize_atelier_sfc/src/compile/snapshots/vize_atelier_sfc__compile__tests__bindings_passed_to_template.snap;crates/vize_atelier_sfc/src/compile/snapshots/vize_atelier_sfc__compile__tests__define_props_imported_type_alias_is_exposed_to_template.snap;crates/vize_atelier_sfc/src/compile/snapshots/vize_atelier_sfc__compile__tests__define_props_interface_extends_imported_type_alias.snap;crates/vize_atelier_sfc/src/compile/snapshots/vize_atelier_sfc__compile__tests__full_sfc_props_destructure.snap;crates/vize_atelier_sfc/src/compile/snapshots/vize_atelier_sfc__compile__tests__inline_component_dynamic_prop_keeps_props_patch_flag.snap;crates/vize_atelier_sfc/src/compile/snapshots/vize_atelier_sfc__compile__tests__inline_template_keeps_patch_flags_for_ref_class_bindings.snap;crates/vize_atelier_sfc/src/compile/snapshots/vize_atelier_sfc__compile__tests__nested_v_if_no_double_prefix.snap;crates/vize_atelier_sfc/src/compile/snapshots/vize_atelier_sfc__compile__tests__v_if_branch_component_dynamic_prop_keeps_props_patch_flag.snap;crates/vize_atelier_sfc/src/compile/tests.rs;crates/vize_atelier_sfc/src/snapshots/vize_atelier_sfc__tests__compile_sfc_define_model_with_type_args_preserves_body.snap	-	semantic-review-pending	-
79e9e110ba725255624cea545bcd6dd657e78348	fix(canon): harden compiler macro regressions	crates/vize_croquis/src/analyzer/snapshots/vize_croquis__analyzer__tests__props_emits_snapshot.snap;crates/vize_croquis/src/script_parser/extract.rs;crates/vize_croquis/src/virtual_ts/generator/script.rs;crates/vize_croquis/src/virtual_ts/snapshots/vize_croquis__virtual_ts__tests__compiler_macros_are_scoped.snap;crates/vize_croquis/src/virtual_ts/snapshots/vize_croquis__virtual_ts__tests__extracts_generic_from_scope_chain.snap;crates/vize_croquis/src/virtual_ts/snapshots/vize_croquis__virtual_ts__tests__generate_script_setup.snap;crates/vize_croquis/src/virtual_ts/snapshots/vize_croquis__virtual_ts__tests__generate_with_croquis.snap;crates/vize_croquis/src/virtual_ts/snapshots/vize_croquis__virtual_ts__tests__snapshot_async_setup.snap;crates/vize_croquis/src/virtual_ts/snapshots/vize_croquis__virtual_ts__tests__snapshot_full_sfc.snap;crates/vize_croquis/src/virtual_ts/snapshots/vize_croquis__virtual_ts__tests__snapshot_generic_setup.snap;crates/vize_croquis/src/virtual_ts/snapshots/vize_croquis__virtual_ts__tests__snapshot_script_setup_output.snap	crates/vize_croquis/src/analyzer/snapshots/vize_croquis__analyzer__tests__props_emits_snapshot.snap;crates/vize_croquis/src/virtual_ts/snapshots/vize_croquis__virtual_ts__tests__compiler_macros_are_scoped.snap;crates/vize_croquis/src/virtual_ts/snapshots/vize_croquis__virtual_ts__tests__extracts_generic_from_scope_chain.snap;crates/vize_croquis/src/virtual_ts/snapshots/vize_croquis__virtual_ts__tests__generate_script_setup.snap;crates/vize_croquis/src/virtual_ts/snapshots/vize_croquis__virtual_ts__tests__generate_with_croquis.snap;crates/vize_croquis/src/virtual_ts/snapshots/vize_croquis__virtual_ts__tests__snapshot_async_setup.snap;crates/vize_croquis/src/virtual_ts/snapshots/vize_croquis__virtual_ts__tests__snapshot_full_sfc.snap;crates/vize_croquis/src/virtual_ts/snapshots/vize_croquis__virtual_ts__tests__snapshot_generic_setup.snap;crates/vize_croquis/src/virtual_ts/snapshots/vize_croquis__virtual_ts__tests__snapshot_script_setup_output.snap	-	semantic-review-pending	-
5fe51651dea8c38ee164ed6a955162758d7b034d	fix(sfc): resolve dotted component bindings from setup	crates/vize_atelier_core/src/codegen/context.rs;crates/vize_atelier_sfc/src/compile/snapshots/vize_atelier_sfc__compile__tests__script_setup_sfc_ssr_uses_setup_member_bindings_for_dotted_components.snap;crates/vize_atelier_sfc/src/compile/snapshots/vize_atelier_sfc__compile__tests__script_setup_sfc_uses_setup_member_bindings_for_dotted_components.snap;crates/vize_atelier_sfc/src/compile/tests.rs;crates/vize_atelier_sfc/src/compile_template/vapor.rs;crates/vize_atelier_ssr/src/codegen/mod.rs;crates/vize_atelier_vapor/src/generate/context.rs;crates/vize_atelier_vapor/src/generate/operations.rs	crates/vize_atelier_sfc/src/compile/snapshots/vize_atelier_sfc__compile__tests__script_setup_sfc_ssr_uses_setup_member_bindings_for_dotted_components.snap;crates/vize_atelier_sfc/src/compile/snapshots/vize_atelier_sfc__compile__tests__script_setup_sfc_uses_setup_member_bindings_for_dotted_components.snap;crates/vize_atelier_sfc/src/compile/tests.rs	-	semantic-review-pending	-
2ac861d0d2247fc4e715117468e4cf874b9ebd04	fix(canon): avoid unicode panic in virtual ts generation	crates/vize_croquis/src/script_parser/mod.rs	-	-	semantic-review-pending	-
754867a31076397aa2a6ea9cb066d5f9e6da67d0	fix(sfc): warn on vapor ssr fallback	crates/vize_atelier_sfc/src/compile/mod.rs;crates/vize_atelier_sfc/src/compile/tests.rs	crates/vize_atelier_sfc/src/compile/tests.rs	-	semantic-review-pending	-
a09d82cf408aedcba34f0a245ea4cf8005fd8cd5	fix(renderer): support custom renderer components across dom ssr and vapor	crates/vize_armature/src/parser/element.rs;crates/vize_atelier_core/src/codegen/context.rs;crates/vize_atelier_core/src/codegen/element/block.rs;crates/vize_atelier_core/src/codegen/element/inline.rs;crates/vize_atelier_core/src/codegen/root.rs;crates/vize_atelier_core/src/codegen/v_for/generate.rs;crates/vize_atelier_core/src/codegen/v_if/branch.rs;crates/vize_atelier_core/src/transform/context.rs;crates/vize_atelier_core/src/transform/element.rs;crates/vize_atelier_dom/src/lib.rs;crates/vize_atelier_dom/src/options.rs;crates/vize_atelier_sfc/src/compile/mod.rs;crates/vize_atelier_sfc/src/compile_template/mod.rs;crates/vize_atelier_sfc/src/compile_template/vapor.rs;crates/vize_atelier_sfc/src/types.rs;crates/vize_atelier_ssr/src/lib.rs;crates/vize_atelier_ssr/src/options.rs;crates/vize_atelier_vapor/src/generate/context.rs;crates/vize_atelier_vapor/src/generate/mod.rs;crates/vize_atelier_vapor/src/generate/operations.rs;crates/vize_atelier_vapor/src/lib.rs	-	-	semantic-review-pending	-
e8d8484247daec291b4f25bd202a7f81747f7f33	fix(vapor): resolve lowercase component bindings across SSR and plugin	crates/vize_atelier_core/src/transforms/transform_element.rs;crates/vize_atelier_sfc/src/compile/snapshots/vize_atelier_sfc__compile__tests__bindings_passed_to_template.snap;crates/vize_atelier_sfc/src/compile/snapshots/vize_atelier_sfc__compile__tests__nested_v_if_no_double_prefix.snap;crates/vize_atelier_sfc/src/compile/snapshots/vize_atelier_sfc__compile__tests__script_setup_sfc_ssr_uses_setup_bindings_for_lowercase_imported_components.snap;crates/vize_atelier_sfc/src/compile/snapshots/vize_atelier_sfc__compile__tests__script_setup_sfc_vapor_uses_ctx_bindings_for_lowercase_imported_components.snap;crates/vize_atelier_sfc/src/compile/snapshots/vize_atelier_sfc__compile__tests__v_model_on_component_in_sfc.snap;crates/vize_atelier_sfc/src/compile/tests.rs;crates/vize_atelier_sfc/src/compile_template/vapor.rs;crates/vize_atelier_ssr/src/codegen/element.rs;crates/vize_atelier_ssr/src/codegen/mod.rs;crates/vize_atelier_vapor/src/lib.rs	crates/vize_atelier_sfc/src/compile/snapshots/vize_atelier_sfc__compile__tests__bindings_passed_to_template.snap;crates/vize_atelier_sfc/src/compile/snapshots/vize_atelier_sfc__compile__tests__nested_v_if_no_double_prefix.snap;crates/vize_atelier_sfc/src/compile/snapshots/vize_atelier_sfc__compile__tests__script_setup_sfc_ssr_uses_setup_bindings_for_lowercase_imported_components.snap;crates/vize_atelier_sfc/src/compile/snapshots/vize_atelier_sfc__compile__tests__script_setup_sfc_vapor_uses_ctx_bindings_for_lowercase_imported_components.snap;crates/vize_atelier_sfc/src/compile/snapshots/vize_atelier_sfc__compile__tests__v_model_on_component_in_sfc.snap;crates/vize_atelier_sfc/src/compile/tests.rs	-	semantic-review-pending	-
538bd26c5dd1812db7137e46be5229c83a371b4f	fix: musea (#114)	crates/vize_atelier_core/src/codegen.rs;crates/vize_atelier_core/src/codegen/v_if/branch.rs	-	-	semantic-review-pending	-
add95cc9c5114ace519dade52dcdb18c24c2c3b9	fix: sanitize component asset identifiers (#158)	crates/vize_atelier_core/src/codegen.rs;crates/vize_atelier_core/src/codegen/element/block.rs;crates/vize_atelier_core/src/codegen/element/directives.rs;crates/vize_atelier_core/src/codegen/element/inline.rs;crates/vize_atelier_core/src/codegen/element/v_once.rs;crates/vize_atelier_core/src/codegen/helpers.rs;crates/vize_atelier_core/src/codegen/root.rs;crates/vize_atelier_core/src/codegen/v_for/generate.rs;crates/vize_atelier_core/src/codegen/v_if/branch.rs	-	-	semantic-review-pending	-
4bffbdc3984b2817bc808a6a3608fa8e0071c90f	fix: use AST spans for script setup sections (#141)	crates/vize_atelier_sfc/src/compile_script.rs;crates/vize_atelier_sfc/src/compile_script/function_mode/compiler.rs;crates/vize_atelier_sfc/src/compile_script/function_mode/helpers.rs;crates/vize_atelier_sfc/src/compile_script/inline/compiler.rs;crates/vize_atelier_sfc/src/compile_script/inline/tests.rs;crates/vize_atelier_sfc/src/compile_script/statement_sections.rs;crates/vize_atelier_sfc/src/compile_script/tests.rs	crates/vize_atelier_sfc/src/compile_script/inline/tests.rs;crates/vize_atelier_sfc/src/compile_script/tests.rs	-	semantic-review-pending	-
bc630ad69ab2068b169e7f247990f31ba2abeeaa	fix(atelier_sfc): ignore code in comments (#140)	crates/vize_atelier_sfc/src/parse/parse_sfc.rs;crates/vize_atelier_sfc/src/parse/tests.rs	crates/vize_atelier_sfc/src/parse/tests.rs	-	semantic-review-pending	-
0f8806a384527d267be64d2d50167831076968fc	fix: restore failing CI checks (#138)	crates/vize_armature/src/parser/attribute.rs;crates/vize_armature/src/parser/element.rs;crates/vize_atelier_sfc/src/css/mod.rs;crates/vize_atelier_sfc/src/css/parser.rs;crates/vize_atelier_sfc/src/css/tests.rs;crates/vize_atelier_sfc/src/lib.rs;crates/vize_atelier_ssr/tests/snapshots/ssr_snapshot__text__static_text_escape.snap	crates/vize_atelier_sfc/src/css/tests.rs;crates/vize_atelier_ssr/tests/snapshots/ssr_snapshot__text__static_text_escape.snap	-	semantic-review-pending	-
f6c31580ae9f6aab796f1b053e651ed6e012dbf2	fix(armature): check the range valid for errors (#137)	crates/vize_armature/src/parser/element.rs;crates/vize_armature/src/parser/tests.rs	crates/vize_armature/src/parser/tests.rs	-	semantic-review-pending	-
7f2aecfd9b6b9e742b083515b487ff0be90a952e	fix(compiler And rspack-plugin): Improve Vue SFC TypeScript handling across compiler and integrations (#128)	crates/vize_atelier_sfc/src/compile_script/function_mode/compiler.rs;crates/vize_atelier_sfc/src/compile_script/function_mode/helpers.rs;crates/vize_atelier_sfc/src/compile_script/tests.rs	crates/vize_atelier_sfc/src/compile_script/tests.rs	-	semantic-review-pending	-
572e9bcae38e5a4f3b4375b78ae3c00a89112cdd	fix: v-for class and style binding (#97)	crates/vize_atelier_core/src/codegen/v_for/generate.rs	-	-	semantic-review-pending	-
b5b6f68fa4a43fdb1d23a0e9d9f7d967466c0806	fix: @vize:forget comment causing undefined VNode children (#88)	crates/vize_atelier_core/src/codegen/children.rs;crates/vize_atelier_core/src/codegen/element/block.rs;crates/vize_atelier_core/src/codegen/element/inline.rs;crates/vize_atelier_core/src/codegen/v_if/branch.rs	-	-	semantic-review-pending	-
7496807db91087009eafff88432ff3f0ed3717cd	fix: misskey parse error (#85)	crates/vize_atelier_core/src/runtime_helpers.rs;crates/vize_atelier_core/src/transforms/hoist_static.rs;crates/vize_atelier_core/src/transforms/transform_expression/rewrite.rs;crates/vize_atelier_dom/src/lib.rs;crates/vize_atelier_dom/src/transforms/v_model.rs;crates/vize_atelier_dom/src/transforms/v_show.rs;crates/vize_atelier_dom/src/transforms/v_text.rs;crates/vize_atelier_sfc/src/compile/tests.rs;crates/vize_atelier_ssr/src/transforms/mod.rs	crates/vize_atelier_sfc/src/compile/tests.rs	-	semantic-review-pending	-
6792e383a69ee09d8895abbbd43ae06a1603e766	fix: add `.value` for SetupRef assignments and handle multi-statement event handlers (#81)	crates/vize_atelier_core/src/codegen/expression.rs	-	-	semantic-review-pending	-
45b9e92a1f507c4d42f2eabdf1f71dbeb17bd470	fix: emit ts (preserve) (#56)	crates/vize_atelier_sfc/src/compile_script/function_mode.rs;crates/vize_atelier_sfc/src/compile_script/inline.rs;crates/vize_atelier_sfc/src/compile_script/props.rs	-	-	semantic-review-pending	-
a303a49c86ef410093ac0b69231e463c7fd9d325	fix: improve sfc compiler compatibility (#39)	crates/vize_atelier_core/src/codegen.rs;crates/vize_atelier_core/src/codegen/element.rs;crates/vize_atelier_core/src/codegen/expression.rs;crates/vize_atelier_core/src/codegen/helpers.rs;crates/vize_atelier_core/src/codegen/node.rs;crates/vize_atelier_core/src/codegen/patch_flag.rs;crates/vize_atelier_core/src/codegen/props.rs;crates/vize_atelier_core/src/codegen/slots.rs;crates/vize_atelier_core/src/codegen/v_for.rs;crates/vize_atelier_core/src/codegen/v_if.rs;crates/vize_atelier_core/src/transform/element.rs;crates/vize_atelier_core/src/transforms/transform_element.rs;crates/vize_atelier_core/src/transforms/transform_expression.rs;crates/vize_atelier_core/src/transforms/transform_text.rs;crates/vize_atelier_core/src/transforms/v_memo.rs;crates/vize_atelier_core/src/transforms/v_model.rs;crates/vize_atelier_core/src/transforms/v_on.rs;crates/vize_atelier_core/src/transforms/v_once.rs;crates/vize_atelier_sfc/Cargo.toml;crates/vize_atelier_sfc/src/compile.rs;crates/vize_atelier_sfc/src/compile_script.rs;crates/vize_atelier_sfc/src/compile_script/function_mode.rs;crates/vize_atelier_sfc/src/compile_script/import_utils.rs;crates/vize_atelier_sfc/src/compile_script/inline.rs;crates/vize_atelier_sfc/src/compile_script/tests.rs;crates/vize_atelier_sfc/src/compile_template.rs;crates/vize_atelier_sfc/src/css.rs;crates/vize_atelier_sfc/src/rewrite_default.rs;crates/vize_atelier_sfc/src/script/context.rs;crates/vize_atelier_sfc/src/script/define_emits.rs;crates/vize_atelier_sfc/src/script/define_props_destructure.rs;crates/vize_atelier_sfc/src/script/import_usage_check.rs;crates/vize_atelier_sfc/src/script/utils.rs;crates/vize_atelier_sfc/src/snapshot_tests.rs;crates/vize_atelier_sfc/src/style.rs;crates/vize_atelier_sfc/src/types.rs;crates/vize_croquis/src/builtins.rs	crates/vize_atelier_sfc/src/compile_script/tests.rs;crates/vize_atelier_sfc/src/snapshot_tests.rs	-	semantic-review-pending	-
39a98b823cb6b38f6209bde45bf651e4ca230ad5	fix: type strip and multiline attrs (#37)	crates/vize_atelier_core/src/codegen.rs;crates/vize_atelier_core/src/codegen/props.rs;crates/vize_atelier_core/src/codegen/v_for.rs;crates/vize_atelier_sfc/src/compile.rs	-	-	semantic-review-pending	-
