commit	category	requirements	historical_test_sources	current_test_sources	superseded_aspects
cc87bb5960ea9e49e82672205df919de58bb4b24	required-response	Displayed component prop/emit/slot/model field names remain valid TypeScript via exact quoted/escaped spelling for hyphens, colons, invalid identifiers and control/quote characters.	crates/vize_maestro/src/ide/hover/component_tag.rs	crates/vize_maestro/src/ide/hover/component_tag.rs	-
3dc46f1098dffb6f0b7829e70ca62d8beaf8d914	control	Maestro changes only make component hover test helper filesystem errors propagate as Result and adjust test plumbing; SSR model/Vapor production behavior belongs to the linked compiler gate and is not excluded from that history.	crates/vize_maestro/src/ide/hover/component_tag.rs	crates/vize_maestro/src/ide/hover/component_tag.rs	-
3924c20efaeb7865910509c0421477b661821c30	required-response	Component-tag hover displays declared typed props/emits/slots/models, follows aliased barrels and unsaved child changes, with valid import intersection presentation instead of usage-only lists.	crates/vize_maestro/src/ide/hover/component_tag.rs | crates/vize_maestro/src/ide/hover/component_tag/items.rs | tests/tooling/lsp-hover-type-backed.test.ts | tests/tooling/lsp-imported-component-hover-type-backed.test.ts | tests/tooling/lsp-imported-component-reexport-hover-type-backed.test.ts	crates/vize_maestro/src/ide/hover/component_tag.rs | tests/tooling/lsp-hover-type-backed.test.ts | tests/tooling/lsp-imported-component-hover-type-backed.test.ts | tests/tooling/lsp-imported-component-reexport-hover-type-backed.test.ts	-
848d5bc4ac6a2a81daadf6ec57f16b0b7b7e8db5	control	File rename/global-declaration/workspace Vue discovery excludes Git metadata in disk and open buffers; authored files outside .git remain discoverable.	crates/vize_maestro/src/server/state/workspace_vue_files.rs	crates/vize_maestro/src/server/state/workspace_vue_files.rs	-
c5eea8eed6cf316aaa6ff6daa9e2dabd47a13165	required-response	Monorepo document configs resolve their real owning root and queued initial diagnostics perform one latest-version synchronous then full pass, including empty results; revision-bound lint hover and deleted Corsa state remain current without blocking notifications.	crates/vize_canon/src/batch/executor/diagnostics/module_specifier.rs | crates/vize_canon/src/corsa_bridge/vue_document_package_config_tests.rs | crates/vize_canon/src/projection/assemble/tests.rs | crates/vize_maestro/src/server/initial_diagnostics.rs | crates/vize_maestro/src/server/state/lint_hover.rs	crates/vize_canon/src/batch/executor/diagnostics/module_specifier.rs | crates/vize_canon/src/corsa_bridge/vue_document_package_config_tests.rs | crates/vize_canon/src/projection/assemble/tests.rs | crates/vize_maestro/src/server/initial_diagnostics.rs | crates/vize_maestro/src/server/state/lint_hover.rs	-
bfb7c96b81041903f4feb3164433fde717fc45b9	required-response	Editor tsconfig paths inherit extends chains/arrays/package configs with correct baseUrl anchoring and child overrides, preserving JSONC strings and cycles; incomplete templates retain sibling imports. Editor config discovery/routing remains linked package evidence.	crates/vize_canon/src/batch/type_checker/tests.rs | crates/vize_canon/src/batch/type_checker/tests/recent_issues/art_variant.rs | crates/vize_canon/src/batch/type_checker/tests/recent_issues/slot_key.rs | crates/vize_canon/src/batch/type_checker/tests/recent_issues/unknown_checks.rs | crates/vize_canon/src/batch/virtual_project/content_mapper_art_variant_tests.rs | crates/vize_canon/src/batch/virtual_project/content_mapper_offset_tests.rs | 12 additional candidate paths in the source diff	crates/vize_canon/src/batch/type_checker/tests.rs | crates/vize_canon/src/batch/type_checker/tests/recent_issues/art_variant.rs | crates/vize_canon/src/batch/type_checker/tests/recent_issues/slot_key.rs | crates/vize_canon/src/batch/type_checker/tests/recent_issues/unknown_checks.rs | crates/vize_canon/src/batch/virtual_project/content_mapper_art_variant_tests.rs | crates/vize_canon/src/batch/virtual_project/content_mapper_offset_tests.rs | 12 additional candidate paths in the source diff	-
d15a41f5d30eae45df29a6ec82292890f69756b9	control	Public TypeCheckerConfig literal layout stays compatible while timeout lives in one evaluated per-server snapshot; separate servers and config reloads cannot share stale timeout/options.	crates/vize_maestro/src/server/state/config_tests.rs	crates/vize_maestro/src/server/state/config_tests.rs	-
a4d89982cb91bb3bcb0a267f01ca1676be9f615d	required-response	Per-document scoped lint rules/ignores and folder config apply regardless of root order; required prop diagnostics deduplicate against actual authored errors; unsaved child hover and component prop references preserve exact current identity without unintended crossFile behavior.	crates/vize_maestro/src/ide/diagnostics/native/tests.rs | crates/vize_maestro/src/ide/diagnostics/tests/scoped_lint.rs | crates/vize_maestro/src/ide/hover/component_prop.rs | crates/vize_maestro/src/ide/references/corsa_tests/component_props.rs | crates/vize_maestro/src/server/state/workspace_folders.rs | crates/vize_maestro/src/server/state/workspace_folders/tests.rs	crates/vize_maestro/src/ide/diagnostics/native/tests.rs | crates/vize_maestro/src/ide/diagnostics/tests/scoped_lint.rs | crates/vize_maestro/src/ide/hover/component_prop.rs | crates/vize_maestro/src/ide/references/corsa_tests/component_props.rs | crates/vize_maestro/src/server/state/workspace_folders/tests.rs	-
4c52d0e39dca6ad888774281f7c231c094b84433	control	Corsa request timeout comes from workspace config so cold project diagnostics can finish under the configured bound; valid fast failure and reload contracts remain required.	crates/vize_maestro/src/server/state/config_tests.rs	crates/vize_maestro/src/server/state/config_tests.rs	-
8e9ca8de9065ea6a896b6c832edf8dfe849d08a4	required-response	Template completion prefers one typed macro prop per name and supplies imported component emit completions at empty/@ prefixes; resident interfaces retain emit contracts.	crates/vize_maestro/src/ide/completion/component_emits_tests.rs | crates/vize_maestro/src/ide/completion/dedup_tests.rs | crates/vize_maestro/src/ide/completion/template/component_interface/tests.rs	crates/vize_maestro/src/ide/completion/component_emits_tests.rs | crates/vize_maestro/src/ide/completion/dedup_tests.rs | crates/vize_maestro/src/ide/completion/template/component_interface/tests.rs	-
c1545ef05e0f9d78eec28506a98db87dd258739b	required-response	Code lenses anchor actual declarations and label counts as template/style-only, excluding script references; revisions refresh counts/ranges through shared resident parses.	crates/vize_maestro/src/ide/code_lens/resident_tests.rs | tests/tooling/lsp-inlay-codelens.test.ts	crates/vize_maestro/src/ide/code_lens/resident_tests.rs | tests/tooling/lsp-inlay-codelens.test.ts	-
370caeafee07cec57e78a7b0c75569b299ccd160	required-response	Unicode script hover/definition resolve the complete CJK/accented identifier at declaration/use and mid-scalar cursor boundaries with authored UTF-16 location ends.	crates/vize_maestro/src/ide/definition/corsa_tests/script_unicode.rs | crates/vize_maestro/src/ide/script_identifier.rs	crates/vize_maestro/src/ide/definition/corsa_tests/script_unicode.rs | crates/vize_maestro/src/ide/script_identifier.rs	-
9150b60adddfe60515e79bde6d02824da55ff5fe	required-response	Template semantic identifiers follow JavaScript Unicode start/continuation rules and preserve complete names, authored spans and UTF-16 token lengths.	crates/vize_maestro/src/ide/semantic_tokens/resident_tests.rs	crates/vize_maestro/src/ide/semantic_tokens/resident_tests.rs	-
7100d7a790146d4252103088f69dbf15756e36a5	required-response	Authored plain JS/TS documents enter actual Corsa script diagnostic lane with source-aware codes/ranges; Vue/JSX/internal/untyped unsupported controls cannot be misrouted.	crates/vize_maestro/src/ide/diagnostics/corsa/collect_script.rs	crates/vize_maestro/src/ide/diagnostics/corsa/collect_script.rs	-
ef8c3e059ed645e319154d475ef6d994dc489ee6	required-response	Diagnostic hover/report severity labels remove emoji while retaining exact text, code and source/range information.	no changed-test witness established	no changed-test witness established	-
c681035734fa84c223ee77395ea26bdd07297fb2	required-response	Document/range/on-type formatting use configured Vue 2/2.7 dialect and preserve explicit filter names/chains, indentation, exact edit ranges and opt-in gates.	crates/vize_maestro/src/server/format.rs | crates/vize_maestro/src/server/handlers/tests/formatting.rs	crates/vize_maestro/src/server/format.rs | crates/vize_maestro/src/server/handlers/tests/formatting.rs	-
d59acf245cb52694df5f8e8536b223a705d732d6	required-response	Query-captured source catalogs map other live JSX/TSX roots at the original query epoch and retain authored identities after later revisions; unrelated native hosts cannot supply substituted ranges.	crates/vize_canon/src/corsa_bridge/vue_dependencies_alias/context/cache/catalog_tests.rs | crates/vize_maestro/src/ide/corsa_support/canonical/catalog/tests.rs | crates/vize_maestro/src/ide/corsa_support/canonical/semantic_links.rs | crates/vize_maestro/src/ide/corsa_support/canonical/semantic_links/component_props.rs	crates/vize_canon/src/corsa_bridge/vue_dependencies_alias/context/cache/catalog_tests.rs | crates/vize_maestro/src/ide/corsa_support/canonical/catalog/tests.rs | crates/vize_maestro/src/ide/corsa_support/canonical/semantic_links.rs | crates/vize_maestro/src/ide/corsa_support/canonical/semantic_links/component_props.rs	-
f364b97274eba467295e2dbf1007018be6b4ffd1	required-response	JSX navigation deduplicates mapped authored locations across native roots without losing distinct target ranges or order.	no changed-test witness established	no changed-test witness established	-
4f8cef915cd56e662b5ecce19bad20a1b1f0c39b	required-response	JSX definition/declaration/type-definition/implementation/references/rename use shared canonical project mappings and target real authored files across independent roots.	crates/vize_maestro/src/ide/jsx/service.rs	crates/vize_maestro/src/ide/jsx/service.rs	-
21fbf06a5908a70fe8602ca7362fccdd7110415b	required-response	Shared resident prop catalogs retain full optional/default contracts, including withDefaults count=41, without dropping known defaults after production interface extraction.	crates/vize_maestro/src/ide/completion/template/component_cache/overlay_tests.rs | crates/vize_maestro/src/ide/completion/template/component_interface/tests/corpus.rs	crates/vize_maestro/src/ide/completion/template/component_cache/overlay_tests.rs | crates/vize_maestro/src/ide/completion/template/component_interface/tests/corpus.rs	-
049358b200baa82d99b04c40f95aa68d0e8fae7c	required-response	Resident public component interfaces retain scoped declaration/type-source revisions; external unsaved type overlays refresh prop/slot catalogs and closing restores disk without stale cached metadata.	crates/vize_maestro/src/ide/completion/template/component_cache/overlay_tests.rs | crates/vize_maestro/src/ide/completion/template/component_interface/tests.rs | crates/vize_maestro/src/ide/completion/template/component_interface/tests/corpus.rs	crates/vize_maestro/src/ide/completion/template/component_cache/overlay_tests.rs | crates/vize_maestro/src/ide/completion/template/component_interface/tests.rs | crates/vize_maestro/src/ide/completion/template/component_interface/tests/corpus.rs	-
5e5630804e61697ae2074ec5bedae06d17134da1	internal	Scoped production changes adopt workspace lint expectations and test feature gating; no distinct published response change is established by the actual hunks. Existing response contracts and non-native validation remain separate.	crates/vize_maestro/src/ide/hover.rs	crates/vize_maestro/src/ide/hover.rs	-
8e6f6377ce5b14bbd0fdf56e41c7d8c2076880cd	control	Completion/inlay/selection/JSX helpers use checked source/fact ranges; Unicode prop-hint scan steps advance by a full character so overlapping names stay valid; missing facts cannot panic.	crates/vize_maestro/src/ide/jsx/virtual_ts_tests.rs	crates/vize_maestro/src/ide/jsx/virtual_ts_tests.rs	-
1fe8315f5eea8d7d7cbf7a0b2a1db6d816b476d1	control	Ecosystem/diagnostic/document-link/code-action/rename scanners use checked source ranges and Option/Result handling; malformed names/quotes/facts cannot panic or create stray edits.	crates/vize_maestro/src/ide/corsa_support/html_tag.rs | crates/vize_maestro/src/ide/diagnostics/tests/macro_scope.rs	crates/vize_maestro/src/ide/corsa_support/html_tag.rs | crates/vize_maestro/src/ide/diagnostics/tests/macro_scope.rs	-
ff1b322d28f00066701356446608010a8674b11b	control	Semantic-token UTF-8/range reads and expression scans reject invalid spans instead of panicking, while real directives, quoted strings, interpolation and style regions retain their emitted token contract.	no changed-test witness established	no changed-test witness established	-
46dfdd549d72c1cf6fa7afa2ce91b7894fabcd09	control	Definition/hover/type-service helpers use checked authored ranges/fact access, including template scope/petite-vue objects; invalid/missing facts return no fabricated navigation instead of panicking.	crates/vize_maestro/src/ide/type_service/diagnostics/diagnostics_tests.rs	crates/vize_maestro/src/ide/type_service/diagnostics/diagnostics_tests.rs	-
044e518c22a7d72fb6b3ccc3d0c8361f816019a9	control	Malformed/racing inputs fail safely in server routing, colors/folding/formatting and virtual-code generation rather than panicking; owned document/state paths and existing valid results retain behavior. Safe lints alone do not close all these state transitions.	crates/vize_maestro/src/runtime.rs | crates/vize_maestro/src/runtime/tests.rs | crates/vize_maestro/src/server/initial_diagnostics.rs | crates/vize_maestro/src/server/state/tests.rs | crates/vize_maestro/tests/split_script_checker.rs	crates/vize_maestro/src/runtime/tests.rs | crates/vize_maestro/src/server/initial_diagnostics.rs | crates/vize_maestro/src/server/state/config.rs | crates/vize_maestro/src/server/state/tests.rs | crates/vize_maestro/tests/split_script_checker.rs	-
816db89fa9a95d479894d690c7faa63f9276c962	control	Native-only declaration helper is cfg-gated for non-native builds; actual typed UI template binding behavior is the linked Patina/Croquis product obligation.	crates/vize_canon/src/batch/virtual_project/content_mapper_tests.rs | crates/vize_canon/src/batch/virtual_project/tests/ref_arity.rs | crates/vize_canon/tests/auto_import_ref_unwrap.rs | crates/vize_canon/tests/nuxt_false_positives.rs	crates/vize_canon/src/batch/virtual_project/content_mapper_tests.rs | crates/vize_canon/src/batch/virtual_project/tests/ref_arity.rs | crates/vize_canon/tests/auto_import_ref_unwrap.rs | crates/vize_canon/tests/nuxt_false_positives.rs	-
169210cd797d002e0459228e6bdf55fbc0d9b6b8	control	Keystroke measurement example constructs actual open-document IdeContext from resident state rather than the removed API; example repair itself supplies no production response proof.	no changed-test witness established	no changed-test witness established	-
3a2fd80a314ae1c644af30bed1419855b2133c1e	required-response	Shared internal import rewrites split aligned mapping rows so following authored bytes remain exact, and package route waves discover transitive exports; Maestro projection-only updates cannot establish navigation parity.	crates/vize_canon/src/virtual_ts/mapping/tests/caret.rs | crates/vize_patina/src/linter/corsa_session/paths.rs | crates/vize_patina/src/linter/corsa_session/session/tests.rs	crates/vize_canon/src/virtual_ts/mapping/tests/caret.rs | crates/vize_patina/src/linter/corsa_session/paths.rs | crates/vize_patina/src/linter/corsa_session/session/tests.rs	-
beb84df46db611f6bf017fa6803af8cf84e6d59e	control	Split-script checker fixture updates to actual shared lib/helper output retain both script blocks and their mapping; integration validation changes do not supply a complete published response fixture.	crates/vize_maestro/tests/split_script_checker.rs	crates/vize_maestro/tests/split_script_checker.rs	-
a75c629c5c948885f7ffe2216f044a1a6c5e2851	required-response	Template refs and type/ecosystem diagnostics consume retained resident descriptors with exact authored/in-flight revisions, shared parse rejection/recovery/reopen behavior; linked slot-spread type contracts remain a separate Canon obligation.	crates/vize/tests/check_canon_slot_contracts_cli/spreads.rs | crates/vize_maestro/src/ide/ecosystem/resident_tests.rs | crates/vize_maestro/src/ide/template_ref/tests.rs | crates/vize_maestro/src/ide/type_service/diagnostics/diagnostics_tests.rs | tests/tooling/davinci-maestro-parse-sfc-ceiling.test.ts	crates/vize/tests/check_canon_slot_contracts_cli/spreads.rs | crates/vize_maestro/src/ide/ecosystem/resident_tests.rs | crates/vize_maestro/src/ide/template_ref/tests.rs | crates/vize_maestro/src/ide/type_service/diagnostics/diagnostics_tests.rs | tests/tooling/davinci-maestro-parse-sfc-ceiling.test.ts	-
ce3a418977252b87cc7262b857fe640d35158c97	required-response	Typed code actions/ecosystem/type-query consumers reuse resident descriptors while preserving spaced declaration types, authored edits, parse rejection and recovery after revisions.	crates/vize_canon/src/checker.rs | crates/vize_maestro/src/ide/context/tests.rs | tests/tooling/davinci-maestro-parse-sfc-ceiling.test.ts	crates/vize_atelier_core/src/steps/expression/prefix.rs | crates/vize_canon/src/checker.rs | crates/vize_maestro/src/ide/context/tests.rs | davinci/vize_l0/src/general.rs | tests/tooling/davinci-maestro-parse-sfc-ceiling.test.ts	-
33afda2db5de18d43d4d1ee5d965da7cede1bd3c	control	Closed stderr pipe cannot kill the running LSP or trigger recursive writer-error reporting; stdio requests and exit remain usable afterward.	crates/vize/tests/lsp_cli.rs	crates/vize/tests/lsp_cli.rs	-
a8b17f73b36814081df0fad7c2e8b1712f685aa9	control	Incremental edits use authored LSP CR/LF/CRLF lines rather than Rope Unicode separators, preserving UTF-16 across rope chunks and join/split boundaries without stale metrics.	crates/vize_maestro/src/document/store/tests/unicode_boundaries.rs | crates/vize_maestro/src/document/text/tests.rs | crates/vize_maestro/src/utils/position/tests.rs	crates/vize_maestro/src/document/store/tests/unicode_boundaries.rs | crates/vize_maestro/src/document/text/tests.rs | crates/vize_maestro/src/ide/definition/tests/basics.rs | crates/vize_maestro/src/ide/tests.rs | crates/vize_maestro/src/utils/position/tests.rs	-
4b79fe030265ee66aecb82f8698e68c6f8e58370	required-response	Call hierarchy expands unopened TS dependencies/closed Vue callers from query-captured project source, rejects stale items and follows unsaved repair; JSX opt-out stays untouched.	tests/tooling/lsp-call-hierarchy-project.test.ts	tests/tooling/lsp-call-hierarchy-project.test.ts	-
215ca5706f402ed831a3bac0166e96cbc21da286	required-response	Editor diagnostics, dependencies, JSX/SFC projections and template-node policy share actual canonical native documents; failed backend retains script parser fallback; prop JSDoc/ranges/snippets remain authored; dynamic args route consistently; initial diagnostic versions/coalescing, unsaved Art dependencies, close handling and executor wake ownership stay exact. Broad cross-product fix needs all retained witness groups, not one response slice.	crates/vize/tests/check_canon_define_model_modifiers_cli.rs | crates/vize_canon/src/batch/executor/diagnostics.rs | crates/vize_canon/src/batch/executor/diagnostics/module_resolution.rs | crates/vize_canon/src/batch/executor/diagnostics/template_instance.rs | crates/vize_canon/src/batch/import_rewriter_dts_tests.rs | crates/vize_canon/src/batch/type_checker/generic_private_names.rs | 141 additional candidate paths in the source diff	crates/vize/tests/check_canon_define_model_modifiers_cli.rs | crates/vize_canon/src/batch/executor/diagnostics/tests.rs | crates/vize_canon/src/batch/import_rewriter_dts_tests.rs | crates/vize_canon/src/batch/type_checker/generic_private_names.rs | crates/vize_canon/src/batch/type_checker/tests.rs | crates/vize_canon/src/batch/type_checker/tests/incremental/jsx_modules.rs | 131 additional candidate paths in the source diff	-
0bd36715d4ecbb448630157c7ce233b60e142362	required-response	Native quick fixes map only exact length-preserving authored ranges and emit atomic versioned edits; generated/ambiguous/overlapping spans and backend commands are rejected. CodeAction works without lint when typecheck enabled; pattern subject routing remains consistent.	crates/vize_canon/src/virtual_ts/type_dependencies.rs | crates/vize_canon/tests/patterned_typechecking.rs | crates/vize_maestro/src/ide/context/tests.rs | crates/vize_maestro/src/ide/corsa_support/canonical/exact_edits/tests.rs | crates/vize_maestro/src/ide/native_code_actions/tests.rs | crates/vize_maestro/src/server/capabilities/tests/feature_gating.rs | 5 additional candidate paths in the source diff	crates/vize_canon/src/virtual_ts/type_dependencies.rs | crates/vize_canon/tests/patterned_typechecking.rs | crates/vize_maestro/src/ide/context/tests.rs | crates/vize_maestro/src/ide/corsa_support/canonical/exact_edits/tests.rs | crates/vize_maestro/src/ide/native_code_actions/tests.rs | crates/vize_maestro/src/server/capabilities/tests/feature_gating.rs | 5 additional candidate paths in the source diff	-
66aae15e42872c314d508137548587b5386ba618	required-response	Checker-free references/rename use exact OXC lexical identities across script/template/CSS, preserve shorthand keys/imports/exports/same-name bindings, reject collision/capture and affected disabled patterns, and never use spelling sweeps.	crates/vize_canon/tests/patterned_typechecking.rs | crates/vize_maestro/src/ide/references.rs | crates/vize_maestro/tests/non_native_structural/lexical.rs | tests/tooling/lsp-structural-identity.test.ts	crates/vize_canon/tests/patterned_typechecking.rs | crates/vize_maestro/src/ide/definition/tests/basics.rs | crates/vize_maestro/src/ide/hover.rs | crates/vize_maestro/src/ide/rename/tests.rs | crates/vize_maestro/tests/non_native_structural/lexical.rs | tests/tooling/lsp-structural-identity.test.ts	-
2b0a8604c1d33afa766153b9fcb11292b9ecf95e	required-response	Exported/public/local semantic identities retain authored reference/rename spans and non-code text; crossFile=false excludes importers; disabled checker preserves structural results and does not start a backend.	crates/vize/tests/lsp_local_references_cli.rs | crates/vize_canon/src/batch/virtual_project/content_mapper_protocol_tests.rs | crates/vize_canon/src/batch/virtual_project/content_mapper_semantic_link_tests.rs | crates/vize_canon/src/batch/virtual_project/content_mapper_tests.rs | crates/vize_canon/src/virtual_ts/generator/script_module.rs | crates/vize_canon/src/virtual_ts/generator/script_module/navigation.rs | 5 additional candidate paths in the source diff	crates/vize/tests/lsp_local_references_cli.rs | crates/vize_canon/src/batch/virtual_project/content_mapper_protocol_tests.rs | crates/vize_canon/src/batch/virtual_project/content_mapper_semantic_link_tests.rs | crates/vize_canon/src/batch/virtual_project/content_mapper_tests.rs | crates/vize_canon/src/virtual_ts/generator/script_module.rs | crates/vize_canon/src/virtual_ts/generator/script_module/navigation.rs | 5 additional candidate paths in the source diff	-
bd8fff6f6c186f3efd072eb7d81431e00e1a9994	required-response	Backend query/diagnostic positions follow LSP line terminators and UTF-16 after astral characters; guard comments and unsaved patterned edits preserve authored navigation and diagnostic anchors.	crates/vize/tests/lsp_patterned_template_cli.rs | crates/vize_canon/src/batch/executor/diagnostics/line_index.rs | crates/vize_canon/src/lsp_client/session/tests.rs | crates/vize_canon/tests/patterned_typechecking/guards.rs | crates/vize_maestro/src/utils/position.rs	crates/vize/tests/lsp_patterned_template_cli.rs | crates/vize_canon/src/batch/executor/diagnostics/line_index.rs | crates/vize_canon/src/lsp_client/session/tests.rs | crates/vize_canon/tests/patterned_typechecking/guards.rs | crates/vize_maestro/src/utils/position/tests.rs	-
cf02a0debca63d5119e3bbd2b1bda9a692f194be	required-response	Corsa diagnostic text is preserved without speculative ref/value hints or user-class name guesses; only authored path restoration remains, while actual Vue ref template unwrapping retains its checker contract.	crates/vize/tests/lsp_ambient_setup_cli.rs | crates/vize/tests/lsp_reactive_diagnostics_cli.rs | crates/vize_maestro/src/ide/diagnostics/corsa/message.rs | tests/snapshots/check/class-component-lsp-oracle.ts	crates/vize/tests/lsp_ambient_setup_cli.rs | crates/vize/tests/lsp_reactive_diagnostics_cli.rs | crates/vize_maestro/src/ide/diagnostics/corsa/message.rs	-
8fd82f7e75d5eea334e767303fe762948b77c067	required-response	Patterned-template completions/references/rename preserve root/arm/guard/loop lexical identity and shorthand property names, with authored Unicode/CRLF ranges; no checker fallback may merge affected names, and opt-out/unaffected symbols keep ordinary routing.	crates/vize/tests/lsp_patterned_completion_cli.rs | crates/vize/tests/lsp_patterned_navigation_cli.rs | crates/vize_maestro/src/ide/context/tests.rs | crates/vize_maestro/src/ide/references/corsa_tests.rs | crates/vize_maestro/src/ide/template_scope/analysis.rs | crates/vize_maestro/src/ide/template_scope/patterned_navigation/tests.rs	crates/vize/tests/lsp_patterned_completion_cli.rs | crates/vize/tests/lsp_patterned_navigation_cli.rs | crates/vize_maestro/src/ide/context/tests.rs | crates/vize_maestro/src/ide/references/corsa_tests.rs | crates/vize_maestro/src/ide/template_scope/analysis.rs | crates/vize_maestro/src/ide/template_scope/patterned_navigation/tests.rs	-
9ff23eb19c0f22bc1b449bd7eb5c2fcdda74f57d	required-response	Completion at script body insertion/end boundary remains classified as script without changing ordinary byte/neighbor classification; self-closing/non-script blocks retain old boundaries.	crates/vize_maestro/src/ide/context/tests.rs	crates/vize_maestro/src/ide/context/tests.rs	-
7413782f199fa228b1155c3e9398cb68d55f8d15	control	Unicode diagnostic/source-map log previews stop at valid UTF-8 boundaries and cannot crash actual diagnostic publishing or subsequent unsaved repair.	crates/vize/tests/lsp_unicode_diagnostics_cli.rs | crates/vize_maestro/src/ide/diagnostics/corsa/log_preview.rs	crates/vize/tests/lsp_unicode_diagnostics_cli.rs | crates/vize_maestro/src/ide/diagnostics/corsa/log_preview.rs	-
df757956e0a80b41de17187a97956d5c9be1c029	required-response	Completion item resolve carries native JSDoc through original authored label/snippet/default data; stale/reopened candidate generations, label mismatch and disabled checker cannot trigger unsafe backend edits or leaked commands.	crates/vize_maestro/src/ide/completion/resolve/tests.rs | tests/tooling/lsp-completion-resolve.test.ts	crates/vize_maestro/src/ide/completion/resolve/tests.rs | tests/tooling/lsp-completion-resolve.test.ts	-
d87ae35bf83652a4ae3bdffb1a71f76ddfd4e620	required-response	Inline/multiline-header template code actions keep authored columns, UTF-16 prefixes, CRLF and indentation rather than using content-relative offsets.	crates/vize_maestro/src/ide/code_action.rs | crates/vize_maestro/src/ide/code_action/source_position_tests.rs	crates/vize_maestro/src/ide/code_action.rs | crates/vize_maestro/src/ide/code_action/source_position_tests.rs | crates/vize_maestro/src/ide/diagnostics/tests.rs | crates/vize_maestro/src/ide/type_service/diagnostics/diagnostics_tests.rs	-
f94ec36a0747bd22447f78a8e206aca360cf43d1	required-response	Merging canonical rename queries preserves known document versions and resource order; conflicting versions/resource mutations fail closed across every edit container and query order.	crates/vize_maestro/src/ide/corsa_support/canonical_rename_version_tests.rs	crates/vize_maestro/src/ide/corsa_support/canonical_rename_version_tests.rs	-
4b889011a1f6cdea06aac9ef1779a048d2518b74	required-response	Shared alias rewrites honor configured path ownership, defineModel runtime/get/set types and optional payloads, imported public props/event context and dynamic slot spread requirements. Maestro snapshots are insufficient for full diagnostic response coverage.	crates/vize_canon/src/batch/import_rewriter_virtual_alias.rs | crates/vize_canon/src/batch/type_checker/tests/recent_issues/real_project_parity.rs | crates/vize_canon/src/batch/virtual_project/content_mapper_model_tests.rs | crates/vize_canon/src/batch/virtual_project/tests/alias_rewrite.rs | crates/vize_canon/src/virtual_ts/class_component_props_tests.rs | crates/vize_canon/src/virtual_ts/tests.rs | 7 additional candidate paths in the source diff	crates/vize_canon/src/batch/import_rewriter_virtual_alias.rs | crates/vize_canon/src/batch/type_checker/tests/recent_issues/real_project_parity.rs | crates/vize_canon/src/batch/virtual_project/content_mapper_model_tests.rs | crates/vize_canon/src/batch/virtual_project/tests/alias_rewrite.rs | crates/vize_canon/src/virtual_ts/class_component_props_tests.rs | crates/vize_canon/src/virtual_ts/tests.rs | 6 additional candidate paths in the source diff	-
d4c05ee736862e678ff8b7cac8a728d80f2193c0	required-response	Shared public instances retain compatible public $emit/$slots/defineExpose and generic module aliases while keeping discriminated-union excess prop diagnostics; source/declaration consumers match.	crates/vize_canon/src/batch/type_checker/tests/recent_issues/histoire_layout_props.rs | crates/vize_canon/src/batch/type_checker/tests/recent_issues/public_instance_contract.rs | crates/vize_canon/src/virtual_ts/tests.rs | crates/vize_canon/src/virtual_ts/tests/generic_module_type_exports.rs	crates/vize_canon/src/batch/type_checker/tests/recent_issues/histoire_layout_props.rs | crates/vize_canon/src/batch/type_checker/tests/recent_issues/public_instance_contract.rs | crates/vize_canon/src/virtual_ts/tests.rs	-
9193b13ca62af15076609a3a8d7e2405b5df98d1	required-response	Vue 2.7 render h accepts imported/generic SFC constructors and correct legacy instance attrs/listeners/scopedSlots; modern constructor helpers do not leak into Vue 2 dialect output.	crates/vize_canon/src/batch/type_checker/tests/recent_issues/vue27_render_h.rs | crates/vize_canon/src/virtual_ts/tests/legacy_nuxt2_page_context.rs	crates/vize_canon/src/batch/type_checker/tests/recent_issues/vue27_render_h.rs | crates/vize_canon/src/virtual_ts/tests/legacy_nuxt2_page_context.rs	-
c0dae2112cf5ddf351946882af19b5ede2f76407	required-response	Shared template Ref unwrapping preserves explicit literal unions/branded primitive types and ambient/global component identity; authored parse errors retain mapper diagnostics.	crates/vize_canon/src/batch/virtual_project/content_mapper_tests.rs | crates/vize_canon/src/virtual_ts/tests.rs | crates/vize_canon/src/virtual_ts/tests/slot_component_bindings.rs | crates/vize_canon/src/virtual_ts/tests/template_ref_unwrap.rs | crates/vize_canon/src/virtual_ts/tests/unused_refs.rs | crates/vize_canon/tests/nuxt_false_positives.rs	crates/vize_canon/src/batch/virtual_project/content_mapper_tests.rs | crates/vize_canon/src/virtual_ts/tests.rs | crates/vize_canon/src/virtual_ts/tests/slot_component_bindings.rs | crates/vize_canon/src/virtual_ts/tests/template_ref_unwrap.rs | crates/vize_canon/src/virtual_ts/tests/unused_refs.rs | crates/vize_canon/tests/nuxt_false_positives.rs	-
788000753c5c6bab73faedebc979a18d6db735e2	required-response	Diagnostic messages remove private Corsa overlay roots while preserving authored Vue specifiers; file-event fallback refreshes open typecheck documents at unchanged exact LSP versions.	crates/vize_canon/src/batch/executor/diagnostics/module_specifier.rs | crates/vize_canon/src/batch/executor/diagnostics/skip_rules.rs | crates/vize_canon/src/batch/executor/diagnostics/skip_rules/tests.rs | crates/vize_canon/src/batch/import_rewriter_authored_vue_ts_tests.rs | crates/vize_canon/src/batch/type_checker/tests/recent_issues.rs | crates/vize_canon/src/batch/type_checker/tests/recent_issues/imported_runtime_props.rs | 8 additional candidate paths in the source diff	crates/vize_canon/src/batch/executor/diagnostics/module_specifier.rs | crates/vize_canon/src/batch/import_rewriter_authored_vue_ts_tests.rs | crates/vize_canon/src/batch/type_checker/tests/recent_issues.rs | crates/vize_canon/src/batch/type_checker/tests/recent_issues/imported_runtime_props.rs | crates/vize_canon/src/batch/type_checker/tests/recent_issues/template_ref_slot_vnode_handlers.rs | crates/vize_canon/src/batch/type_checker/tests/recent_issues/tsx_catch_all_emits.rs | 7 additional candidate paths in the source diff	-
403aab0e4c53ed03d2393d31392303eec120cb3f	required-response	Auto-insertion experimental configurationSections are unique, complete and in exact positional order; duplicate autoClosingTags entry is removed.	crates/vize_maestro/src/server/capabilities/tests.rs | tests/tooling/lsp-auto-insert-capabilities.test.ts | tests/tooling/lsp-capabilities.test.ts	crates/vize_maestro/src/server/capabilities/tests.rs | tests/tooling/lsp-auto-insert-capabilities.test.ts | tests/tooling/lsp-capabilities.test.ts	-
6769bfb5bbd1d30df0cc76c45508718386920993	required-response	JSX/TSX go-to-declaration routes through the actual checker and maps declarations to authored expressions; missing backend returns None.	crates/vize_maestro/src/ide/jsx/declaration.rs | tests/tooling/lsp-declaration-capability.test.ts	crates/vize_maestro/src/ide/jsx/declaration.rs | tests/tooling/lsp-declaration-capability.test.ts	-
00b6fd3939ed3f1c77e1a342215849644f64aded	required-response	Shared defineModel template projection unwraps model getter types before generic Ref handling, preserving Record model indexing through v-for keys.	crates/vize_canon/src/batch/type_checker/tests/recent_issues/define_model_template_unwrap.rs	crates/vize_canon/src/batch/type_checker/tests/recent_issues/define_model_template_unwrap.rs	-
0f8fecde36734640f40ffe64f3b2915321b184e0	required-response	Implementation navigation capability/handler require typecheck plus definition; disabled provider flags return exact None without backend work.	crates/vize_maestro/src/server/capabilities/tests/feature_gating.rs	crates/vize_maestro/src/server/capabilities/tests/feature_gating.rs	-
9c4486bdb6ab0fa4800c7ab856a31bc5c4c84aad	control	Directory file events evict only tracked Vue descendants without rescanning disk or retaining deleted project overlays.	crates/vize_maestro/src/server/workspace_files/dependents.rs	crates/vize_maestro/src/server/workspace_files/dependents.rs	-
d7796777839f961aa97d1a55397ad4e2d0372a31	required-response	Shared generic closed/open component checks accept real global HTML/data attributes with correct known props and avoid invalid keyof native-map indexing.	crates/vize_canon/src/batch/type_checker/tests/recent_issues/fallthrough_unknown_attrs.rs	crates/vize_canon/src/batch/type_checker/tests/recent_issues/fallthrough_unknown_attrs.rs	-
447716ebc8a2d52e810d2be1de6a8166a95e4c32	required-response	Document links ignore inactive comments/strings and include original multiline static import/export targets with complete ordered ranges/URI targets and absent fields.	crates/vize_maestro/src/ide/document_link.rs | crates/vize_maestro/src/ide/document_link/imports.rs | tests/tooling/lsp-document-link.test.ts	crates/vize_maestro/src/ide/document_link.rs | crates/vize_maestro/src/ide/document_link/imports.rs | tests/tooling/lsp-document-link.test.ts	-
91754f691b70884a7b1723fb723388485b2ed54b	required-response	Shared withDefaults macro inference follows actual Boolean/default generic arguments and retains original directive diagnostic anchors; TS40 projection text is only a mapping witness.	crates/vize_canon/src/batch/type_checker/tests/generic_component_listener_payload.rs | crates/vize_canon/src/batch/type_checker/tests/recent_issues/directive_anchors.rs | crates/vize_canon/src/batch/type_checker/tests/recent_issues/optional_boolean_props.rs | crates/vize_canon/src/batch/type_checker/tests/recent_issues/template_instance_props.rs | crates/vize_canon/src/sfc_typecheck/tests.rs | crates/vize_canon/src/sfc_typecheck/tests/with_defaults.rs | 1 additional candidate paths in the source diff	crates/vize_canon/src/batch/type_checker/tests/generic_component_listener_payload.rs | crates/vize_canon/src/batch/type_checker/tests/recent_issues/directive_anchors.rs | crates/vize_canon/src/batch/type_checker/tests/recent_issues/optional_boolean_props.rs | crates/vize_canon/src/batch/type_checker/tests/recent_issues/template_instance_props.rs | crates/vize_canon/src/sfc_typecheck/tests.rs | crates/vize_canon/src/sfc_typecheck/tests/with_defaults.rs | 1 additional candidate paths in the source diff	-
f647dbb6698c3125e95c12ed1c5d947d08f600b0	required-response	Shared withDefaults Boolean default undefined remains optional and preserves controlled-v-model overload resolution rather than falsely making it non-undefined.	crates/vize_canon/src/batch/type_checker/tests/recent_issues/optional_boolean_props.rs | crates/vize_canon/src/sfc_typecheck/tests.rs	crates/vize_canon/src/batch/type_checker/tests/recent_issues/optional_boolean_props.rs | crates/vize_canon/src/sfc_typecheck/tests/with_defaults.rs	-
427e3cd92ad3e5abaf6386803aacae3c8d82a869	required-response	Workspace defineEmits symbols anchor on each quoted authored declaration name rather than the start of script setup.	crates/vize_maestro/src/ide/workspace_symbols.rs | crates/vize_maestro/src/ide/workspace_symbols/tests.rs | tests/tooling/lsp-workspace-symbol-emits.test.ts	crates/vize_croquis/src/naming.rs | crates/vize_maestro/src/ide/type_service.rs | crates/vize_maestro/src/ide/workspace_symbols/tests.rs | crates/vize_musea/src/autogen/strategy.rs | crates/vize_musea/src/palette/codegen.rs | crates/vize_musea/src/transform/to_csf/tests.rs | 2 additional candidate paths in the source diff	-
c0769cc9857c2099c4b311e3240a0181c2946542	required-response	Type-definition capability/handler require both navigation and typecheck; typecheck=false returns None without starting a backend and individual feature flags remain isolated.	crates/vize_maestro/src/server/capabilities/tests/feature_gating.rs | tests/tooling/lsp-capabilities.test.ts | tests/tooling/lsp-type-definition-capability.test.ts	crates/vize_maestro/src/server/capabilities/tests/feature_gating.rs | tests/tooling/lsp-capabilities.test.ts | tests/tooling/lsp-type-definition-capability.test.ts	-
9bf9ee47adb4da3a29eb049c18588d4f917a440c	required-response	Shared withDefaults typing retains optional Boolean-key narrowing in template/checker contexts; linked real-project diagnostic baselines must not substitute for complete editor responses.	crates/vize_canon/src/batch/type_checker/tests/recent_issues/optional_boolean_props.rs | crates/vize_canon/src/sfc_typecheck/tests.rs	crates/vize_canon/src/batch/type_checker/tests/recent_issues/optional_boolean_props.rs | crates/vize_canon/src/sfc_typecheck/tests/with_defaults.rs	-
c220f47b65134eee36851c7841b1e8d5567eafe4	required-response	Shared generated Vue public-instance helpers degrade missing ComponentPublicInstance exports to unchecked extras without fabricated TS2694/TS2307; Maestro TS40 helper snapshots alone do not establish diagnostic response parity.	crates/vize_canon/src/virtual_ts/public_instance_guard_tests.rs	crates/vize_canon/src/virtual_ts/public_instance_guard_tests.rs	-
bea75982f417ea35b656fbe404f640653f462ee4	required-response	Configured Musea design-token/rule-options lint uses actual project-local settings and disabled-linter controls, with authored diagnostic mapping.	crates/vize_maestro/src/ide/diagnostics/configured_lint_tests.rs	crates/vize_maestro/src/ide/diagnostics/configured_lint_tests.rs	-
5b82f9f6edd3cdbeb88d28f4a1b797cb4f36b540	required-response	LSP lint collectors consume configured casing rule options and each document's workspace settings using ConfigLintRuleOptions, matching actual Patina option behavior.	no changed-test witness established	no changed-test witness established	-
c7c1af64c4929c35aae6c0df33affb549a82624a	required-response	Unavailable-checker diagnostic and user notice contain the exact updated TypeScript 7 runtime guidance rather than obsolete tsconfig/Corsa wording.	crates/vize_maestro/src/ide/diagnostics/typecheck_unavailable_tests.rs	crates/vize_maestro/src/ide/diagnostics/typecheck_unavailable_tests.rs	-
2c5b4f30506d979b80d1525c1791882fb577434a	required-response	Extensionless dotted-basename relative imports preserve the basename dot while probing actual extensions; definitions/dependency indexing and editor diagnostics resolve the same file.	crates/vize/tests/lsp_dotted_basename_cli.rs | crates/vize_canon/src/corsa_bridge/vue_dependency_paths.rs | crates/vize_maestro/src/ide/definition/module_specifier_tests.rs | crates/vize_maestro/src/ide/diagnostics/editor_typecheck_tests.rs | crates/vize_maestro/src/server/importers_tests.rs	crates/vize/tests/lsp_dotted_basename_cli.rs | crates/vize_canon/src/corsa_bridge/vue_dependency_paths.rs | crates/vize_maestro/src/ide/definition/module_specifier_tests.rs | crates/vize_maestro/src/ide/diagnostics/editor_typecheck_tests.rs | crates/vize_maestro/src/server/importers/tests.rs | crates/vize_maestro/src/server/importers_tests.rs	-
c200b692c480607e7555cddf3966bd0705746f7a	required-response	Deleted imported component targets return no definition immediately unless kept alive by an open unsaved buffer; external authored lifecycle oracle controls remain independently required.	crates/vize_maestro/src/ide/definition/service/import_target/tests.rs | tests/tooling/real-project-lsp-authored-registry.test.ts | tests/tooling/real-project-lsp-file-lifecycle.test.ts	crates/vize_maestro/src/ide/definition/service/import_target/tests.rs | tests/tooling/real-project-lsp-authored-registry.test.ts | tests/tooling/real-project-lsp-file-lifecycle.test.ts	-
b1b030fc945383564c0cf2699700a0047e29c989	required-response	Static slot-outlet payload names map to exact authored value ranges, including duplicates/hyphens/UTF-8; implicit/valueless/dynamic names do not fabricate editable source mappings.	crates/vize_canon/src/batch/virtual_project/content_mapper_slot_outlet_navigation_tests.rs | crates/vize_canon/src/batch/virtual_project/content_mapper_tests.rs	crates/vize_canon/src/batch/virtual_project/content_mapper_offset_tests.rs | crates/vize_canon/src/batch/virtual_project/content_mapper_slot_outlet_navigation_tests.rs	-
13bcf1ba4ddb588b79296623f259c310a1bab2b5	required-response	Shared strict prop checking accepts real HTML/data attrs and collapses literal/widened duplicate diagnostics; tsc -p referenced-workspace file ownership remains a linked Canon provider obligation. Maestro TS40 projection snapshots are not response fixtures.	crates/vize_canon/src/batch/executor/diagnostics/dedup.rs | crates/vize_canon/src/batch/type_checker/tests/recent_issues/fallthrough_unknown_attrs.rs | crates/vize_canon/src/batch/type_checker/tests/recent_issues/global_html_fallthrough_attrs.rs | crates/vize_canon/src/batch/type_checker/tests/recent_issues/wide_props_type_complexity.rs | crates/vize_canon/src/virtual_ts/unknown_props_tests.rs | tests/snapshots/check/class-component-lsp-oracle.ts | 1 additional candidate paths in the source diff	crates/vize_canon/src/batch/executor/diagnostics/dedup.rs | crates/vize_canon/src/batch/type_checker/tests/recent_issues/fallthrough_unknown_attrs.rs | crates/vize_canon/src/batch/type_checker/tests/recent_issues/global_html_fallthrough_attrs.rs | crates/vize_canon/src/batch/type_checker/tests/recent_issues/wide_props_type_complexity.rs | crates/vize_canon/src/virtual_ts/unknown_props_tests.rs | tests/tooling/lsp-fallthrough-attrs.test.ts	-
09b4ddde76ed21942c0e302e7b2d4d8da289eaf1	required-response	Shared canonical type checking permits undeclared userland attrs on an open native-root fallthrough surface without hiding missing required props; generic fallthrough behaves likewise. Maestro projection snapshots track generated helper changes only.	crates/vize_canon/src/batch/type_checker/tests/recent_issues/fallthrough_unknown_attrs.rs | crates/vize_canon/src/batch/type_checker/tests/recent_issues/wide_props_type_complexity.rs | tests/snapshots/check/class-component-lsp-oracle.ts	crates/vize_canon/src/batch/type_checker/tests/recent_issues/fallthrough_unknown_attrs.rs | crates/vize_canon/src/batch/type_checker/tests/recent_issues/wide_props_type_complexity.rs	-
7fc7a61f6b742d089dffe0ce8659b3160f605ce5	control	Workspace symbol/diagnostic collectors read owned open-document snapshots without shard locks and lazily invalidate Corsa disk state after file events, so requests remain responsive under concurrent edits.	crates/vize_maestro/src/document/store/snapshot_tests.rs	crates/vize_maestro/src/document/store/snapshot_tests.rs	-
f5d9d1ba2726ce67f2b23a73658f5d5afbc21ee1	required-response	Prop hover metadata follows re-exported/package component routes rather than losing declared contracts at barrel boundaries.	crates/vize_maestro/src/ide/completion/template/component_meta.rs | crates/vize_maestro/src/ide/completion/template/component_meta/tests.rs | tests/tooling/lsp-component-reexport-navigation.test.ts	crates/vize_maestro/src/ide/completion/template/component_meta/tests.rs | tests/tooling/lsp-component-reexport-navigation.test.ts	-
bdca84dd4b771acf0c5c535108f4d6d63ee1c9f4	required-response	Static ref attributes navigate to actual useTemplateRef declarations and receive precise reactive/backend hover; missing bindings and non-value cursor regions are rejected.	crates/vize_maestro/src/ide/template_ref/tests.rs | tests/tooling/lsp-reactive-hover-type-backed.test.ts	crates/vize_maestro/src/ide/template_ref/tests.rs | tests/tooling/lsp-reactive-hover-type-backed.test.ts	-
8ab913e8d771cb6762760bffdcb59582f8645e03	required-response	Published fallthrough diagnostics use authored template-root ranges and precise codes/messages; plain fragments/inheritAttrs=false remain clean and edits repair the diagnostic.	crates/vize_canon/src/sfc_typecheck/tests.rs | crates/vize_canon/src/sfc_typecheck/tests/fallthrough_ranges.rs | crates/vize_maestro/src/ide/diagnostics/vize_sfc_type_tests.rs | crates/vize_maestro/src/ide/type_service/diagnostics/diagnostics_tests.rs | tests/tooling/lsp-fallthrough-attrs.test.ts	crates/vize_canon/src/sfc_typecheck/tests.rs | crates/vize_canon/src/sfc_typecheck/tests/fallthrough_ranges.rs | crates/vize_canon/src/sfc_typecheck/tests_heritage_props.rs | crates/vize_maestro/src/ide/diagnostics/vize_sfc_type_tests.rs | crates/vize_maestro/src/ide/type_service/diagnostics/diagnostics_tests.rs | tests/tooling/lsp-fallthrough-attrs.test.ts	-
b33feb1c6c8bce110dc9fe6d4d5f9609d0a93043	required-response	Component event hover/definition reads exact child defineEmits payload/tuple and event name spans, without substring-name collisions or generic directive hover stealing the event contract.	crates/vize_maestro/src/ide/definition/component_event.rs | tests/tooling/lsp-component-event-hover-type-backed.test.ts | tests/tooling/lsp-hover-type-backed.test.ts	crates/vize_maestro/src/ide/definition/component_event.rs | tests/tooling/lsp-component-event-hover-type-backed.test.ts | tests/tooling/lsp-hover-type-backed.test.ts	-
119a5d69d33afeb0d753e9b241e7d284a6f771bf	required-response	Imported Vue component contracts are available through the established Corsa-independent hover fallback before generic Vue API guesses.	tests/tooling/lsp-authoring-core.test.ts	tests/tooling/lsp-authoring-core.test.ts	-
9cf96648ddacfb588eae28c9401dc6c5ed4570e3	required-response	v-slot destructured props receive authored hover/definition inside their template subtree and cannot leak into sibling/outside scope.	crates/vize_maestro/src/ide/template_scope/tests.rs | tests/tooling/lsp-authoring-core.test.ts	crates/vize_maestro/src/ide/template_scope/tests.rs | tests/tooling/lsp-authoring-core.test.ts	-
f5195c55285b5986e8c5f19b8cfca1f390888b6d	required-response	v-for value/key/index aliases have authored hover/definition and nearest nested scope wins over outer same-name bindings.	crates/vize_maestro/src/ide/template_scope/tests.rs | tests/tooling/lsp-authoring-core.test.ts	crates/vize_maestro/src/ide/template_scope/tests.rs | tests/tooling/lsp-authoring-core.test.ts	-
9fd9d72424d4959c18e05b5f589039f92134f6c1	required-response	Fallback ref/computed hover reads complete realistic authored declarations including whitespace/type annotations rather than misclassifying initializer substrings.	crates/vize_maestro/src/ide/hover/script_type_infer.rs | tests/tooling/lsp-hover-template.test.ts	crates/vize_maestro/src/ide/hover/script_type_infer.rs | tests/tooling/lsp-hover-template.test.ts	-
585c4b242709374d50dd28eff1332133f94ee6b0	required-response	Structural fallback inference recognizes literal ref initializers and explicit type arguments instead of always Ref<unknown>; live-backend typecheck mode remains a separate provenance gate.	crates/vize_maestro/src/ide/type_service.rs	crates/vize_maestro/src/ide/type_service.rs	-
00cc1157abb20d7de41cf73163e6c1aa8657aaa0	required-response	Imported component hover resolves re-exported/package contracts using shared component-file routing.	tests/tooling/lsp-imported-component-reexport-hover-type-backed.test.ts	tests/tooling/lsp-imported-component-reexport-hover-type-backed.test.ts	-
f8e750c187c99e1b1899d3fc76f81a751199acd5	required-response	Imported SFC script hover presents compact authored props/emits/slots/model contracts instead of generated constructor markers, preserving literals and comment-free type spelling.	crates/vize_maestro/src/ide/hover/component_import.rs | tests/tooling/lsp-imported-component-hover-type-backed.test.ts	crates/vize_maestro/src/ide/hover/component_import.rs | tests/tooling/lsp-imported-component-hover-type-backed.test.ts	-
59767e4ee006d5211718aae515a7d124a9e4ecc0	required-response	Component navigation follows exported aliases, barrels and package routes to the real Vue source instead of requiring a direct .vue import.	tests/tooling/lsp-component-reexport-navigation.test.ts	no changed-test witness established	-
e05e903eaa130a1fb61a7413faee812c3d713460	required-response	Component v-model attribute hover/definition resolve child default/named defineModel or defineProps contracts; dynamic model names and modifiers retain their authored spans.	crates/vize_maestro/src/ide/definition/tests/basics.rs | tests/tooling/lsp-component-v-model-type-backed.test.ts	crates/vize_atelier_sfc/src/compile_script/tests.rs | crates/vize_atelier_sfc/src/script/utils.rs | crates/vize_maestro/src/ide/definition/tests/basics.rs | crates/vize_maestro/src/ide/rename/tests.rs | tests/tooling/lsp-component-v-model-type-backed.test.ts	-
ce8eae99b0981377f73239429d6d65896b59f371	required-response	Component slot definition reaches child defineSlots or Art slot contract with authored slot-name ranges.	tests/tooling/lsp-hover-type-backed.test.ts	tests/tooling/lsp-hover-type-backed.test.ts	-
25fa051ae921c66e020d8e92e93da172981d0052	required-response	Component-tag hover prefers authored component contract/usage anchors over generated checker machinery, preserving backend type provenance and exact hover ranges.	tests/tooling/lsp-hover-type-backed.test.ts	tests/tooling/lsp-hover-type-backed.test.ts	-
8befe402174caab7019c3cc4c17a86571af1a175	required-response	Authored script-setup diagnostics are published even without template reads; generated Vue-import extension artifacts are suppressed; parent diagnostic edits/repairs remain ordered and authored.	crates/vize_maestro/src/ide/diagnostics/corsa/collect_virtual.rs | crates/vize_maestro/src/ide/diagnostics/corsa/collect_virtual_tests.rs | tests/tooling/lsp-authored-script-diagnostics.test.ts | tests/tooling/lsp-typecheck-template.test.ts	crates/vize_maestro/src/ide/diagnostics/corsa/collect_virtual_tests.rs | tests/tooling/lsp-authored-script-diagnostics.test.ts | tests/tooling/lsp-typecheck-template.test.ts	-
36cea242982dcc54da2728ee896df3d06e3c4c48	required-response	Fallthrough-attribute diagnostics anchor on the authored template root, with zero-based UTF-16 positions; linked Canon diagnostics and unchanged regex controls remain distinct.	crates/vize_canon/src/sfc_typecheck/tests.rs | crates/vize_canon/src/sfc_typecheck/tests/fallthrough_ranges.rs | crates/vize_maestro/src/ide/type_service/diagnostics.rs | crates/vize_maestro/src/ide/type_service/diagnostics/diagnostics_tests.rs	crates/vize_canon/src/sfc_typecheck/tests.rs | crates/vize_canon/src/sfc_typecheck/tests/fallthrough_ranges.rs | crates/vize_maestro/src/ide/code_action.rs | crates/vize_maestro/src/ide/diagnostics/tests.rs | crates/vize_maestro/src/ide/type_service/diagnostics/diagnostics_tests.rs	-
370332bd613c94fdba44d2d5687294437fd6a20c	required-response	Historical empty canonical answers fell through to authored structural reference hits; later #6237 restores Some(empty) as authoritative for lexical identity; current checker-disabled or unavailable paths must retain authored structural references, and cross-file controls must prevent sibling leakage.	crates/vize_maestro/src/ide/corsa_support/location_merge.rs	crates/vize_maestro/src/ide/corsa_support/location_merge.rs	{"historical":"Some(empty) canonical references fall through to authored hits","current":"2b0a8604c1d33afa766153b9fcb11292b9ecf95e restores canonical Some(empty) as authoritative; disabled/unavailable checker still uses structural fallback. Retained empty-merge unit tests do not establish production reachability.","supersedingCommit":"2b0a8604c1d33afa766153b9fcb11292b9ecf95e","paths":["crates/vize_maestro/src/ide/references.rs","crates/vize_maestro/src/ide/location_merge.rs"]}
44a0d4a51b5cc78cd96d1ad0c5d2aed259d73082	required-response	Nuxt source aliases resolve before generated tsconfig exists; file-rename aliases use current open importer buffers and preserve barrel spelling.	crates/vize_maestro/src/ide/definition/import_resolver_tests.rs | crates/vize_maestro/src/ide/file_rename/alias_tests.rs	crates/vize_maestro/src/ide/definition/import_resolver_tests.rs | crates/vize_maestro/src/ide/file_rename/alias_tests.rs	-
d92e45b0d4d5959233bf88ec1be6767e9fd61fd0	required-response	Canonical component prop rename changes only matching child/parent identities, preserves public prop casing and unrelated same-name component usages, and maps full authored WorkspaceEdits.	crates/vize_maestro/src/ide/rename/canonical/execute/component_props.rs | crates/vize_maestro/src/ide/rename/corsa_tests.rs | crates/vize_maestro/src/ide/rename/corsa_tests/component_props.rs	crates/vize_maestro/src/ide/rename/canonical/execute/component_props.rs | crates/vize_maestro/src/ide/rename/corsa_tests.rs | crates/vize_maestro/src/ide/rename/corsa_tests/component_props.rs	-
708c64e8ff932ae9d7573b3498f4cfe656691931	required-response	Component prop source caches preserve correct external/authored UTF-16 ranges and project identity while collecting bounded semantic references; expected positions are independently derived from source text.	crates/vize_maestro/src/ide/corsa_support/canonical/semantic_links/component_props.rs | crates/vize_maestro/src/ide/references/corsa_tests/component_props.rs	crates/vize_maestro/src/ide/corsa_support/canonical/semantic_links/component_props.rs | crates/vize_maestro/src/ide/references/corsa_tests/component_props.rs	-
4bd6ca589ee3ee07d58fdbc721f0ebb076fd3aa4	required-response	Component prop reference fanout deduplicates native identities and reads external declaration spans with authored UTF-16 ranges; unrelated invalid prop controls remain isolated.	crates/vize_maestro/src/ide/corsa_support/canonical/semantic_links/component_props.rs | crates/vize_maestro/src/ide/references/corsa_tests/component_props.rs	crates/vize_maestro/src/ide/corsa_support/canonical/semantic_links/component_props.rs | crates/vize_maestro/src/ide/references/corsa_tests/component_props.rs	-
0b3e32318d609bae0e91839d9fff5707ca97acbc	required-response	Component prop references reach parent template usages and reject unrelated components sharing the same prop spelling.	crates/vize_maestro/src/ide/references/corsa_tests/component_props.rs	crates/vize_maestro/src/ide/references/corsa_tests/component_props.rs	-
1bcafef051e03f162ba08d0322f4600d4e2dd231	required-response	A configured project excluded query cannot receive discovered workspace Vue sources; inferred-project fallback is allowed only when no governing config is present.	crates/vize_maestro/src/ide/corsa_support/canonical/project.rs	crates/vize_maestro/src/ide/corsa_support/canonical/project.rs	-
0c52c111e29ab915b9e70101716e8b28824c7059	required-response	Closed-file reference results retain the exact source snapshot used for mapping/style-v-bind refs and prefer open buffers; directory events remove only their matching subtree.	crates/vize_maestro/src/ide/references/corsa_tests/project_surface.rs | crates/vize_maestro/src/server/state/workspace_vue_files.rs	crates/vize_maestro/src/ide/references/corsa_tests/project_surface.rs | crates/vize_maestro/src/server/state/workspace_vue_files.rs	-
972af46d436a800a7e2de0edbf4dc3e2703745dd	required-response	Project-wide references discover closed generated/authored Vue files asynchronously and honor includeDeclaration rather than searching only open buffers.	crates/vize_maestro/src/ide/references/corsa_tests.rs | crates/vize_maestro/src/ide/references/corsa_tests/project_surface.rs	crates/vize_maestro/src/ide/references/corsa_tests.rs | crates/vize_maestro/src/ide/references/corsa_tests/project_surface.rs	-
6579045311b7d4d00d2e8b0e5378466c18091b10	required-response	Deleted imported aliases normalize to no definition, while non-alias definitions remain byte-exact and open unsaved import targets stay navigable.	crates/vize_maestro/src/ide/definition/corsa_tests/template_bindings.rs | crates/vize_maestro/src/ide/definition/service/import_target/alias.rs	crates/vize_maestro/src/ide/definition/corsa_tests/template_bindings.rs | crates/vize_maestro/src/ide/definition/service/import_target/alias.rs	-
2b56b13edcce4c485cbee8f652f9cd538f8afda2	required-response	Reusable Corsa session shares editor project state but invalidates stale disk views on dependency/closed Vue events; native file rename propagates actual errors and transient recovery retries exactly once without fabricating success.	crates/vize_canon/src/lsp_client/editor_lsp/client.rs | crates/vize_canon/src/lsp_client/editor_lsp/file_rename.rs | crates/vize_canon/src/lsp_client/editor_lsp/readiness.rs | crates/vize_canon/src/lsp_client/editor_lsp/retry.rs | crates/vize_canon/src/lsp_client/editor_lsp/tests.rs | crates/vize_canon/tests/lsp_import_resolution/shared_editor_session.rs | 2 additional candidate paths in the source diff	crates/vize_canon/src/lsp_client/editor_lsp/file_rename.rs | crates/vize_canon/src/lsp_client/editor_lsp/readiness.rs | crates/vize_canon/src/lsp_client/editor_lsp/retry.rs | crates/vize_canon/src/lsp_client/editor_lsp/tests.rs | crates/vize_canon/tests/lsp_import_resolution/shared_editor_session.rs | crates/vize_maestro/src/server/workspace_files_tests.rs | 1 additional candidate paths in the source diff	-
0fd57ff91558f72568c34f401edd634de3fceced	required-response	Art loose-context synthetic prefixes are removed while authored mappings and script callable/import aliases remain exact; create/edit/rename/delete of variants rebuilds live cached documents, including Unicode/CRLF cases.	crates/vize_maestro/src/ide/hover/corsa_tests/art_variants.rs | crates/vize_maestro/src/server/handlers/tests/lifecycle.rs | crates/vize_maestro/src/server/state/tests/virtual_docs.rs	crates/vize_maestro/src/ide/hover/corsa_tests/art_variants.rs | crates/vize_maestro/src/server/handlers/tests/lifecycle.rs | crates/vize_maestro/src/server/state/tests/virtual_docs.rs	-
c39a8c4dee32f8c5b2c9cf550e6ccf6c5a120db1	required-response	Generated JSX virtual TS does not emit an unscoped v-slot binding pattern as a value read (avoids fabricated TS2304); slot host forwards through v-if/v-for and structural token/hover walk retains authored pattern ranges.	crates/vize_canon/src/batch/virtual_project/jsx_codegen_tests.rs | crates/vize_canon/tests/jsx_component_props.rs	crates/vize_canon/src/batch/virtual_project/jsx_codegen_tests.rs | crates/vize_canon/tests/jsx_component_props.rs	-
417504f08a779fb6715410ba813d4667af4d15e0	required-response	JSX/TSX editor lowering preserves component tags/props/spreads and scoped slot patterns/body with parity to the batch generator; authored structural expression ranges remain available.	crates/vize_canon/src/batch/virtual_project/jsx_codegen_tests.rs | crates/vize_canon/tests/jsx_component_props.rs | crates/vize_maestro/src/ide/jsx/virtual_ts_tests.rs	crates/vize_canon/src/batch/virtual_project/jsx_codegen_tests.rs | crates/vize_canon/tests/jsx_component_props.rs | crates/vize_maestro/src/ide/jsx/virtual_ts_tests.rs	-
b1cfcd4c1ff8beee810a1e4879a456fbb74df09d	required-response	Every Art variant owns an isolated typed document over the authored script; non-default variant diagnostics refresh and shared script errors deduplicate, preserving CRLF/astral authored mappings and variant identities.	crates/vize_maestro/src/ide/diagnostics/art_variant_typecheck_tests.rs | crates/vize_maestro/src/ide/diagnostics/corsa/art_variant_tests.rs | crates/vize_maestro/src/ide/diagnostics/corsa/tests.rs	crates/vize_maestro/src/ide/diagnostics/art_variant_typecheck_tests.rs | crates/vize_maestro/src/ide/diagnostics/corsa/art_variant_tests.rs | crates/vize_maestro/src/ide/diagnostics/corsa/tests.rs	-
4a6d20cd9f5b59f80b3c9c1d3bafc97fbac72a09	required-response	LSP SFC block-order diagnostic now permits script/template in either order before style and reports the exact revised message/help; recoverable-parser lint/type controls remain active.	crates/vize_maestro/src/ide/diagnostics/tests.rs	crates/vize_maestro/src/ide/diagnostics/tests.rs	-
d6c1ab1fb2c5a7c8b01cc6aa6d46bbf4e071a6f3	control	Corsa wire framing reads exactly one JSON body per Content-Length frame, rejects trailing JSON and accepts adjacent frames; captured signature-help/rename traces retain exact source generations and immutable wrapper identity.	crates/vize_canon/src/lsp_client/diagnostics_lsp.rs | crates/vize_maestro/src/ide/rename/corsa_session_tests.rs | crates/vize_maestro/src/ide/rename/corsa_session_tests/harness/evidence.rs | crates/vize_maestro/src/ide/rename/corsa_session_tests/harness/protocol/executable.rs | crates/vize_maestro/src/ide/signature_help/tests.rs	crates/vize_canon/src/lsp_client/diagnostics_lsp.rs | crates/vize_maestro/src/ide/rename/corsa_session_tests.rs | crates/vize_maestro/src/ide/rename/corsa_session_tests/harness/evidence.rs | crates/vize_maestro/src/ide/rename/corsa_session_tests/harness/protocol/executable.rs | crates/vize_maestro/src/ide/signature_help/tests.rs	-
5a9cf00d8223041f522feed805c2c517ca1c0088	control	Shared editor transport acknowledges stable ordered dirty generations and close barriers before rename/signature-help queries; dependency changes rearm readiness exactly once and concurrent shutdown overlap does not cross session identity.	crates/vize_canon/src/lsp_client/editor_lsp/readiness.rs | crates/vize_maestro/src/ide/rename/canonical/execute.rs | crates/vize_maestro/src/ide/rename/corsa_session_tests.rs | crates/vize_maestro/src/ide/rename/corsa_session_tests/direct_first.rs | crates/vize_maestro/src/ide/signature_help/tests.rs	crates/vize_canon/src/lsp_client/editor_lsp/readiness.rs | crates/vize_maestro/src/ide/rename/canonical/execute.rs | crates/vize_maestro/src/ide/rename/corsa_session_tests.rs | crates/vize_maestro/src/ide/rename/corsa_session_tests/direct_first.rs | crates/vize_maestro/src/ide/signature_help/tests.rs	-
fa66155b296d9011b98c7855a9024dd6abc3f641	required-response	Package identities are importer/condition scoped; exact package shadows map definitions/references/annotated edits to authored files and reject synthetic/deleted paths; paths aliases win; configured dialect and tsconfig paths reach all shared consumers.	crates/vize_canon/src/batch/executor/session/tests.rs | crates/vize_canon/src/batch/executor/tests/incremental_fallback.rs | crates/vize_canon/src/batch/import_rewriter_tests.rs | crates/vize_canon/src/batch/import_rewriter_tests/modes.rs | crates/vize_canon/src/batch/type_checker/tests/incremental.rs | crates/vize_canon/src/batch/type_checker/tests/incremental/config_hmr.rs | 57 additional candidate paths in the source diff	crates/vize_canon/src/batch/executor/session/tests.rs | crates/vize_canon/src/batch/executor/tests/incremental_fallback.rs | crates/vize_canon/src/batch/import_rewriter_tests.rs | crates/vize_canon/src/batch/import_rewriter_tests/modes.rs | crates/vize_canon/src/batch/type_checker/tests/incremental.rs | crates/vize_canon/src/batch/type_checker/tests/incremental/config_hmr.rs | 53 additional candidate paths in the source diff	-
2c0c078b803b517687deadecfc24a5c959d61145	required-response	Concurrent real Corsa rename sessions keep separate immutable wrappers/transports and authored WorkspaceEdits; event/model rename casing/update-prefix semantics survive and strict project-open failures respect fallback boundaries.	crates/vize_maestro/src/ide/rename/canonical/failure.rs | crates/vize_maestro/src/ide/rename/corsa_event_variants_tests.rs | crates/vize_maestro/src/ide/rename/corsa_model_tests.rs | crates/vize_maestro/src/ide/rename/corsa_session_tests.rs | crates/vize_maestro/src/ide/rename/corsa_session_tests/harness/protocol/executable.rs | crates/vize_maestro/src/ide/rename/corsa_tests.rs	crates/vize_maestro/src/ide/rename/canonical/failure.rs | crates/vize_maestro/src/ide/rename/corsa_event_variants_tests.rs | crates/vize_maestro/src/ide/rename/corsa_model_tests.rs | crates/vize_maestro/src/ide/rename/corsa_session_tests.rs | crates/vize_maestro/src/ide/rename/corsa_session_tests/harness/protocol/executable.rs | crates/vize_maestro/src/ide/rename/corsa_tests.rs	-
fb462face5f1d1827b70cd0a0167ce25f661e50a	required-response	Formatter's complete TextEdit preserves authored inline template text boundaries rather than inserting whitespace/newlines that alter runtime semantics; range formatting expectations share that exact output.	crates/vize_maestro/src/server/handlers/tests/formatting.rs	crates/vize_maestro/src/server/handlers/tests/formatting.rs	-
d5e518eab2c5dd541a33e2cbb3bb307004a4c6f3	required-response	Package Vue exports and barrels resolve to authored workspace source; external mirror locations map correctly; manifest same-mtime retarget/create events refresh importer routes and checker diagnostics without opening deleted targets.	crates/vize_canon/src/batch/virtual_project/dependency_scan_tests.rs | crates/vize_canon/src/batch/virtual_project/external_mirror.rs | crates/vize_canon/src/corsa_bridge/vue_dependencies_alias/context/cache.rs | crates/vize_canon/src/corsa_bridge/vue_document_package_tests.rs | crates/vize_canon/src/package_route_tests.rs | crates/vize_canon/src/package_route_tests/lifecycle.rs | 10 additional candidate paths in the source diff	crates/vize_canon/src/batch/virtual_project/dependency_scan_tests.rs | crates/vize_canon/src/batch/virtual_project/external_mirror.rs | crates/vize_canon/src/corsa_bridge/vue_dependencies_alias/context/cache/tests.rs | crates/vize_canon/src/package_route_tests.rs | crates/vize_canon/src/package_route_tests/lifecycle.rs | crates/vize_canon/src/package_route_tests/lifecycle/topology.rs | 12 additional candidate paths in the source diff	-
a2631ed4e6dc09606963744ded94223738ced2e5	control	No-default-features Maestro still builds and supplies JSX structural symbols/style/code-action/token services; checker-only modules/calls are gated without leaking fake checker responses.	crates/vize_canon/src/sfc_diagnostics.rs | crates/vize_maestro/tests/non_native_structural.rs | tests/tooling/maestro-feature-contract.test.ts	crates/vize_canon/src/sfc_diagnostics.rs | crates/vize_maestro/tests/non_native_structural.rs | tests/tooling/maestro-feature-contract.test.ts	-
d3ea28fa51184470bb528453450f78741c20a578	required-response	Member-access detection treats Unicode identifiers as characters, preserving numeric/literal member access while rejecting spreads and numeric fractional dots.	crates/vize_maestro/src/ide/template_expression.rs	crates/vize_maestro/src/ide/template_expression/member_access_tests.rs	-
ac1b99f8c231f52f62d9efb69a3a7f4f038f82aa	required-response	Paths aliases anchor on baseUrl or config directory and preserve barrel/directory spelling during rename; open unsaved importer buffers and JSONC trailing commas/comments remain respected.	crates/vize_maestro/src/ide/file_rename/alias_tests.rs | crates/vize_maestro/src/ide/tsconfig_paths.rs	crates/vize_maestro/src/ide/file_rename/alias_tests.rs | crates/vize_maestro/src/ide/tsconfig_paths.rs	-
dc7f298ee2f6093855b26fad644ec4da1e5920e0	required-response	Definition resolution carries actual exported names through renamed/default/namespace imports and named/star re-export chains, selected by the authored import cursor binding.	crates/vize_maestro/src/ide/definition/service/import_target.rs | crates/vize_maestro/src/ide/definition/service/import_target/tests.rs | tests/tooling/lsp-alias-barrel-definition.test.ts	crates/vize_maestro/src/ide/definition/service/import_target/tests.rs | tests/tooling/lsp-alias-barrel-definition.test.ts	-
831ba3528ee0b8056bca31e32cb9b110938a747c	required-response	Checker member completions exclude Composition API/compiler-macro extras after dot/optional-dot; identifier-position completion retains those extras.	crates/vize_maestro/src/ide/completion/script/tests.rs	crates/vize_maestro/src/ide/completion/script/tests.rs	-
2922f41335b5990aead434832a1f6dc5dc83966d	required-response	Component-tag definition follows paths aliases and export barrels through to the authored source component.	tests/tooling/lsp-alias-barrel-definition.test.ts	tests/tooling/lsp-alias-barrel-definition.test.ts	-
014a2912fa3a631343b28f8fb6dfc739cf6385b2	required-response	Any watched dependency file change refreshes open importers even if it is not a global-component declaration event.	tests/tooling/lsp-watched-refresh.test.ts	no changed-test witness established	-
6a4cf395a53eddd68b2f817f71d4726035ac3789	required-response	File rename rewrites paths-aliased import specifiers and preserves moved subtree-relative imports; shared tsconfig JSONC parsing keeps wildcard path strings and solution references intact.	crates/vize_maestro/src/ide/file_rename/alias_tests.rs | crates/vize_maestro/src/ide/tsconfig_paths.rs	crates/vize_maestro/src/ide/file_rename/alias_tests.rs | crates/vize_maestro/src/ide/tsconfig_paths.rs	-
5674c0937e07f67bf819b3f2b63d999ed9647e97	required-response	Template member access completion uses the checker through canonical mappings, covering dot/optional/non-null chains while spreads and decimal literal lookalikes stay structural.	crates/vize_maestro/src/ide/template_expression.rs	crates/vize_maestro/src/ide/template_expression/member_access_tests.rs	-
5dbb4803fdea6d47c50b3d92aac485eabfc718eb	required-response	Imported component tag hover describes its authored import rather than synthetic constructor machinery; type-only/nonmatching imports keep checker output.	crates/vize_maestro/src/ide/hover/declaration_keyword/tests.rs	crates/vize_maestro/src/ide/hover/declaration_keyword/tests.rs	-
31eecf0427b56b8221290e16ec73022d73633f9b	required-response	v-for alias hover uses const at both alias declarations and uses; an unrelated function parameter with the same name retains its checker answer.	crates/vize_canon/src/virtual_ts/scope/emit.rs | crates/vize_maestro/src/ide/hover/declaration_keyword.rs | crates/vize_maestro/src/ide/hover/declaration_keyword/tests.rs	crates/vize_canon/src/virtual_ts/scope/emit.rs | crates/vize_maestro/src/ide/hover/declaration_keyword/tests.rs	-
791a5a002a9e93ac1fb01b193dc06a6869272f3e	required-response	Hover starts with the backend signature rather than implementation prose and aligns var to the authored const/let declaration while preserving unknown/nonmatching checker text.	crates/vize_maestro/src/ide/hover.rs | crates/vize_maestro/src/ide/hover/declaration_keyword.rs | tests/snapshots/check/vue-benchmarks-lsp-ref-unwrap-oracle.ts	crates/vize_maestro/src/ide/hover.rs | crates/vize_maestro/src/ide/hover/declaration_keyword/tests.rs	-
147c8e355553c5040a1f9a966c2f27c065a616c6	required-response	Structural fallback rename derives edits from semantic references, leaving same-named component prop attribute names and unrelated lexical occurrences untouched.	crates/vize_canon/src/batch/virtual_project/dependency_scan_tests.rs | crates/vize_canon/src/batch/virtual_project/external_mirror.rs | crates/vize_canon/src/batch/virtual_project/tsconfig_gen/vue_alias.rs | crates/vize_maestro/src/ide/rename.rs	crates/vize_atelier_sfc/src/compile_script/tests.rs | crates/vize_atelier_sfc/src/script/utils.rs | crates/vize_canon/src/batch/virtual_project/dependency_scan_tests.rs | crates/vize_canon/src/batch/virtual_project/external_mirror.rs | crates/vize_canon/src/batch/virtual_project/tsconfig_gen/vue_alias.rs | crates/vize_maestro/src/ide/definition/tests/basics.rs | 2 additional candidate paths in the source diff	-
0c12d43752d00d41b63b951c447dd2dc73b75c70	required-response	CodeAction only advertises emitted quickfix kinds and filters request context.only using LSP hierarchical kind semantics; empty/nonmatching controls remain exact.	crates/vize_maestro/src/server/capabilities/code_action_tests.rs | crates/vize_maestro/src/server/code_actions.rs | tests/tooling/lsp-capabilities.test.ts | tests/tooling/lsp-code-action-kinds.test.ts	crates/vize_maestro/src/server/capabilities/code_action_tests.rs | crates/vize_maestro/src/server/code_actions.rs | tests/tooling/lsp-capabilities.test.ts | tests/tooling/lsp-code-action-kinds.test.ts	-
9fceff289e3feaeb92449cebb40c291e6989a71a	required-response	Created/deleted closed on-disk Vue files join/leave workspace-symbol results without opening buffers; capability registration includes Vue events independently of typecheck/fileRename flags.	crates/vize_maestro/src/server/capabilities/file_operation_tests.rs | crates/vize_maestro/src/server/capabilities/tests.rs | crates/vize_maestro/src/server/workspace_files.rs | tests/tooling/lsp-vue-file-lifecycle.test.ts	crates/vize_maestro/src/server/capabilities/file_operation_tests.rs | crates/vize_maestro/src/server/capabilities/tests.rs | crates/vize_maestro/src/server/workspace_files_tests.rs	-
759c3fb51f65803de84e37d0836694cfbb8768fe	control	In-flight workspace-symbol cancellation cooperatively yields and returns RequestCancelled while the same server remains usable for subsequent requests.	tests/tooling/lsp-request-cancellation.test.ts	tests/tooling/lsp-request-cancellation.test.ts	-
7bebef6ef5275652bdf4bcf54474f89f608f1678	required-response	Runtime workspace folder add/remove reconfigures affected documents, checker/config/cache state and diagnostics; unrelated open roots remain unaffected.	crates/vize_maestro/src/server/state/workspace_folders.rs | tests/tooling/lsp-workspace-folder-changes.test.ts	crates/vize_maestro/src/server/state/workspace_folders/tests.rs | tests/tooling/lsp-workspace-folder-changes.test.ts	-
38be3a0c5fa0742e2dad00c6d753f56732ce7780	required-response	Watched declaration changes revalidate open diagnostics with ordered per-document passes; out-of-order didChange versions are rejected and stale publications cannot replace fresh state.	crates/vize_maestro/src/document/store/version_tests.rs | tests/tooling/lsp-watcher-revalidation.test.ts	crates/vize_maestro/src/document/store/version_tests.rs | tests/tooling/lsp-watcher-revalidation.test.ts	-
6dd7aca0cad799892589ae2bc5bfd077bb3fe6b5	control	LSP exit terminates the stdio process even when stdin remains open; transport shutdown/termination cannot depend on EOF.	crates/vize/tests/lsp_cli.rs	crates/vize/tests/lsp_cli.rs	-
4ed90a55eb09ae1a8af7af940056965061c00993	required-response	Document symbol full ranges include multiline authored SFC tags while selection ranges cover correct tag names after BlockLocation switches to content offsets; folding ranges remain stable.	crates/vize_maestro/src/server/handlers/tests/requests/responses.rs | tests/tooling/lsp-document-features.test.ts	crates/vize_maestro/src/server/handlers/tests/requests/responses.rs | tests/tooling/lsp-document-features.test.ts	-
4d04bc3e53acfddf835f2db70e613abe85ce8df4	required-response	On-type formatting pairs LF formatter lines with CRLF-authored lines after removing trailing CR; script/CSS indent edits, already-indented and out-of-range controls retain exact edit-array/null results.	crates/vize_maestro/src/server/format/on_type/tests.rs	crates/vize_maestro/src/server/format/on_type/tests.rs	-
5fda5ef7efbaf3ac62b2daf8bea25936aaba7b8b	required-response	Diagnostic messages restore internal mirror suffixes/collision markers only when synthetic; authored .vue.ts names remain intact and value hints remain ordered.	crates/vize_canon/src/batch/import_rewriter_authored_vue_ts_tests.rs | crates/vize_canon/src/batch/type_checker/tests/package_exports_types.rs | crates/vize_canon/src/batch/virtual_specifier_message.rs | crates/vize_canon/src/corsa_server/diagnostics.rs | crates/vize_maestro/src/ide/diagnostics/corsa/message.rs	crates/vize_canon/src/batch/import_rewriter_authored_vue_ts_tests.rs | crates/vize_canon/src/batch/type_checker/tests/package_exports_types.rs | crates/vize_canon/src/batch/virtual_specifier_message.rs | crates/vize_canon/src/corsa_server/diagnostics.rs | crates/vize_maestro/src/ide/diagnostics/corsa/message.rs	-
21e5bd408bfdf22f0c043f1e0c50d92f4055479a	control	Maestro's direct change adapts a test ComponentUsage initializer to the new spread_props field; actual spread type-check semantics belong to the linked Croquis/Canon provider audit.	crates/vize_canon/src/batch/type_checker/tests/recent_issues.rs | crates/vize_canon/src/batch/type_checker/tests/recent_issues/spread_props.rs | crates/vize_canon/src/virtual_ts/tests.rs | crates/vize_canon/src/virtual_ts/tests/component_spread_prop_order.rs | crates/vize_canon/src/virtual_ts/tests/options_api_props_spread.rs | crates/vize_maestro/src/ide/hover/component_tag/items.rs	crates/vize_canon/src/batch/type_checker/tests/recent_issues.rs | crates/vize_canon/src/batch/type_checker/tests/recent_issues/spread_props.rs | crates/vize_canon/src/virtual_ts/tests.rs | crates/vize_canon/src/virtual_ts/tests/component_spread_prop_order.rs | crates/vize_canon/src/virtual_ts/tests/options_api_props_spread.rs | crates/vize_canon/src/virtual_ts/tests/options_api_this_bridge.rs	-
55a6b949d217080b986acda36a835719907dc09c	required-response	Advertised completion triggers retain exact ordered reference-server list plus single quote and answer useful contexts; bound-value equals offers bindings while static equals does not.	crates/vize_maestro/src/ide/completion/dispatch.rs | crates/vize_maestro/src/ide/completion/template/attribute_value_tests.rs | crates/vize_maestro/src/ide/completion/tests.rs | tests/tooling/lsp-capabilities.test.ts | tests/tooling/lsp-completion-triggers.test.ts	crates/vize_maestro/src/ide/completion/dispatch.rs | crates/vize_maestro/src/ide/completion/template/attribute_value_tests.rs | crates/vize_maestro/src/ide/completion/tests.rs | tests/tooling/lsp-completion-triggers.test.ts	-
89771a14f17fb535201f261ca154aa35c6f77d7e	required-response	Folding emits nested multiline block/element/comment regions in authored order, ending before closing tags; empty/unclosed/unopened controls return no fabricated ranges.	crates/vize_maestro/src/server/document_structure/folding/tests.rs | crates/vize_maestro/src/server/document_structure/tests.rs | tests/tooling/lsp-document-features.test.ts | tests/tooling/lsp-folding-range.test.ts	crates/vize_maestro/src/server/document_structure/folding/tests.rs | crates/vize_maestro/src/server/document_structure/tests.rs | tests/tooling/lsp-document-features.test.ts | tests/tooling/lsp-folding-range.test.ts	-
ddef7d9268425346f5b01b3da5ed592eb544b6dc	required-response	Document highlights and linked editing return only the matching open/close tag pair (self-closing own name), excluding same-named siblings and script-body markup lookalikes; malformed nesting recovers coherently.	crates/vize_maestro/src/ide/document_highlight.rs | crates/vize_maestro/src/ide/document_highlight/tests.rs | crates/vize_maestro/src/ide/tag_pair/tests.rs | tests/tooling/lsp-document-highlight.test.ts	crates/vize_maestro/src/ide/document_highlight/tests.rs | crates/vize_maestro/src/ide/tag_pair/tests.rs | tests/tooling/lsp-document-highlight.test.ts	-
e23b4d234ea053de78718229febc0920c43b163e	control	IDE contexts hold owned Arc virtual-document snapshots across awaits so concurrent virtual-document writes cannot deadlock.	crates/vize_maestro/src/server/state/virtual_docs/tests.rs	crates/vize_maestro/src/server/state/virtual_docs/tests.rs	-
5d13be45398f268e476710dc1c212af4cab0fc2c	control	Actual Corsa bridge requests have a hard timeout at blocking I/O; failures are surfaced as the established unavailable-checker diagnostic rather than hanging the server.	crates/vize_canon/src/corsa_bridge.rs | crates/vize_canon/src/corsa_bridge/worker.rs	crates/vize_canon/src/corsa_bridge.rs | crates/vize_canon/src/corsa_bridge/worker.rs	-
ab43bbd4fd5ffd036e74e32865b76c7d876ebe9c	control	Diagnostic collection takes an owned document snapshot before awaits so concurrent edits cannot deadlock; publication eventually observes the current document version.	crates/vize_maestro/src/document/store/tests.rs | tests/tooling/lsp-concurrent-edit-deadlock.test.ts	crates/vize_maestro/src/document/store/tests.rs | tests/tooling/lsp-concurrent-edit-deadlock.test.ts	-
fc2ac9a4e1622d03ddf9dcc690a689d21d3f05c0	required-response	With typechecking enabled, template/script hover type text comes from the live backend rather than structural guesses; missing backend follows exact failure hint and no native claim is made from fallback inference.	crates/vize_maestro/src/ide/hover.rs | crates/vize_maestro/src/ide/hover/backend.rs | tests/snapshots/check/vue-benchmarks-lsp-ref-unwrap-oracle.ts | tests/tooling/lsp-smoke.test.ts	crates/vize_maestro/src/ide/hover.rs | crates/vize_maestro/src/ide/hover/backend.rs | tests/tooling/lsp-smoke.test.ts	-
1ace1157e7967bbbd5266552c35de76c3524e0c9	control	Scoped editor import-rewriter calls adapt to the new filename-aware API with None; these hunks alone do not prove extensionless Vue resolution. Actual resolution and shared generator path context remain a linked Canon provider obligation.	crates/vize_canon/src/batch/executor/diagnostics/module_resolution.rs | crates/vize_canon/src/batch/import_rewriter_tests.rs | crates/vize_canon/src/batch/import_rewriter_type_tests.rs | crates/vize_canon/src/batch/import_rewriter_virtual.rs | crates/vize_canon/tests/relative_extensionless_vue_imports.rs	crates/vize_canon/src/batch/import_rewriter_tests.rs | crates/vize_canon/src/batch/import_rewriter_type_tests.rs | crates/vize_canon/src/batch/import_rewriter_virtual.rs | crates/vize_canon/tests/relative_extensionless_vue_imports.rs	-
a8f48a1264dcb5636b2b2dfb2b1dbcc3691a2f5a	required-response	References use authored script/style-v-bind ranges and includeDeclaration removes only the actual declaration span, preserving all other occurrences.	crates/vize_maestro/src/ide/references/script.rs | tests/tooling/lsp-definition-navigation.test.ts	crates/vize_maestro/src/ide/references/script.rs | tests/tooling/lsp-definition-navigation.test.ts	-
6430d76e92746646a5b363be1c0209afb1a0a931	required-response	Fallback script diagnostic ranges stay inside authored source; preamble/EOF/empty-document guesses are rejected and last authored line remains addressable.	crates/vize_maestro/src/ide/diagnostics/corsa/script_fallback.rs	no changed-test witness established	-
c47831e0438f8a030f9e1b6d71431cccbb23bbf5	control	Vue version 2/2.7 alone activates legacy slot/filter lowering and options API consistently with CLI; Vue 3 keeps legacy lowering disabled.	crates/vize_maestro/src/server/state/config_tests.rs	crates/vize_maestro/src/server/state/config_tests.rs	-
aec607d66fb51ad50769c0b571b38e186eb832eb	required-response	Prop usage inlay hints appear only in executable expression regions, excluding strings/comments/template-literal text while entering nested interpolation code correctly.	crates/vize_maestro/src/ide/inlay_hint.rs | crates/vize_maestro/src/ide/inlay_hint/binding_hint_tests.rs | crates/vize_maestro/src/ide/inlay_hint/expr_regions.rs | crates/vize_maestro/src/ide/inlay_hint/i18n_hint_tests.rs | crates/vize_maestro/src/ide/inlay_hint/prop_hint_tests.rs	crates/vize_atelier_sfc/src/script/context.rs | crates/vize_maestro/src/ide/inlay_hint/binding_hint_tests.rs | crates/vize_maestro/src/ide/inlay_hint/expr_regions.rs | crates/vize_maestro/src/ide/inlay_hint/i18n_hint_tests.rs | crates/vize_maestro/src/ide/inlay_hint/prop_hint_tests.rs	-
1acad3cafdff185d4a4f3fa5f23166ef3c4840b1	required-response	Corsa diagnostic source maps use the shared exact-expression subspan arithmetic, preserving narrow mapped ranges.	crates/vize_canon/src/batch/source_map.rs | crates/vize_canon/src/virtual_ts/mapping.rs | crates/vize_maestro/src/ide/diagnostics/corsa/mapping.rs	crates/vize_canon/src/batch/source_map.rs | crates/vize_canon/src/virtual_ts/mapping/tests.rs	-
0f835fead61e71a3efb6cdcdbf84b5fa38121cbd	required-response	Hoisted Vue compiler macro arguments referring to setup-local values produce authored SFC compile diagnostics; candidate fast path cannot skip valid required validators.	crates/vize_canon/src/batch/virtual_project/tests.rs | crates/vize_canon/src/batch/virtual_project/tests/macro_scope.rs | crates/vize_maestro/src/ide/diagnostics/tests.rs | crates/vize_maestro/src/ide/diagnostics/tests/macro_scope.rs	crates/vize_canon/src/batch/virtual_project/tests.rs | crates/vize_canon/src/batch/virtual_project/tests/macro_scope.rs | crates/vize_maestro/src/ide/diagnostics/tests.rs | crates/vize_maestro/src/ide/diagnostics/tests/macro_scope.rs	-
242557debdc6f86c01d91b8d0afa68c76e0200eb	required-response	Configured template globals propagate through every SFC/Art/inline-Art/batch path; only TS7044 implicit-any suggestions are suppressed and exact duplicate diagnostics are stably deduplicated.	crates/vize_maestro/src/ide/diagnostics/corsa/collect_virtual.rs | crates/vize_maestro/src/ide/diagnostics/corsa/tests.rs | crates/vize_maestro/src/server/state/config_tests.rs	crates/vize_maestro/src/ide/diagnostics/corsa/collect_virtual_tests.rs | crates/vize_maestro/src/ide/diagnostics/corsa/tests.rs | crates/vize_maestro/src/server/state/config_tests.rs	-
0a47371487f584b71c27eb5d43250367c388ea2a	required-response	Vue-compatible native self-closing notices are omitted from diagnostics; declaration changes refresh every open Vue dependent, including VitePress augmentations.	crates/vize_maestro/src/ide/diagnostics/tests/self_closing_compatibility.rs | crates/vize_maestro/src/server/importers/dependents.rs	crates/vize_maestro/src/ide/diagnostics/tests/self_closing_compatibility.rs	-
1dda271d36a977f1965088fecd841145e6a6d36d	required-response	Workspace ambient declarations including Nuxt generated declarations feed template checker references; dependencies remain excluded from scans.	crates/vize_maestro/src/server/state/global_components.rs	crates/vize_maestro/src/server/state/global_components.rs	-
37d5c18c2af7f0d75e225b77250e0a4e677570e6	control	Excluded-tree events do not restart global-declaration discovery; Nuxt generated declaration events do invalidate it; concurrent cache generations cannot publish stale discovery.	crates/vize_maestro/src/server/state/global_components.rs | crates/vize_maestro/src/server/state/global_components/event_tests.rs	crates/vize_maestro/src/server/state/global_components.rs | crates/vize_maestro/src/server/state/global_components/event_tests.rs	-
a0e0efd776d16ed02c659ee58c3bc41f041ba299	required-response	Global declaration discovery shares cold scans, invalidates on create/change/delete/rename events and advertises/registers declaration events even when fileRename is disabled; diagnostics refresh afterward.	crates/vize_maestro/src/server/capabilities/tests.rs | crates/vize_maestro/src/server/state/global_components.rs | crates/vize_maestro/src/server/workspace_files.rs	crates/vize_maestro/src/server/capabilities/tests.rs | crates/vize_maestro/src/server/capabilities/tests/feature_gating.rs | crates/vize_maestro/src/server/state/global_components.rs | crates/vize_maestro/src/server/state/global_components/event_tests.rs | crates/vize_maestro/src/server/workspace_files_tests.rs	-
22a49aca2fb9331217d59511fbd6cf4f2414cd04	required-response	Project ambient global-component declarations are supplied to every template checker path without scanning dependency trees.	crates/vize_canon/src/virtual_ts/tests/slot_component_bindings.rs | crates/vize_maestro/src/server/state/global_components.rs	crates/vize_canon/src/virtual_ts/tests/slot_component_bindings.rs	-
d7e2bbc44b4ee6f9b34ac2e690f37fb7b00ad4cb	required-response	Authored diagnostic range ends preserve exclusive source end rather than clamping to the preceding character.	crates/vize_maestro/src/ide/diagnostics/corsa/mapping.rs	no changed-test witness established	-
d01f6b1d7384cd296eb3d87ec3750c7db1616c93	required-response	Package export conditions can block empty/unknown targets; wildcard selection prefers longest prefix before aggregate pattern length.	crates/vize_maestro/src/server/importers/package/tests.rs	no changed-test witness established	-
67c4b310ff3c7435cd320e7cd286054801066a73	required-response	Package resolution supports exact directory specifiers and array fallback, rejecting path escape rather than accepting guessed package targets.	crates/vize_maestro/src/server/importers.rs | crates/vize_maestro/src/server/importers/package.rs | crates/vize_maestro/src/server/importers/package/tests.rs	crates/vize_maestro/src/server/importers/tests.rs | crates/vize_maestro/src/server/importers_tests.rs	-
542cfd95c3208478acc4d38f3528f75ff09525bb	required-response	Dependency refresh index resolves package export declaration variants, scopes/subpaths, authoritative exports and runtime declaration sidecars; wildcard targets remain exact.	crates/vize_maestro/src/server/importers.rs | crates/vize_maestro/src/server/importers/package.rs	crates/vize_maestro/src/server/importers/tests.rs | crates/vize_maestro/src/server/importers_tests.rs	-
48ed58698766af52d664c4da876b9a18d3a5b256	required-response	Definition on import/export module specifier resolves package types exports, scoped wildcard declarations and relative declarations while rejecting package escape.	crates/vize_maestro/src/ide/definition/module_specifier_tests.rs	crates/vize_maestro/src/ide/definition/module_specifier_tests.rs	-
22a034cb99ff4ca109cee5286f50f1722e34b68d	required-response	Diagnostic exclusive range ends choose the correct mapping without jumping to an adjacent mapping's start.	crates/vize_maestro/src/ide/diagnostics/corsa/mapping.rs	no changed-test witness established	-
fa98cd8e728c94c923429d56e3b8326bd5f22eac	required-response	Diagnostic mapping prefers exact expression subspans and the narrowest overlapping generated range.	crates/vize_canon/src/virtual_ts/expressions/component_props.rs | crates/vize_canon/src/virtual_ts/expressions/component_props_tests.rs | crates/vize_maestro/src/ide/diagnostics/corsa/mapping.rs	crates/vize_canon/src/virtual_ts/expressions/component_props_tests.rs	-
e19cb37379835985df55be8fc24c160dce4a5f23	required-response	Corsa diagnostic codes preserve number-versus-string LSP representations.	crates/vize_maestro/src/ide/diagnostics/corsa/collect_virtual.rs	crates/vize_maestro/src/ide/diagnostics/corsa/collect_virtual_tests.rs	-
7ce1bed3b99fcff3be32a2e111204020c833dfbb	required-response	Changing a child prop type updates child diagnostics then open importer diagnostics from current overlays; dependency index tracks authored explicit imports/query suffixes and closes remove entries.	crates/vize_canon/src/corsa_bridge/vue_document_tests.rs | crates/vize_maestro/src/server/importers.rs | tests/tooling/lsp-typecheck-template.test.ts	crates/vize_canon/src/corsa_bridge/vue_document_tests.rs | crates/vize_canon/src/corsa_bridge/vue_document_tsx_tests.rs | crates/vize_maestro/src/server/importers/tests.rs | crates/vize_maestro/src/server/importers_tests.rs | tests/tooling/lsp-typecheck-template.test.ts	-
836e2b94ad77242a87bf773ed597a4b3fc1287f0	required-response	Imported/self component metadata uses live open child buffer/version before disk, and disk cache invalidates on actual changes; completion responses reflect unsaved child prop edits.	crates/vize_maestro/src/ide/completion/component_props_tests.rs | crates/vize_maestro/src/ide/completion/template/component_cache.rs | crates/vize_maestro/src/ide/completion/template/component_meta.rs | tests/tooling/lsp-template-completion.test.ts	crates/vize_maestro/src/ide/completion/component_props_tests.rs | crates/vize_maestro/src/ide/completion/template/component_cache.rs | crates/vize_maestro/src/ide/completion/template/component_meta/tests.rs | tests/tooling/lsp-template-completion.test.ts	-
8fcd66625a7ecc5e3b13ff548a476853d03b8b44	required-response	Runtime dynamic key/ref prop names are shown in hover instead of being filtered as static reserved key/ref props.	crates/vize_maestro/src/ide/hover/component_tag/items.rs	no changed-test witness established	-
ce3a4f7a9d4718fc8ebbbfbfee00a3cf0e4ff1da	required-response	Dynamic directive names remain runtime expressions in prop/event/slot hover and suppress speculative missing-required-prop diagnostics; static names retain literal treatment.	crates/vize_canon/src/virtual_ts/dynamic_component_names_tests.rs | crates/vize_maestro/src/ide/diagnostics/component_props_tests.rs | crates/vize_maestro/src/ide/hover/component_tag/items.rs	crates/vize_canon/src/virtual_ts/dynamic_component_names_tests.rs | crates/vize_maestro/src/ide/diagnostics/component_props_tests.rs	-
a8caf919aef4dc2a52f9735d146c2fd018a45636	required-response	Virtual TS exports semantic authored script bindings used by templates, including destructuring patterns; allocator/owned generators match and non-setup compatibility remains empty.	crates/vize_maestro/src/virtual_code/generator/tests_semantic_bindings.rs | crates/vize_maestro/src/virtual_code/script_code.rs	crates/vize_atelier_sfc/src/compile_script/tests.rs | crates/vize_atelier_sfc/src/script/utils.rs | crates/vize_maestro/src/ide/definition/tests/basics.rs | crates/vize_maestro/src/ide/rename/tests.rs | crates/vize_maestro/src/virtual_code/generator/tests_semantic_bindings.rs | crates/vize_maestro/src/virtual_code/script_code.rs	-
30c1fa0049a3bf4522b741ec836bcffe359bfb1f	required-response	Component prop/event completions replace only typed prefixes and carry correct label detail/textEdit; required-prop diagnostics skip spread-attribute uncertainty; hover includes exact declared/usage information.	crates/vize_maestro/src/ide/completion/component_props_tests.rs | crates/vize_maestro/src/ide/completion/template_event_tests.rs | crates/vize_maestro/src/ide/diagnostics/component_props_tests.rs | crates/vize_maestro/src/ide/hover/component_prop.rs	crates/vize_maestro/src/ide/completion/component_props_tests.rs | crates/vize_maestro/src/ide/completion/template_event_tests.rs | crates/vize_maestro/src/ide/diagnostics/component_props_tests.rs | crates/vize_maestro/src/ide/hover/component_prop.rs	-
df512303bbea4ee354dea25179b54ddf145e85b0	required-response	File rename rewrites SFC block src/CSS imports and relative resources when either target or importer moves; merged WorkspaceEdits preserve resource operation/edit container ordering and open-document URI state.	crates/vize_maestro/src/ide/file_rename.rs | crates/vize_maestro/src/ide/file_rename/manual.rs | crates/vize_maestro/src/ide/file_rename/manual_tests.rs | crates/vize_maestro/src/ide/file_rename/merge_tests.rs | crates/vize_maestro/src/ide/file_rename/resources.rs | tests/tooling/lsp-file-rename-workspace.test.ts	crates/vize_maestro/src/ide/file_rename/manual_tests.rs | crates/vize_maestro/src/ide/file_rename/merge_tests.rs | crates/vize_maestro/src/ide/file_rename/resources.rs | tests/tooling/lsp-file-rename-workspace.test.ts	-
d960802d31919aa9e7f2394fbd97621868d06a6e	required-response	Bound/native attributes are detected at identifier-end and multiline/quoted-greater-than boundaries; complete capability feature flags/editor=false and native checker dispatch do not leak disabled providers.	crates/vize_maestro/src/ide/definition/html_tests.rs | crates/vize_maestro/src/ide/hover/html.rs | tests/tooling/editor-lsp-adapters.test.ts | tests/tooling/lsp-capabilities.test.ts | tests/tooling/lsp-editor-production-gates.test.ts	crates/vize_maestro/src/ide/definition/html_tests.rs | crates/vize_maestro/src/ide/hover/html.rs | tests/tooling/editor-lsp-adapters.test.ts | tests/tooling/lsp-capabilities.test.ts | tests/tooling/lsp-editor-production-gates.test.ts	-
23ab8ad05731d7100207337730e75d2bf6a09dd0	required-response	Native attribute/event-shorthand completion, directive hover and multiline-expression binding detection follow actual template contexts; duplicate binding completions and standalone scope leakage remain guarded.	crates/vize_maestro/src/ide/completion/dedup_tests.rs | crates/vize_maestro/src/ide/completion/template/native_tests.rs | crates/vize_maestro/src/ide/completion/tests.rs | tests/tooling/editor-lsp-adapters.test.ts | tests/tooling/lsp-authoring-core.test.ts | tests/tooling/lsp-smoke.test.ts | 1 additional candidate paths in the source diff	crates/vize_maestro/src/ide/completion/dedup_tests.rs | crates/vize_maestro/src/ide/completion/template/native_tests.rs | crates/vize_maestro/src/ide/completion/tests.rs | tests/tooling/editor-lsp-adapters.test.ts | tests/tooling/lsp-authoring-core.test.ts | tests/tooling/lsp-smoke.test.ts | 1 additional candidate paths in the source diff	-
7f35ef57ab36768ffcd96354f8ca155192aec50b	required-response	Document links include relative module-script imports and block src attributes with complete authored ranges and resolved targets.	tests/tooling/lsp-document-link.test.ts	tests/tooling/lsp-document-link.test.ts	-
c7c3152089c63babc9451b9572fdba39697fa4b7	required-response	Composable auto-import indexing and quick-fix specifier stripping recognize all module script extensions, preserving named exports rather than only ts/js.	crates/vize_maestro/src/ide/auto_import.rs	crates/vize_maestro/src/ide/auto_import.rs	-
7723e2100189333f5aedcb7461462540b031556f	required-response	Renaming a directory containing a module declaration index preserves directory import specifiers instead of spelling an index file.	crates/vize_maestro/src/ide/file_rename/declaration_index_tests.rs	crates/vize_maestro/src/ide/file_rename/declaration_index_tests.rs	-
9cbec2ba41b4aa5dae7a7ce020f6cd8a0874543a	required-response	Route parameter/completion inference and Void route paths recognize module script extensions mts/cts/mjs/cjs in addition to prior extensions.	crates/vize_maestro/src/ide/ecosystem/router_extension_tests.rs | crates/vize_maestro/src/ide/ecosystem/void.rs | crates/vize_maestro/src/server/capabilities.rs	crates/vize_maestro/src/ide/ecosystem/router_extension_tests.rs | crates/vize_maestro/src/ide/ecosystem/void.rs | crates/vize_maestro/src/server/capabilities/tests.rs	-
6ae3d84c5e861e145298ab3885ff24400c7054d0	required-response	Declaration rename covers d.mts/d.cts in both capability registration and extensionless import edit spelling.	crates/vize_maestro/tests/file_rename_declarations.rs	crates/vize_maestro/tests/file_rename_declarations.rs	-
9fa08e49a5e1b11f9936c6d0965554aa1e6b1a22	required-response	File-rename registration includes d.ts; extensionless declaration imports are rewritten to the renamed declaration without introducing declaration suffixes.	crates/vize_maestro/src/server/capabilities.rs | crates/vize_maestro/tests/file_rename_declarations.rs	crates/vize_maestro/src/server/capabilities/tests.rs | crates/vize_maestro/tests/file_rename_declarations.rs	-
137486e7c9b5e3aaf5d519e3cffdf95142e0f97c	required-response	Input image/legacy attributes include align/usemap/webkitdirectory with correct reflected metadata.	crates/vize_maestro/src/ide/corsa_support/html_attribute_tests.rs	crates/vize_maestro/src/ide/corsa_support/html_attribute_tests.rs	-
9df4084d411184201584d90d4fe090a42c4103b8	required-response	Object legacy attributes map codebase/codetype and related names to correct DOM properties.	crates/vize_maestro/src/ide/corsa_support/html_attribute_tests.rs	crates/vize_maestro/src/ide/corsa_support/html_attribute_tests.rs	-
b82ac6f12f5932a282e451c7973e688b9a338dcd	required-response	Table legacy attributes map bgcolor/char/charoff and related spellings to correct DOM property names.	crates/vize_maestro/src/ide/corsa_support/html_attribute_tests.rs	crates/vize_maestro/src/ide/corsa_support/html_attribute_tests.rs	-
26df7458e3c5686c7e4c19f4e51f3fa1bc542a3f	required-response	Image legacy align/border/hspace/longdesc/lowsrc/name/vspace metadata reflects real DOM properties.	crates/vize_maestro/src/ide/corsa_support/html_attribute_tests.rs	crates/vize_maestro/src/ide/corsa_support/html_attribute_tests.rs	-
cc7fd4abd4a3e95dfaa0a9b4ff4ae0119aa9af7f	required-response	Iframe legacy attributes frameBorder/longDesc/marginHeight/marginWidth and related names resolve to actual reflected DOM properties.	crates/vize_maestro/src/ide/corsa_support/html_attribute_tests.rs	crates/vize_maestro/src/ide/corsa_support/html_attribute_tests.rs	-
5df08cd59b320f1dbd8d56f8dda599648b3a48bc	required-response	Link/resource attributes include imageSizes/imageSrcset and retain valid tag-specific DOM properties.	crates/vize_maestro/src/ide/corsa_support/html_attribute_tests.rs	crates/vize_maestro/src/ide/corsa_support/html_attribute_tests.rs	-
617f04d3432bcdedc8ddaa2d35edf9edc6bea56a	required-response	Anchor/area legacy image-map attributes receive correct reflected DOM property/reference metadata.	crates/vize_maestro/src/ide/corsa_support/html_attribute_tests.rs	crates/vize_maestro/src/ide/corsa_support/html_attribute_tests.rs	-
8f9f80d7a329c7d9e46c5dc0606efda357cc285f	required-response	Global native attributes use the correct Element/HTMLElement documentation reference rather than a tag-specific invalid URL.	crates/vize_maestro/src/ide/corsa_support/html_attribute_tests.rs	crates/vize_maestro/src/ide/corsa_support/html_attribute_tests.rs	-
0059ffb8da838f66e6376968745ae9d38eccd918	required-response	MathML known tags use MathMLElementTagNameMap and unmapped tags use the defined MathML fallback, retaining exact reference URLs/type expressions.	crates/vize_maestro/src/ide/corsa_support/html_attribute_tests.rs | crates/vize_maestro/src/ide/corsa_support/html_tag.rs	crates/vize_maestro/src/ide/corsa_support/html_attribute_tests.rs | crates/vize_maestro/src/ide/corsa_support/html_tag.rs	-
7befb93640c8d6089ec6aae67aff7ecd5b4e1ee4	required-response	SVG tags absent from SVGElementTagNameMap do not fabricate type references or native-tag metadata.	crates/vize_maestro/src/ide/corsa_support/html_attribute_tests.rs | crates/vize_maestro/src/ide/corsa_support/html_tag.rs	crates/vize_maestro/src/ide/corsa_support/html_attribute_tests.rs | crates/vize_maestro/src/ide/corsa_support/html_tag.rs	-
7d3ba9902cbd62c5133f18ba9b4f26d7a71b5764	required-response	HTML tags absent from HTMLElementTagNameMap do not fabricate type references or native-tag metadata.	crates/vize_maestro/src/ide/corsa_support/html_attribute_tests.rs | crates/vize_maestro/src/ide/corsa_support/html_tag.rs	crates/vize_maestro/src/ide/corsa_support/html_attribute_tests.rs | crates/vize_maestro/src/ide/corsa_support/html_tag.rs	-
00508c5b8b46387d7ce637768e7a6c48383d824c	required-response	HTML attribute references map dirname/fetchpriority and area properties to the actual DOM property spelling.	crates/vize_maestro/src/ide/corsa_support/html_attribute_tests.rs	crates/vize_maestro/src/ide/corsa_support/html_attribute_tests.rs	-
f93dd305bbe26e4192a6a74184b634fbceceb60c	required-response	Global native attribute metadata excludes attributes without valid DOM reflection and maps accesskey to accessKey; SVG global properties remain separate.	crates/vize_maestro/src/ide/corsa_support/html_attribute_tests.rs	crates/vize_maestro/src/ide/corsa_support/html_attribute_tests.rs	-
2ef58bb59aebd84bd69da6c32ded77a790ba76c2	required-response	SVG attribute mapping excludes href entries lacking reflected DOM properties rather than emitting invalid TypeScript DOM references.	crates/vize_maestro/src/ide/corsa_support/html_attribute_tests.rs	crates/vize_maestro/src/ide/corsa_support/html_attribute_tests.rs	-
e6ae950c1e7c595db5ff43960cab6b3f9a71a207	required-response	Slot completion metadata comes from actual template slot AST, excluding comments/attribute lookalikes; SVG reflected names remain case-correct; spread attrs make missing-required-prop hover explicitly uncertain.	crates/vize_maestro/src/ide/completion/template/component_meta.rs | crates/vize_maestro/src/ide/completion/template/slot_outlets.rs | crates/vize_maestro/src/ide/corsa_support/html_attribute_tests.rs | crates/vize_maestro/src/ide/hover/component_tag.rs	crates/vize_maestro/src/ide/completion/template/component_meta/tests.rs | crates/vize_maestro/src/ide/completion/template/slot_outlets.rs | crates/vize_maestro/src/ide/corsa_support/html_attribute_tests.rs	-
7794b09d8ec9c73103b469d66778150be0385ec5	required-response	Native HTML/SVG/MathML tag and attribute definition/hover resolve DOM/MDN references, while unknown/custom-element attributes are rejected and bound-name cursor boundaries remain accepted.	crates/vize_maestro/src/ide/corsa_support/html_attribute_tests.rs | crates/vize_maestro/src/ide/definition/html_tests.rs | crates/vize_maestro/src/ide/hover/html.rs	crates/vize_maestro/src/ide/corsa_support/html_attribute_tests.rs | crates/vize_maestro/src/ide/definition/html_tests.rs | crates/vize_maestro/src/ide/hover/html.rs	-
230d5908ee89bbc85fcd127e89c404f41d2c0229	required-response	Imported component prop hover uses Croquis-derived declared type/requirement/default metadata, including authored camel/kebab name conversion.	crates/vize_maestro/src/ide/hover/component_prop.rs	crates/vize_maestro/src/ide/hover/component_prop.rs	-
6e920da1b4330ba92070099cf687d6cc76aae128	required-response	Known native HTML/SVG elements receive actual DOM hover/reference metadata; Vue builtins and custom elements are rejected as native DOM tags.	crates/vize_maestro/src/ide.rs | crates/vize_maestro/src/ide/corsa_support/html_tag.rs | crates/vize_maestro/src/ide/hover/html.rs	crates/vize_croquis/src/drawer/helpers/keywords.rs | crates/vize_maestro/src/ide/corsa_support/html_tag.rs | crates/vize_maestro/src/ide/hover/html.rs | crates/vize_maestro/src/ide/tests.rs | crates/vize_patina/src/rules/opinionated/vue/require_component_registration/tests.rs	-
b34acb9e2a3a27ea3b4981c41ed64c42367447c2	required-response	Art target components and loose-context bindings retain typed authored navigation; bare/inline event and script usage coordinates stay mapped to original source.	crates/vize_maestro/src/ide/corsa_support/canonical_tests.rs | crates/vize_maestro/src/ide/diagnostics/corsa/tests.rs | crates/vize_maestro/src/ide/diagnostics/editor_typecheck_tests.rs	crates/vize_maestro/src/ide/corsa_support/canonical_tests.rs | crates/vize_maestro/src/ide/diagnostics/corsa/tests.rs | crates/vize_maestro/src/ide/diagnostics/editor_typecheck_tests.rs	-
94b2fd146953918c3abe0d3b383fdccfd6e2d162	control	Maestro changes adjust fake Vue packages/typechecker fixture construction; source-coverage reliability supplies no new complete public response proof.	no changed-test witness established	no changed-test witness established	-
14350553e9a06e1a29a7c487eef1a18c5f4b27d2	control	Maestro change extends its Vue test shim with ComponentPublicInstance properties to match batch synchronization; Corsa synchronization production behavior lies in the linked Canon change.	no changed-test witness established	no changed-test witness established	-
8e424b91ac3fa4a8832907836ce4c3db2f20563c	required-response	Internal .vue.ts/.vue.tsx suffixes are restored in diagnostic text without losing value hints or authored Vue imports; encoded overlay URIs preserve real paths.	crates/vize_canon/src/corsa_bridge/vue_document.rs | crates/vize_canon/src/lsp_client/session.rs | crates/vize_canon/src/lsp_client/tests.rs | crates/vize_maestro/src/ide/diagnostics/corsa/message.rs | crates/vize_maestro/src/ide/diagnostics/corsa/relative_import_tests.rs	crates/vize_canon/src/corsa_bridge/vue_document_tests.rs | crates/vize_canon/src/lsp_client/session/tests.rs | crates/vize_canon/src/lsp_client/tests.rs | crates/vize_maestro/src/ide/diagnostics/corsa/message.rs | crates/vize_maestro/src/ide/diagnostics/corsa/relative_import_tests.rs	-
2707fc4adf00abc713f8f466e5e8405545113e33	control	Vue import source-coverage fixture shim adds public-instance declarations needed by the shared generated helper; no Maestro production change is present.	no changed-test witness established	no changed-test witness established	-
1d21728c43103aff81708279db4a9be6553eb248	required-response	Imported component prop completions survive checker merging; prop hover/definition navigate authored child declarations and external/mirror ranges are converted exactly.	crates/vize_canon/src/lsp_client/session.rs | crates/vize_canon/src/lsp_client/virtual_overlay.rs | crates/vize_canon/src/virtual_ts/tests.rs | crates/vize_canon/src/virtual_ts/tests/component_navigation.rs | crates/vize_maestro/src/ide/completion/component_props_tests.rs | crates/vize_maestro/src/ide/definition.rs | 3 additional candidate paths in the source diff	crates/vize_canon/src/lsp_client/session/tests.rs | crates/vize_canon/src/lsp_client/virtual_overlay.rs | crates/vize_canon/src/virtual_ts/tests.rs | crates/vize_canon/src/virtual_ts/tests/component_navigation.rs | crates/vize_maestro/src/ide/completion/component_props_tests.rs | crates/vize_maestro/src/ide/definition/corsa_tests/component_props.rs | 3 additional candidate paths in the source diff	-
6800ef0c897408ebd089859f86acd4a0d2db8d8f	required-response	Canonical mirror navigation maps to real authored Vue files; component prop attribute definitions and hovers use child metadata while Self/art/boundary controls retain behavior.	crates/vize_canon/src/lsp_client/session.rs | crates/vize_canon/src/virtual_ts/tests.rs | crates/vize_maestro/src/ide/definition.rs | crates/vize_maestro/src/ide/hover.rs	crates/vize_canon/src/lsp_client/session/tests.rs | crates/vize_canon/src/lsp_client/virtual_overlay.rs | crates/vize_canon/src/virtual_ts/tests.rs | crates/vize_maestro/src/ide/definition/tests/template.rs | crates/vize_maestro/src/ide/hover.rs	-
fb94e1744877e0a7cd6ca2cfcd9e6ec72c55d3ea	required-response	Diagnostics, Art/inline-Art and canonical IDE consumers synchronize through one Corsa Vue virtual-project API, retaining target binding and relative import semantics.	crates/vize_canon/src/corsa_bridge/vue_document.rs | crates/vize_canon/src/corsa_server.rs | crates/vize_maestro/src/ide/diagnostics/corsa/tests.rs	crates/vize_canon/src/corsa_bridge/vue_document_tests.rs | crates/vize_canon/src/corsa_server.rs | crates/vize_canon/src/corsa_server/sfc_semantics.rs | crates/vize_maestro/src/ide/diagnostics/corsa/tests.rs	-
a21653a671c18ceb2d135aef46db641f53c33c4f	required-response	Hover/definition/editor queries share Canon's canonical virtual TS coordinates, including Vue import rewrites and HTML lib.dom requests; authored template/script coordinate mapping survives.	crates/vize_maestro/src/ide/corsa_support/canonical_tests.rs | crates/vize_maestro/src/ide/corsa_support/html_tag.rs | crates/vize_maestro/src/ide/diagnostics/editor_typecheck_tests.rs	crates/vize_maestro/src/ide/corsa_support/canonical_tests.rs | crates/vize_maestro/src/ide/corsa_support/html_tag.rs | crates/vize_maestro/src/ide/diagnostics/editor_typecheck_tests.rs	-
86c6ee85652ba861c08d3027234a5c471a68f52f	control	Legacy Vue 2 LSP configuration reaches effective options-api/legacy flags; disabled language-server config suppresses the feature payload.	crates/vize_maestro/src/server/state/config_tests.rs	crates/vize_maestro/src/server/state/config_tests.rs	-
d25a270fe1d8e8ce8d15b345d6874caa63079374	control	LSP formatter explicitly retains skip_script_stabilization=false; CLI fmt --check optimization must not silently alter editor formatting behavior.	no changed-test witness established	no changed-test witness established	-
41084ab94e2a6d747d0418427bdd269b851b3016	required-response	Template-less SFCs still generate editor virtual TS so their imports and exported component surfaces resolve.	crates/vize_maestro/src/ide/diagnostics/editor_typecheck_tests.rs	crates/vize_maestro/src/ide/diagnostics/editor_typecheck_tests.rs	-
0ab76785e1d310d32183cf963af51dff07556b59	required-response	Relative TS dependency overlays preserve imported callback/computed types; synchronous collection avoids legacy heuristic type false positives, with type diagnostics supplied by actual async Corsa.	crates/vize_canon/src/lsp_client/session.rs | crates/vize_maestro/src/ide/diagnostics/editor_typecheck_tests.rs | crates/vize_maestro/src/ide/diagnostics/tests.rs	crates/vize_canon/src/lsp_client/session/tests.rs | crates/vize_maestro/src/ide/diagnostics/editor_typecheck_tests.rs | crates/vize_maestro/src/ide/diagnostics/tests.rs	-
59134d67b93e3624c71bbc4e2d8600f54a8d7653	required-response	Editor virtual TS delegates to the shared Canon generator, preserving authored relative import bases, defineArt target binding and computed map-value types.	crates/vize_canon/tests/lsp_import_resolution.rs | crates/vize_maestro/src/ide/diagnostics/corsa/tests.rs	crates/vize_maestro/src/ide/diagnostics/corsa/tests.rs	-
beeb9d20faa6f952a8137b60f531cc37088deccd	required-response	Recoverable template errors have warning severity and retain dependent lint/type diagnostics; blocking errors still short-circuit; lint-only mode retains its exact filtered contract.	crates/vize_canon/src/sfc_typecheck/tests.rs | crates/vize_canon/src/virtual_ts/tests.rs | crates/vize_maestro/src/ide/diagnostics/tests.rs	crates/vize_canon/src/sfc_typecheck/tests.rs | crates/vize_canon/src/virtual_ts/tests.rs | crates/vize_croquis_cf/src/diagnostics/diagnostics_tests/codes.rs | crates/vize_maestro/src/ide/diagnostics/tests.rs	-
5b66e8861d773eda8bccd9b6683574ac731927bf	required-response	Standalone HTML document formatting returns None and cannot be passed to the SFC formatter; Vue SFC formatting still returns its complete edit.	crates/vize_maestro/src/server/handlers.rs	crates/vize_maestro/src/server/handlers/tests/formatting.rs	-
8252898b62bff2877e7e09dcfb2d98b223c19f9d	required-response	Editor template analysis uses Canon's shared generator and inherited/imported component prop resolution; old local SFC/Croquis construction is removed.	crates/vize_canon/src/sfc_typecheck/tests.rs	crates/vize_canon/src/sfc_typecheck/tests_heritage_props.rs	-
ede02546da36ed08f1f4dc23bfc168e3e5923581	control	Maestro test inputs were rewritten from self-closing native non-void elements to paired tags for stricter HTML parsing; this is a parser compatibility control, not new Maestro production logic.	crates/vize_canon/src/batch/type_checker/tests.rs | crates/vize_canon/src/batch/virtual_project.rs | crates/vize_canon/src/sfc_typecheck.rs | crates/vize_canon/src/tests.rs | crates/vize_maestro/src/ide/definition.rs | crates/vize_maestro/src/ide/diagnostics.rs | 1 additional candidate paths in the source diff	crates/vize_canon/src/batch/type_checker/tests.rs | crates/vize_canon/src/batch/virtual_project/tests.rs | crates/vize_canon/src/sfc_typecheck/tests.rs | crates/vize_canon/src/sfc_typecheck/tests/with_defaults.rs | crates/vize_canon/src/tests.rs | crates/vize_maestro/src/ide/definition/tests/template.rs | 2 additional candidate paths in the source diff	-
81b0c40c87bf5a1cf39258ffeec2a0baae6a81cf	required-response	Template parser diagnostics use whole-SFC authored offsets and UTF-16 columns rather than block-relative scalar columns.	crates/vize_canon/src/batch/executor/diagnostics.rs	no changed-test witness established	-
d18ac76edca776c02b104127262e0689678f58ec	control	Cursor offsets mid-codepoint and non-ASCII text before a template identifier cannot panic definition/cursor-context handling; valid authored identifiers remain navigable.	crates/vize_maestro/src/ide/definition.rs	crates/vize_maestro/src/ide/definition/tests/contexts.rs	-
9fbc52cccfc64f1593b39208d069974a54b15a9d	control	Corsa initialization failure retains a human-readable reason rather than only a boolean; no speculative successful initialization is accepted.	crates/vize_canon/src/batch/executor/diagnostics.rs | crates/vize_canon/src/batch/type_checker/tests.rs | crates/vize_maestro/src/server/state.rs	crates/vize_canon/src/batch/executor/diagnostics/tests.rs | crates/vize_canon/src/batch/type_checker/tests.rs | crates/vize_maestro/src/server/state/tests.rs	-
1197c785f5172c325be4b907f8af09da38356475	required-response	Relative .vue imports resolve through editor virtual mirrors; import rewrites preserve mappings back to original generated/authored coordinates.	crates/vize_canon/src/batch/import_rewriter.rs | crates/vize_maestro/src/ide/diagnostics/corsa.rs	crates/vize_canon/src/batch/import_rewriter_tests.rs | crates/vize_maestro/src/ide/diagnostics/corsa/tests.rs	-
c98737e604ab534de8f99bf319ce14450af00965	required-response	Member completion receiver extraction preserves chained dotted/indexed receivers in agreement with CursorContext; unsupported inference cases fail closed.	crates/vize_maestro/src/ide/completion/script.rs	crates/vize_maestro/src/ide/completion/script/tests.rs	-
7b821f8d0c46c56ab48d0a954def515a9219838e	required-response	A props-destructure default-type mismatch diagnostic points at the offending default-value span rather than script start.	crates/vize_maestro/src/ide/diagnostics.rs	crates/vize_maestro/src/ide/diagnostics/tests.rs	-
6951435b8399486326e749fecb305d32bfa48acb	required-response	Ref/computed setup bindings appear once in both script and template completion arrays.	crates/vize_maestro/src/ide/completion.rs	crates/vize_maestro/src/ide/completion/tests.rs	-
15b97c411d0b28062c921c9d7bb061fd16a77695	required-response	An SFC compile validation error suppresses subsequent Corsa diagnostics just as blocking parser errors do.	no changed-test witness established	no changed-test witness established	-
d3c8f650b4f2fe5a2fc9e40cef79f682e503c52b	required-response	Synchronous non-ref member-access completion returns empty instead of unrelated setup bindings; decimal literal and inferable ref controls remain distinct.	crates/vize_maestro/src/ide/completion.rs	crates/vize_maestro/src/ide/completion/tests.rs	-
e957538964a4b570e2cdef3a2370c75e41bd28e5	required-response	Vue-specific script-setup compile validation failures appear as vize/sfc-compile diagnostics at authored locations; valid default-value controls do not report them.	crates/vize_canon/src/batch/virtual_project.rs | crates/vize_maestro/src/ide/diagnostics.rs	crates/vize_canon/src/batch/virtual_project/tests.rs | crates/vize_maestro/src/ide/diagnostics/tests.rs	-
ff74a83c379e22e55a8c5dba24a1e20c40722e56	control	workspace/didChangeConfiguration is accepted without mutating configuration because the editor restarts the server; matching-runtime resolution in editor packaging needs its separate product audit.	no changed-test witness established	no changed-test witness established	-
84ad16ca4d099ecd589934d7bd7916d5d9ffad53	required-response	Unknown reactive checker types receive the established ref/computed fallback in completion/hover; multiline arrow expressions remain executable; actual project-local runtime/cache selection and overlay roots remain distinct host controls.	crates/vize_canon/src/lsp_client/tests.rs | crates/vize_maestro/src/ide/completion.rs | crates/vize_maestro/src/virtual_code/template_code.rs | tests/tooling/lsp-smoke.test.ts	crates/vize_canon/src/lsp_client/tests.rs | crates/vize_carton/src/corsa_resolver/tests.rs | crates/vize_maestro/src/ide/completion/tests.rs | tests/tooling/lsp-smoke.test.ts	-
2e884f7b2df816c675f1473bba681b4429a4f458	required-response	Default non-opinionated capabilities are enabled while explicit languageServer=false disables them; ref member completion and computed hover work structurally; authored template-used bindings/default imports are exported and event-arrow code is not prefixed as a member.	crates/vize_canon/src/batch/virtual_project.rs | crates/vize_maestro/src/ide/completion.rs | crates/vize_maestro/src/ide/hover.rs | crates/vize_maestro/src/server/capabilities.rs | crates/vize_maestro/src/server/state.rs | crates/vize_maestro/src/virtual_code/generator.rs | 1 additional candidate paths in the source diff	crates/vize_canon/src/batch/virtual_project/tests.rs | crates/vize_maestro/src/ide/completion/tests.rs | crates/vize_maestro/src/ide/hover.rs | crates/vize_maestro/src/server/capabilities/tests.rs | crates/vize_maestro/src/server/state/config.rs | crates/vize_maestro/src/server/state/tests.rs | 2 additional candidate paths in the source diff	-
da92410ed425fa7c0bcd156a3fdd2d984086650e	control	Both Corsa initialization paths use the shared runtime_path selection rather than only the old tsgo_path alias.	crates/vize_maestro/src/server/state.rs | crates/vize_patina/src/linter/corsa_session/paths.rs	crates/vize_carton/src/corsa_resolver/tests.rs | crates/vize_maestro/src/server/state/tests.rs | crates/vize_patina/src/linter/corsa_session/paths.rs	-
1c06f394e375fba398a19140529372b817ffe689	control	Configured Corsa path reaches both editor bridge and batch checker construction; invalid JSON retains prior/default configuration.	crates/vize_canon/src/batch/error.rs | crates/vize_maestro/src/server/state.rs | crates/vize_patina/src/linter/corsa_session/paths.rs | crates/vize_patina/src/linter/corsa_session/session.rs	crates/vize_canon/src/batch/error.rs | crates/vize_carton/src/corsa_resolver/tests.rs | crates/vize_maestro/src/server/state/tests.rs | crates/vize_patina/src/linter/corsa_session/paths.rs | crates/vize_patina/src/linter/corsa_session/session/tests.rs	-
aba27dd9e8c1bbcc6db1cb96b2785ab7cc659609	required-response	Whole-document formatting edit ends at actual authored EOF, including trailing-newline and UTF-16 cases; historical range-formatting-absent capability literal is superseded by the later range handler.	crates/vize_maestro/src/server/capabilities.rs | crates/vize_maestro/src/server/format.rs	crates/vize_maestro/src/server/capabilities/tests.rs | crates/vize_maestro/src/server/format.rs	{"historical":"documentRangeFormatting absent","current":"Range formatter implementation and enabled capability supersede absence literal; EOF/UTF16 formatting requirements remain.","paths":["crates/vize_maestro/src/server/capabilities.rs","crates/vize_maestro/src/server/format/range.rs"]}
051048725ec8ed52ae0e0518738e6365d5e5c3e5	required-response	Semantic token walks include dynamic shorthand arguments and unquoted directive expression values without treating literal names as code.	crates/vize_maestro/src/ide/semantic_tokens.rs	crates/vize_canon/src/checker.rs | crates/vize_maestro/src/ide/semantic_tokens/tests.rs	-
8c90f998183efb6aa6d00b36e1143c89ce56442a	required-response	Semantic tokens exclude directive-like text in plain text/static values and cannot steal a following attribute value; actual directive attributes retain tokens.	crates/vize_maestro/src/ide/semantic_tokens.rs | tests/tooling/lsp-smoke.test.ts	crates/vize_maestro/src/ide/semantic_tokens/tests.rs | tests/tooling/lsp-smoke.test.ts	-
4671a8c0f9c4d0127aba18aa2a108f2e6152de6a	required-response	Code action edit positions are authored zero-based UTF-16 across script/template blocks, including emoji before the edited region.	crates/vize_maestro/src/ide/code_action.rs | tests/tooling/lsp-smoke.test.ts	crates/vize_canon/src/batch/source_map.rs | crates/vize_maestro/src/ide/code_action.rs | crates/vize_maestro/src/ide/diagnostics/tests.rs | crates/vize_maestro/src/ide/semantic_tokens/tests.rs | crates/vize_maestro/src/ide/type_service/diagnostics/diagnostics_tests.rs | crates/vize_patina/src/telegraph/tests.rs | 1 additional candidate paths in the source diff	-
37d8e8e24e0a44ac251389d0a719d88477cd81f9	required-response	Every diagnostic publication for an open document carries its current version; unopened documents are skipped and clears preserve the open version.	tests/tooling/lsp-smoke.test.ts	tests/tooling/lsp-smoke.test.ts	-
26db417d55ee75e9876ae65ec507df8ba5d1b296	required-response	Hover/completion/definition/references/codeAction/prepareRename/rename reject invalid UTF-16 request positions; Corsa diagnostic source mapping also counts UTF-16 and rejects surrogate-interior virtual positions.	crates/vize_maestro/src/ide/diagnostics/corsa.rs | tests/tooling/lsp-smoke.test.ts	crates/vize_maestro/src/ide/diagnostics/corsa/tests.rs | tests/tooling/lsp-smoke.test.ts	-
f0f26721b61c7b84687bb103781a5c488912c2a9	required-response	Rename/prepareRename edit ranges count UTF-16 and reject invalid positions; unopened/closed document responses and diagnostic clearing remain explicit controls.	crates/vize_maestro/src/ide.rs | crates/vize_maestro/src/ide/rename.rs | tests/tooling/lsp-smoke.test.ts	crates/vize_maestro/src/ide/rename/tests.rs | crates/vize_maestro/src/ide/tests.rs | crates/vize_maestro/src/utils/position/tests.rs | tests/tooling/lsp-smoke.test.ts	-
8b3deb24cc89ec63ce5273aeecc8827b39c67a5c	required-response	Definitions/references and semantic token positions/lengths are zero-based UTF-16; script references remain authored; semanticTokens/range returns only requested overlapping tokens; double-quoted expression strings and CSS v-bind spans are tokenized correctly.	crates/vize_maestro/src/ide.rs | crates/vize_maestro/src/ide/semantic_tokens.rs | crates/vize_maestro/src/utils/position.rs | tests/tooling/lsp-smoke.test.ts	crates/vize_canon/src/batch/source_map.rs | crates/vize_canon/src/checker.rs | crates/vize_maestro/src/ide/code_action.rs | crates/vize_maestro/src/ide/definition/tests/basics.rs | crates/vize_maestro/src/ide/semantic_tokens/tests.rs | crates/vize_maestro/src/ide/tests.rs | 3 additional candidate paths in the source diff	-
731cce813a41207950923d89099ac2c87047c0b6	internal	Existing empty-identifier guards and quote-only patterns make removed unwraps unreachable; Option match selection remains unchanged. Panic/lint cleanup adds no distinct published response shape in scoped hunks.	no changed-test witness established	no changed-test witness established	-
4057c94c6d2792bbf37e95ccb49e2ce6989839c7	control	Surrogate-interior/out-of-range positions are rejected; invalid incremental edit preserves text/version contract; document rename cannot overwrite an already-open target and self-rename is safe.	crates/vize_maestro/src/document/store.rs | crates/vize_maestro/src/utils/position.rs	crates/vize_maestro/src/document/store/tests.rs | crates/vize_maestro/src/ide/tests.rs | crates/vize_maestro/src/utils/position/tests.rs	-
693e5a3954a23f3968e909676ba4d9f7725a372b	required-response	Both parser/lint diagnostics and type-service diagnostics count astral characters as two UTF-16 column units.	crates/vize_maestro/src/ide/diagnostics/mod.rs | crates/vize_maestro/src/ide/type_service/diagnostics.rs	crates/vize_maestro/src/ide/code_action.rs | crates/vize_maestro/src/ide/diagnostics/tests.rs | crates/vize_maestro/src/ide/type_service/diagnostics/diagnostics_tests.rs	-
0f38177dd9ba5390c62a762c4e708805029d38d2	required-response	Request positions and incremental edit ranges count UTF-16 units; offsets/ranges after astral characters must retain authored positions.	crates/vize_maestro/src/document/store.rs | crates/vize_maestro/src/utils/position.rs	crates/vize_maestro/src/document/store/tests.rs | crates/vize_maestro/src/ide/tests.rs | crates/vize_maestro/src/utils/position/tests.rs	-
db60c95ba23161999b0ff5084a0748813ff4dee4	required-response	Advertised capabilities must correspond to enabled implemented handlers; documentLink resolve remains false. Historical signatureHelp/selectionRange-absent literals are superseded by later implementations.	crates/vize_maestro/src/server/capabilities.rs	crates/vize_maestro/src/server/capabilities/tests.rs	{"historical":"signatureHelp and selectionRange absent","current":"Current implementations and conditional capability advertisement supersede absence literals; capability-handler parity remains required.","paths":["crates/vize_maestro/src/server/capabilities.rs","crates/vize_maestro/src/server/capabilities/tests.rs"]}
df2044e5c2383838672f03c6bb4d9301a394d250	required-response	Editor linting consumes the entire SFC and reports SFC block-order diagnostics, rather than linting only the template slice.	crates/vize_maestro/src/ide/diagnostics/mod.rs	crates/vize_maestro/src/ide/diagnostics/tests.rs	-
d4237c13e1674d45d50772b0ad9c5707cfbbc4ec	required-response	Regex-literal text does not produce undefined-binding diagnostics; actual regex operand/binding requirements need the linked Croquis provider audit.	crates/vize_maestro/src/ide/type_service/diagnostics.rs	crates/vize_maestro/src/ide/type_service/diagnostics/diagnostics_tests.rs	-
1ad169f31a64a731a0c3a23a28a182fea7645db0	required-response	Template binding completions are absent from plain text/static attributes but retained in dynamic attribute values; plain markup still receives structural snippets.	crates/vize_maestro/src/ide/completion/mod.rs	crates/vize_maestro/src/ide/completion/tests.rs	-
24ef6e14324be9c7e2025b8f8317d1c1dbefdd9c	required-response	Plain text and static attribute values do not receive binding definitions or hovers; interpolation/dynamic values do; CSS v-bind navigation is limited to its active argument.	crates/vize_maestro/src/ide/definition/mod.rs | crates/vize_maestro/src/ide/hover/mod.rs	crates/vize_maestro/src/ide/definition/tests/contexts.rs | crates/vize_maestro/src/ide/definition/tests/template.rs | crates/vize_maestro/src/ide/hover.rs	-
dadba8c5df2ac90a3a1e982208d8e8ae899d77c6	required-response	JS/TS script and template parser failures produce authored parser diagnostics and suppress dependent analyzers; JSX/TSX and unsupported-language controls avoid false diagnostics; type diagnostics use zero-based authored lines.	crates/vize_maestro/src/ide/diagnostics/mod.rs | crates/vize_maestro/src/ide/type_service/diagnostics.rs	crates/vize_maestro/src/ide/diagnostics/tests.rs | crates/vize_maestro/src/ide/type_service/diagnostics/diagnostics_tests.rs	-
ca314129da941092ade34fccc80341b40bd7e153	control	Reversed and out-of-document incremental changes preserve authored text while recording the received document version.	crates/vize_maestro/src/document/store.rs	crates/vize_maestro/src/document/store/tests.rs	-
37d049a2e18a6e1431fd298563453e7602f385ee	control	A formerly valid Vue or Art document that becomes unparsable loses its old virtual documents; subsequent editor requests must not use stale cached projections.	crates/vize_maestro/src/server/state.rs	crates/vize_maestro/src/server/state/tests/virtual_docs.rs	-
2a2b08f909d13831025d2f6f7c1891969e3ad0fc	required-response	Malformed SFC returns parser diagnostics only; dependent lint/type/Corsa diagnostics must not run or leak; parseable SFC control retains configured type diagnostics.	crates/vize_canon/src/sfc_typecheck/mod.rs | crates/vize_maestro/src/ide/diagnostics/mod.rs	crates/vize_canon/src/batch/type_checker/tests/emit_object_recursion.rs | crates/vize_canon/src/corsa_bridge.rs | crates/vize_canon/src/sfc_typecheck/tests.rs | crates/vize_croquis_cf/src/diagnostics/diagnostics_tests/codes.rs | crates/vize_maestro/src/ide/diagnostics/tests.rs	-
88c011c6a44523cfb194ded3a4bbeafc0fd9fd13	internal	Maestro changes only append null pending-snapshot bookkeeping; CI changes do not add a Maestro response contract.	no changed-test witness established	no changed-test witness established	-
4bffbdc3984b2817bc808a6a3608fa8e0071c90f	internal	Maestro changes only append null pending-snapshot bookkeeping; linked script-setup providers must extract AST statement spans and rewrite next-line defineProps/defineSlots assignments once while retaining following setup code and TypeScript declarations; linked bindings/macros/provide/inject/type-export ranges apply the SFC block byte offset before UTF16 conversion, including astral characters; authored LSP projection/mapping obligations remain unreconciled.	crates/vize_atelier_sfc/src/compile_script/inline/tests.rs | crates/vize_atelier_sfc/src/compile_script/statement_sections.rs | crates/vize_atelier_sfc/src/compile_script/tests.rs | crates/vize_vitrine/src/wasm/analyze.rs | crates/vize_vitrine/src/wasm/mod.rs	crates/vize_atelier_sfc/src/compile_script/inline/tests.rs | crates/vize_atelier_sfc/src/compile_script/tests.rs | crates/vize_vitrine/src/wasm/source_offsets.rs | crates/vize_vitrine/src/wasm/tests.rs	-
5b0eb522f43e89c3727e8a39e1e3e393087759c8	internal	Maestro changes only append null pending-snapshot bookkeeping; publication script behavior is outside this scoped response audit.	no changed-test witness established	no changed-test witness established	-
