commit	classification	focused_requirement	diagnostic_fixture_state	remaining_scope	subject
35bdad84760e6251edd52bb2e3e52701974a9d63	classification-pending	An Options API any instance keeps template $props unchecked instead of inferring unknown.	not-admitted	Whole bundled commit and native diagnostic equivalence remain unverified	fix(canon): keep template $props unchecked when the Options API instance is any (#6680)
7f802b69bf57fc555e65174d33d8319fc4753aa4	classification-pending	Dynamic :is on the same element as v-for sees its loop alias regardless of attribute order; strict context does not invent unknown part names.	not-admitted	Whole bundled commit and native diagnostic equivalence remain unverified	fix(canon): scope dynamic is before same-element v-for
9750552a4615ac21c0a8aa8926a361f8949ec28a	lint/build policy and mechanically equivalent refactors; existing mapper tests relocated	All 228 Canon patches inspected with explicit changed-code audit: 204 have no changed Rust code after lint-attribute/comment removal; 24 material patches reviewed individually, including both moved and deleted snapshot paths. Workspace lint inheritance replaces local unexpected_cfgs override; allow becomes reasoned expect, test/native/unix cfg conjunctions split without expanding gates. Production percent-decoder split_once/get preserves the same supported five escape spellings, invalid/truncated rejection, and escaped-only result; sort key, same-type cast removal, borrow cleanup, std-string representation and clone/conversion cleanup retain contracts. No newly introduced checker diagnostic regression is evidenced. Diagnostics.rs inline tests and empty unmapped snapshot relocated, not new checker execution. Current tests fabricate LspDiagnostic values and map them; duplicate mapper asserts only count/file/2339, TS6133 mapper asserts source/start 3:7/code/message substring/block, unmapped snapshot is [].	not-admitted	Whole bundled commit and native diagnostic equivalence remain unverified	fix(canon): join the panic-free workspace lints (#6454)
1f436eb7370cd2b4b96f213a142cd1ee782a76ea	robustness-behavior-fixes-plus-equivalent-safe-access-refactors	56 Canon patches replace unchecked slices/indexes/invariant expects with checked access, Option/early return and direct insertion references. Valid-input outputs generally retained by actual equivalent split/zip/pattern constructions; invalid spans/indices/fact demands now skip/default instead of panic. Concrete behavior changes: checker runner event/bind scanning advances by UTF8 character width on missing assignment, avoiding interior-byte scan; spread apply_replacements moves source_cursor to failed replacement start so previously copied prefix is not duplicated. Session creation returns mutable inserted value without second lookup/reap; no false nonbehavior classification.	not-admitted	Whole bundled commit and native diagnostic equivalence remain unverified	fix(canon): eliminate panic paths in batch, checker and projection (#6439)
8d5a60647d265c898efca2c3597ff59071df9e18	robustness-behavior-fixes-and-safe-access-refactors	55 Canon patches replace slices/indices/expect chains with checked access and fallback skips/defaults while retaining valid-input emitted text. Missing bindings facts become empty ScriptBindings/undefined refs; invalid masking UTF8 returns original line; missing authored generic/event target skips emission. Leading suppression scanner handles unterminated block final character by chars rather than byte slicing. Spread receiver/span fallback introduced here continues without advancing copied cursor;1f436eb7 corrects duplicated previously copied source prefix by setting cursor at skipped replacement start.	not-admitted	Whole bundled commit and native diagnostic equivalence remain unverified	fix(canon): eliminate panic paths in virtual_ts (#6430)
816db89fa9a95d479894d690c7faa63f9276c962	behavioral-contract	Modern template ref unwrapping first checks for a value property so missing Vue types resolving Ref to any do not erase ordinary imported function signatures. Hoisted and generic helpers receive the same guard.	not-admitted	Whole bundled commit and native diagnostic equivalence remain unverified	fix(patina): resolve typed UI template bindings (#6411)
3a2fd80a314ae1c644af30bed1419855b2133c1e	behavioral-contract	Workspace package source registration repeats discovery waves for newly reachable package exports. Internal import rewrite mapping splits byte-identical rows so trailing source bytes retain correct offsets. Options API map closure simplification is mechanical.	not-admitted	Whole bundled commit and native diagnostic equivalence remain unverified	fix(davinci): restore post-integration type and contract checks (#6406)
beb84df46db611f6bf017fa6803af8cf84e6d59e	behavioral-contract	Options API public props are collected even when imported defineProps metadata exists. Adds mapping updates for generated replacements and expression-binding retargeting.	not-admitted	Whole bundled commit and native diagnostic equivalence remain unverified	fix(davinci): clear the required checks from the integration squash (#6403)
a75c629c5c948885f7ffe2216f044a1a6c5e2851	behavioral-contract	Slot outlet spread checking retains authored object payload members instead of intersecting them with the expected shape; unknown non-object payloads receive a fallback. Generic modern Ref helper accepts Ref<any>.	not-admitted	Whole bundled commit and native diagnostic equivalence remain unverified	fix(davinci): validate slot spreads and reduce compiler overhead (#6398)
e112d3a7fd0c8990869ec56c1b07d124522f5465	behavioral-contract	Plain-script function declarations and local helpers retain module identity for native incoming/outgoing call hierarchy rather than exported setup-result property reads. Hoisted declarations keep leading JSDoc and TS directives, including CRLF, while trailing same-line comments remain trailing.	not-admitted	Whole bundled commit and native diagnostic equivalence remain unverified	fix(canon): preserve Vue function call hierarchy identity (#6279)
215ca5706f402ed831a3bac0166e96cbc21da286	classification-pending	Setup-ref destructuring defaults read unwrapped values; a narrowed maybe-ref is read through its value across the template, while a non-narrowing guard retains undefined.	not-admitted	Whole bundled commit and native diagnostic equivalence remain unverified	fix(tooling)!: enforce upstream diagnostic and dependency contracts (#6260)
0bd36715d4ecbb448630157c7ce233b60e142362	behavior-editor-quickfix-mapping-and-pattern-bundle	Request editor quick fixes using intersecting diagnostics from same synchronized backend snapshot and quickfix-only context; expose bridge request and return None for absent documents/diagnostics; keep script mapping generated range from claiming appended newline; compute free type dependency names through OXC semantic lexical scopes and conservatively retain malformed types in setup; use free names for unused generic comment; constrain public pattern Match/Subtract and recurse through internal aliases; preserve literal inference with const v-for helper; assert pattern declarations requested once only when used	not-admitted	Whole bundled commit and native diagnostic equivalence remain unverified	fix(tooling): preserve native edits and upstream pattern contracts (#6254)
95401a66090e358f72063d7c4bd73c2b70b593b7	behavior-fix	Moves emitted helper declarations from ambient triple-slash references to per-library exported modules and depth-correct type imports; composes source and generated declaration-map tokens using UTF-16 coordinates and drops unmapped/removed generated spans. Resolves emitted .vue.d.ts imports without treating their absent source SFC as missing; nominal enum/class declarations are hoisted to preserve identity.	not-admitted	Whole bundled commit and native diagnostic equivalence remain unverified	fix(canon): preserve public declarations and authored source maps (#6245)
2b0a8604c1d33afa766153b9fcb11292b9ecf95e	behavior-authored-export-and-options-navigation	Blank only AST-proven named value export keywords with six spaces at exact start offsets including inline/multiple/multiline exports; preserve every other authored byte; map generated plain-script aliases and OptionsAPI bindings to exact authored identifiers; link alias to existing smallest equal-length containing subspan/line; skip nonlinear/missing mappings and unverified binding text; omit internal navigation links from protocol-v1; extract unchanged return-artifact/runtime-emits helper decisions	not-admitted	Whole bundled commit and native diagnostic equivalence remain unverified	fix(tooling): preserve exported symbol identity and authored spans (#6237)
0c94290f5f02b35a76f8ebc86128bcd1e1193e4a	classification-pending	Setup-dependent ambient captures and consumer declarations keep authored typecheck diagnostics in LF/CRLF.	not-admitted	Whole bundled commit and native diagnostic equivalence remain unverified	fix(canon): preserve setup-dependent ambient type captures (#6232)
be16d7c61b992af1e9af7e49a6975ce7a16e2512	classification-pending	Adjacent ambient declarations/comments retain exact typecheck results in LF and CRLF inputs.	not-admitted	Whole bundled commit and native diagnostic equivalence remain unverified	fix(canon): preserve adjacent ambient declarations (#6223)
a7fcfb4a5a17a4db0cd5fc21326205da7d020e1f	classification-pending	Ambient setup declarations retain standard-library/global types and authored errors/suppression ownership.	not-admitted	Whole bundled commit and native diagnostic equivalence remain unverified	fix(canon): preserve ambient setup references to global types (#6211)
71451516ec37ed6ae600ba09f57f5d452961645a	classification-pending	Independent ambient declarations remain typed and retain authored diagnostic positions/overloads/suppression comments without synthetic TS1184.	not-admitted	Whole bundled commit and native diagnostic equivalence remain unverified	fix(canon): preserve independent ambient setup declarations (#6170)
4b889011a1f6cdea06aac9ef1779a048d2518b74	model runtime inference, imported Props collisions, slot spreads and path aliases behavior bundle	Model options use runtime constructors plus contextually typed get/set read/write types, retaining undefined for unresolved models. Public props/emits model names are escaped TS literals; props/model/modifier collisions deduplicate members and avoid mapping suppressed model names. Imported type-only Props uses private __VizeResolvedProps preserving authored generic instantiations and Options API/deferred props; no generated self-redeclaration. Script-bound unknown component event callbacks receive contextual any; resolved listeners retain assignability checks. Slot outlet spreads gain expected/intersection helper and authored-order interleaving so unknown spreads avoid TS2698 and named props remain checked. Virtual alias policy honors effective paths, first-party targets and first resolvable target; unconfigured @/ and ~/ Vue imports stay authored, extensionless aliases resolving Vue rewrite only when rewritten key still matches alias. Policy propagated to SFC, TS/JSX and package shadows; refreshed with config.	not-admitted	Whole bundled commit and native diagnostic equivalence remain unverified	fix(typechecker): align real project parity (#5967)
d4c05ee736862e678ff8b7cac8a728d80f2193c0	behavioral-contract	Modern component constructors initially add broad public emit/slot surfaces with this:never intersections to satisfy ComponentPublicInstance constraints, while legacy components retain original surfaces. Adds actual Histoire nested discriminated-layout excess-key diagnostic regression and extends public source/declaration consumers.	not-admitted	Whole bundled commit and native diagnostic equivalence remain unverified	fix(canon): align generated public instance contracts (#6027)
84b9245085683c9eb12f28afadf1278ee93fa27b	canon-test-only-cross-product-contract	Canon changes register a strict-template enum regression; enum classification production implementation is in Croquis, not Canon. Script-setup enum names must retain their authored binding instead of instance-global rechecks.	not-admitted	Whole bundled commit and native diagnostic equivalence remain unverified	fix(canon): include script setup enums in strict context (#6025)
9193b13ca62af15076609a3a8d7e2405b5df98d1	behavioral-contract	Generated Vue2.7 SFC constructor types include Vue constructor static members, permissive construction and richer legacy instance members so ordinary and generic imported SFCs are accepted by render h().	not-admitted	Whole bundled commit and native diagnostic equivalence remain unverified	fix(canon): support Vue 2.7 render h SFC constructors (#6020)
e199979dfb32dfd8eb9ad32a2928fb010768f239	classification-pending	Authored leading TypeScript suppression comments in template expressions remain effective; literal/comment text is not mistaken for a directive.	not-admitted	Whole bundled commit and native diagnostic equivalence remain unverified	fix(canon): preserve template ts suppression comments (#6009)
c0dae2112cf5ddf351946882af19b5ede2f76407	behavioral-contract	Preserves explicit ref literal/branded types with any-safe primitive widening. Matches external component bindings across authored/camel/Pascal spellings. Only genuine template reads consume local refs: static ref attributes alone no longer hide unused locals.	not-admitted	Whole bundled commit and native diagnostic equivalence remain unverified	fix(typechecker): align element-plus parity (#5965)
788000753c5c6bab73faedebc979a18d6db735e2	behavioral-fix-bundle	Imported runtime defineProps resolves named/default/star reexports, top-level objects and buildProps/defineProps wrappers, spreads and useAriaProps literal names; required/default/Boolean metadata populates setup/template bindings. Canonical path::export caches detach runtime member types and reattach each SFC local binding; cache scoped per register_paths batch or local refresh to avoid persistent stale document state. Type-based withDefaults resolves imported/local defaults, mutable/reactive/markRaw wrappers, omit literal/array keys and object spreads; skips explicit undefined/computed defaults; marks known defaults for template narrowing. Resolver supports src-root @/, ancestor packages workspace convention and source extension substitutions, not general package exports/tsconfig aliases. Missing authored .vue imports use a poison mirror suffix only when existence is proven false; TS2307 fallback finds authored quoted specifier if virtual position cannot map, restores message spelling. preserve_missing_vue_diagnostics defaults true for editor; unit rewriter/message evidence only, full actual TS2307 position fixture gap. Authored multi-line call suppression searches at most 16 prior lines; balanced-parenthesis call end and unused TS2578 checks preserve active errors. Current implementation survives moved projection assembly at927e6e; seven injected diagnostic tests are synthetic, not backend captures. Slot-outlet @event listener references/inline callbacks become declared onPascalCase slot props and corresponding standalone VOn handler scopes are suppressed. Vue vnode hooks use VNode payload; component :ref inline callbacks preserve comments and contextual (ref:any,refs:Record<string,any>) signatures both resolved and unresolved component paths. TSX catch-all emits use broad listener mappings; key/ref are reserved props; union component props normalize to optional union keys/values. Public-instance unknown/any relaxes guard; dynamic one-required-key union extra props relaxed except listeners/true literals. Boolean runtime constructors are resolved without undefined across helpers; strict globals choose configured fallback for unknown public-instance member but preserve any. Materialized checking config drops composite project membership; document/corsa forwarding and shared import-rewrite policy carry missing-import option. All105 Canon patch entries audited including47 generated-text snapshots; snapshots contain helper/constructor/global changes, missing import suffix and mapping offsets only, not checker output.	not-admitted	Whole bundled commit and native diagnostic equivalence remain unverified	fix(typechecker): improve real project parity (#5962)
e30b36c8f3302aa9fc364bc288f44ac9e732ff65	behavioral-contract	Updates pinned vue-tsc baseline: fragment-hosted template key remains checked against PropertyKey while fragment id is unchecked; external member listener assignment is strict rather than bivariant. Retires older permissive fragment-key/listener expectations.	not-admitted	Whole bundled commit and native diagnostic equivalence remain unverified	fix(typechecker): match vue-tsc listener key diagnostics (#5960)
0726ec9cee5660f87b79748be715bf970c3190e8	behavioral-contract	Repeated synthetic v-if guards used only for inference/narrowing receive ts-ignore so duplicate callback diagnostics are suppressed while the authored condition remains responsible for reporting its real error. Applies across props, events, slot hosts/outlets and v-for closures.	not-admitted	Whole bundled commit and native diagnostic equivalence remain unverified	fix(typecheck): ignore synthetic v-if guard diagnostics (#5852)
00b6fd3939ed3f1c77e1a342215849644f64aded	behavioral-contract	Template bindings created by defineModel use model getter helper __M instead of ordinary mutable-ref literal widening; Record model indexing in v-for remains valid.	not-admitted	Whole bundled commit and native diagnostic equivalence remain unverified	fix(typecheck): unwrap defineModel refs in templates (#5847)
f50661c12a54884715c430c1225f367569ebc05a	bundled-behavior-workspace-source-shadow-and-callback-inference-partially-superseded	For workspace packages whose missing built/dist/lib export targets have authored src twins, resolve a source shadow while preserving the native probe target. Separately suppress diagnostics from inference-only callback copies and leave a mapped contextual owner for props/events.	not-admitted	Whole bundled commit and native diagnostic equivalence remain unverified	fix(typecheck): shadow workspace build package sources
d7796777839f961aa97d1a55397ad4e2d0372a31	behavioral-contract	Closed generic components accept Vue global HTML attribute names and data-/dataCamel names while retaining unknown-prop rejection; native attribute name union excludes nonstring keys.	not-admitted	Whole bundled commit and native diagnostic equivalence remain unverified	fix(canon): accept global attrs on generic components
91754f691b70884a7b1723fb723388485b2ed54b	behavioral-contract	Modern defineProps/withDefaults helper types match readonly Vue semantics, exclude never from boolean keys, distinguish undefined defaults, and use a factory-or-native default argument contract. Legacy helper only adds never-safe boolean-key metadata; it retains separate defaults semantics. Also normalizes target parameter labels in unrelated diagnostic witnesses.	not-admitted	Whole bundled commit and native diagnostic equivalence remain unverified	fix(typecheck): align withDefaults macro inference (#5763)
f647dbb6698c3125e95c12ed1c5d947d08f600b0	behavioral-contract	An undefined withDefaults boolean default retains the authored optional prop type for controlled useVModel overload selection. Historical formula survives in legacy Vue2 helper; modern helper was replaced with Vue-matching readonly defaults semantics later.	not-admitted	Whole bundled commit and native diagnostic equivalence remain unverified	fix(typecheck): preserve undefined boolean defaults
9bf9ee47adb4da3a29eb049c18588d4f917a440c	behavioral-contract	withDefaults receives the boolean-normalized defineProps result as its explicit props parameter so untouched boolean keys remain normalized for computed-ref assignment.	not-admitted	Whole bundled commit and native diagnostic equivalence remain unverified	fix(typecheck): align real-project divergence baselines (#5724)
8e8ec535688244d062f15880e2e1295a862c8795	behavioral-contract	Unnamed inner slot scopes receive a scope-unique synthetic __vize_slot_props_{scope_id} name, rather than a shared slotProps variable that can shadow an authored outer slot payload. The existing any-v-for regression is moved unchanged to a child module.	not-admitted	Whole bundled commit and native diagnostic equivalence remain unverified	fix(typechecker): include baseline support roots (#5693)
c220f47b65134eee36851c7841b1e8d5567eafe4	behavioral-contract	Component public-instance aliases and generated template context add ts-ignore guards so missing Vue module or ComponentPublicInstance exports degrade public extras without injected diagnostics.	not-admitted	Whole bundled commit and native diagnostic equivalence remain unverified	fix(canon): guard vue public instance helpers (#5672)
024b4b712cb03528547b03cbb01cf459ca36fa08	classification-pending	Options API data() bindings stay mutable in template assignment expressions while static option bindings remain const.	not-admitted	Whole bundled commit and native diagnostic equivalence remain unverified	fix(canon): allow template data assignments (#5644)
cd93f9fba56a8c067691a96f06f15eff2285bd10	behavioral-contract	Slot outlets exclude reserved key and ref attributes/bindings from payload props; a literal dynamic template slot name can then retain its template-string index-signature payload without unrelated outlet key errors.	not-admitted	Whole bundled commit and native diagnostic equivalence remain unverified	fix(canon): resolve literal dynamic slot names (#5487)
b31b1e64630621cf00cb2d5cd6189e0cf80acdd9	behavioral-contract	Generic emit argument inference becomes available to all authoritative script-bound components, including package named exports/reexports, rather than only direct .vue imports. A literal enum member prop can specialize an imported generic emit payload through the recorded package exports.	not-admitted	Whole bundled commit and native diagnostic equivalence remain unverified	fix(canon): infer emit props for imported components (#5490)
c1689a7fdba844c69caea1c34fec483369c91997	canon-runtime-discovery-and-test-infrastructure-contract	Canon test/runtime discovery follows shared Corsa executable resolution instead of hardcoded tsgo paths and creates platform-specific @typescript/typescript-* executable fixture links. Other Canon edits rename checker documentation/error text without changing diagnostic formulas.	not-admitted	Whole bundled commit and native diagnostic equivalence remain unverified	fix: use stable TypeScript 7 runtime for vize check (#5196)
b1b030fc945383564c0cf2699700a0047e29c989	behavior-slot-outlet-name-navigation	Retain authored static slot-name value range and generated payload type literal range; map static named payload checks to authored values; avoid fabricated mapping for implicit/valueless/dynamic names or no payload check; restrict escaped literal mapping edit features	not-admitted	Whole bundled commit and native diagnostic equivalence remain unverified	fix(canon): map slot outlet payload names (#5005)
613ce3a5a31d22ec0dfd42feab25772e63fc54bf	behavioral-contract	All native, component, dynamic-custom and disabled-check event handlers become referenced void closures rather than immediately invoked functions. Their assignments remain checked inside the callback while avoiding control-flow narrowing of sibling render bindings; guards still narrow inside handlers.	batch-start-verified-locally-3-cases	Whole bundled commit and native diagnostic equivalence remain unverified	fix(canon): stop inline event-handler assignments from narrowing sibling template bindings (#4996)
dfe3b6befc643c46031356e3b357e73cb1afe1ee	behavioral-contract	Generated component listener function expressions are not immediately invoked, keeping assignments inside event bodies from narrowing later render-sibling ref values.	not-admitted	Whole bundled commit and native diagnostic equivalence remain unverified	fix(canon): isolate component event handler assignments (#4994)
13bcf1ba4ddb588b79296623f259c310a1bab2b5	bundled-behavior-global-html-attributes-and-literal-diagnostic-dedup	Accept real HTML attribute names across the NativeElements table on a strict closed component, including kebab/camel spellings and the emitted data${string} family. Drop a literal-rendered diagnostic only when its widened twin exists at the same file/start/code/severity with the same target wording.	not-admitted	Whole bundled commit and native diagnostic equivalence remain unverified	fix(canon): honor tsc -p file sets for referenced workspaces and accept real HTML attrs in strict prop checks (#4992)
27dd5c8df22182f088f827bfcedd121f009cb118	bundled-behavior-strict-route-global-and-side-effect-import-default	Expose augmented $route alongside other strict public-instance globals while retaining undeclared-global errors. Independently normalize noUncheckedSideEffectImports to false only when unspecified and preserve explicit true/false, matching the intended stable side-effect import contract.	not-admitted	Whole bundled commit and native diagnostic equivalence remain unverified	fix(canon): resolve $route strictly and match tsc on side-effect imports (#4988)
a58a9ed3a59120922707ac9ec929a8d610ccc531	behavior-vue-compiler-unknown-props-configuration-partially-superseded	Resolve vueCompilerOptions.checkUnknownProps through inherited tsconfig: explicit checkUnknownProps overrides strictTemplates; a resolved config without either defaults false, while absent/unreadable config keeps generated-only strict fallback true. Preserve the resolved option across check-option setter/config refresh and feed it into component check tails.	not-admitted	Whole bundled commit and native diagnostic equivalence remain unverified	fix(canon): honor vueCompilerOptions.checkUnknownProps like vue-tsc (#4918)
09b4ddde76ed21942c0e302e7b2d4d8da289eaf1	behavioral-contract	A generated component with an actual native fallthrough target admits unknown user attributes through an open check tail while closed components remain strict and required authored props remain obligations. Generic fallthrough tail is value-open so DOM type collisions do not overwrite component props; nongeneric per-prop aliases still enforce declared values.	not-admitted	Whole bundled commit and native diagnostic equivalence remain unverified	fix(canon): allow open native-root fallthrough attrs (#4920)
ad99a95135db04ceff3a0d882fefbe5162fddb05	behavioral-contract	Value bindings win over colliding type-only PascalCase component imports across authored, camel and Pascal names. External ambient bindings still cannot override same-name type-only imports.	not-admitted	Whole bundled commit and native diagnostic equivalence remain unverified	fix(canon): prefer value bindings over type-only PascalCase aliases (#4915)
8298520356b8ee9d0d3b7ab96e10791f0150652c	behavior-fallthrough-public-attrs-runtime-core-bundle	Remove unconditional aria-prefix wildcard from non-generic and generic fallthrough tails while retaining custom data-prefix wildcard for recorded targets; derive public component attrs from Vue VNodeProps/AllowedComponentProps/ComponentCustomProps; preserve generic authored-key witness and camelized recorded aria/data names; cache per-usage component/tail aliases and readonly check-props type; materialize runtime-core via resolved or adjacent package or stub alongside runtime-dom and bridge ComponentCustomProps augmentation; normalize selected test parameter type tails; relax incremental materialization count to considered>=requested	not-admitted	Whole bundled commit and native diagnostic equivalence remain unverified	fix(canon): reject broad aria data fallthrough attrs (#4734)
ce8eae99b0981377f73239429d6d65896b59f371	behavioral-contract	Static component slot names emit structural slot references with authored name mappings so downstream hover/definition can navigate to defineSlots. Dynamic names and implicit/default names without authored slot directives are excluded.	not-admitted	Whole bundled commit and native diagnostic equivalence remain unverified	fix(maestro): resolve component slot navigation (#4606)
4b5cbe23cf33aca6b7f8aad1c3a17b365077cd75	behavioral-contract	Generated components use a bounded public-attribute/fallthrough tail rather than an unconditional string index, so closed components reject unknown props while keeping class/style and eligible native/global/data/aria attrs. Explicit nested $attrs forwarding takes precedence over automatic root inference. Opaque components retain their permissive fallback.	not-admitted	Whole bundled commit and native diagnostic equivalence remain unverified	fix(canon): reject strict unknown component attrs (#4577)
4335e65ed7e650102f6cfcb0483eb20ba7773b09	behavioral-contract	Declared slots describe callable payloads while parent provisioning remains optional through Partial<Slots>; dynamic slot payload extraction removes mapped optionality before unioning members.	not-admitted	Whole bundled commit and native diagnostic equivalence remain unverified	fix(canon): keep declared slots optional (#4529)
cf759a1ee4e6f2c557f87a892a85112960ca65d9	behavior-fix-partially-superseded	Adds native-root/explicit-$attrs fallthrough contract, public class/style and emit listeners, strict closed component unknown-value sentinel, declaration-internal marker stripping, and component binding distinction for authored destructure/local versus safe outer-prop alias. Native if-chain/loop/multi-root classification is explicit. 4b5cbe23 retires invalid value sentinel and uses strict whole-prop tail; 09b4ddde reopens arbitrary attrs when a fallthrough target exists. 215ca570 further forwards typed imported component-root props/listeners instead of original always-open component root.	not-admitted	Whole bundled commit and native diagnostic equivalence remain unverified	fix(canon): enforce strict fallthrough attributes (#4491)
8ab7fd93f0072880f46ea7fce8ac9f998922feed	behavior-fix-partially-superseded	Adds static structural slot markers, propagates payload types, maps destructured slot binding names, and adds required-slot checks with dynamic/open-index escape. 4335e65 makes defineSlots marker Partial, retiring omission-of-declared-slot TS2741 while keeping payload information and dormant marker check machinery.	not-admitted	Whole bundled commit and native diagnostic equivalence remain unverified	fix(canon): type slot outlet payloads (#4495)
16f992cb64e502db4066cda3003ec5bad0a0b04d	behavioral-contract	Static component ref registry now resolves component value bindings and maps useTemplateRef keys to public constructor instances while preserving DOM refs, SVG namespaces, duplicate/dynamic/v-for exclusions, and unresolved any fallback.	not-admitted	Whole bundled commit and native diagnostic equivalence remain unverified	fix(canon): type component template refs from expose (#4489)
67dc97e8ab5c0d96697e3b8e0f04aa1678ccc14f	canon-test-only-cross-product-contract	Canon portion adds a generator regression for dynamic component :is setup binding, authored count child prop and runtime-only is exclusion; actual producer changes occur outside Canon.	not-admitted	Whole bundled commit and native diagnostic equivalence remain unverified	fix(canon): check dynamic component props (#4494)
08db7132a3fb81a618e2111c055fbc285bd4b86c	behavioral-contract	Original model-modifier implementation adds modifier public props plus four-generic ModelRef helper contracts with getter/setter value types and the destructurable modifier tuple. Named models synthesize nameModifiers and the default model synthesizes modelModifiers; authored modifier key types are retained when known.	not-admitted	Whole bundled commit and native diagnostic equivalence remain unverified	fix(canon): support defineModel modifier tuples (#4488)
9a6dbdcfcfb33681ef5a310e841d73d6dd3e9875	behavioral-contract	Object runtime prop constructors resolve to Record<string, any> instead of Record<string, unknown> in batch, modern and legacy helper paths, allowing Vue-compatible untyped object member access.	not-admitted	Whole bundled commit and native diagnostic equivalence remain unverified	fix(canon): infer Object runtime props as Record<string, any> (#4451)
1acdeec5fc51a7f1d270fef08c4c65467e7f0821	behavior fixes plus strict-global contract change and module-resolution support	Preserve external ESM declaration .d.ts spelling and import-condition package augmentation; explicit .ts/.tsx/.mts/.cts imports may resolve adjacent declaration files. Separate syntactic type-only component imports from value references using synthetic __VizeComponent_ aliases across props, events, navigation, slots and globals. Generic slot resolver strips only synthetic = any defaults, preserving authored sibling/default declarations. Remove event directive placeholders from component props literals so modifier pairs do not fabricate duplicates and spread listener values remain checked. Strict globals no longer inherit arbitrary public-instance context; member/call roots and scoped bare refs are checked, while actual template props and visible bindings are excluded. Same-element v-if cannot see later v-for aliases.	not-admitted	Whole bundled commit and native diagnostic equivalence remain unverified	fix(typecheck): align strict template diagnostics
eb489b2579e9a9d92e5e7260c7eef32e2d701f56	behavioral-contract	Strict template name lookup checks genuinely template-introduced enclosing v-for/v-slot/event scopes independently of script-relative span collisions. A long script must not cause a shorter script scope to hide a bound template alias; Callback scopes are excluded because either source domain can create them.	not-admitted	Whole bundled commit and native diagnostic equivalence remain unverified	fix(canon): resolve strict template globals against template scopes (#4427)
d197098cb7a3d4d414a8225dda2a97267b253f82	behavior-fix-partially-superseded	Strict context adds per-occurrence unknown-name accesses with authored name mapping, skips builtins/type exports/visible names, avoids shadowing configured globals and auto-import bindings, and preserves member-root types. Original context broadly intersects __Ctx and hardcodes $route/$router any. 1acdeec5 removes that broad context and router exemptions, retains only declared literal public $ globals; 27dd5c8 then removes special exclusion of declared $route.	not-admitted	Whole bundled commit and native diagnostic equivalence remain unverified	fix(typecheck): align strict Nuxt template globals (#4423)
8ede47a7ddf0eb07a9a19b60522156bd378a03ff	behavioral-contract	v-for over any switches second binding to string|number object fallback rather than number, exposing comparison TS2365. Modern array/iterable/object helper selection also changes; legacy any fallback remains distinct.	not-admitted	Whole bundled commit and native diagnostic equivalence remain unverified	fix(canon): align v-for any source keys with vue-tsc (#4392)
7e1f9b31b014d60ef91021d26a83fcda6fa661a1	callback contextual typing and handler variance fixes with later listener-contract reversal	Collect own slot outlet props/spreads by AST scope and infer declared defineSlots payload including generic arguments; suppress duplicate bare-expression checks. Map slot name and value subspans independently. Transition/TransitionGroup hooks and camel aliases use Element and optional done callback; unknown custom events on dynamic component use any while known DOM events retain concrete types. Host lookup traverses AST and source fallback handles quoted <. External member handler references originally use bivariant assignment; local SFC declared emits/identifier references stay strict. e30b36c8 retires external member bivariance and current test requires both wrong handlers to error. DOM helper split preserves concrete event dispatch/fallback and adds known-event predicate. Setup preamble moves with identical text except relative include path and comment; prop-value duplicate helper removed in favor of common implementation.	not-admitted	Whole bundled commit and native diagnostic equivalence remain unverified	fix(canon): align template callback parameter typing (#4264)
6aef3e8822e398c25fc3409b2c6192a77fe2c51c	behavior-imported-component-public-index-signature	Emit Vue-compatible string any index signature on non-generic component options alias; omit it from generic function-component alias; move options declaration to default-export planning where generic state is known; retain concrete exposed instance and constructor props contracts	not-admitted	Whole bundled commit and native diagnostic equivalence remain unverified	fix(canon): resolve exposed members on imported component refs (#4250)
59d893a34c9def4ad6a4cdc46d148f97f3422e9f	classification-pending	Template auto-imported and explicitly imported refs unwrap identically; plain value objects and script-scope refs do not unwrap.	not-admitted	Whole bundled commit and native diagnostic equivalence remain unverified	fix(canon): unwrap setup refs consistently across template expressions (#4243)
155555e58136758d84700e70a417a58588c0008d	single template prop model, precise instance-global anchoring and Vue2 duplicate declaration fix	Template props const, bare named bindings and $props now share normalized authored/setup/generic prop model; runtime default/withDefaults/model defaults resolve undefined away, local destructure default does not alter public optional prop. $props is shallow Readonly and falls back to authored Options default instance when no macro props. Empty/no-prop components retain generic instance type. Instance globals now use OXC identifier-reference offsets instead of first textual find, preventing $propsList-prefix misanchors; lazy type memo and only-needed alias avoid no-unused helper false errors; Vue2 known instance members skip duplicate declarations. Type-shape textual scan ignores arrow > and clamps unmatched closers so later top-level union/operator survives. Current runtime actual checker at192 asserts complete5 diagnostics: TS2322 15:19, TS2339 12:18 and14:29, TS2540 16:26, TS2551 13:18, with full messages and exact helper type printed. Type-only at174 asserts full4: TS2339 13:18/15:29, TS2551 14:18, TS18048 16:11. Options at61 asserts full2 TS2339 13:18/14:23. TSX valid project entire list empty. Current full type names use newer readonly/mapped boolean helper contract rather than original helper spelling; code/start/count survive. Vue2 duplicate-member and type-shape branches have generated-text/count/boolean units, not positive backend TS2451 or exact mapping diagnostic tuples.	not-admitted	Whole bundled commit and native diagnostic equivalence remain unverified	fix(canon): expose runtime defineProps through template $props (#4242)
97898a1a07aa4fd4d3f3ab413e8852ef1b541ec8	behavior-fix-diagnostic-contract-refined	Batch source/declaration generation preserves authored plain-script Options component and public instance members independent of optionsApi template-participation setting; paired setup/plain script options fragments are excluded from instance intersection. Real Vue declaration-consumer matrix preserves data/computed/methods/props/emits/inherited/setup-return members and negative controls. Original disabled optionsApi template expectationTS2304 at9:14 is superseded by215 currentTS2339 same start and component-instance message; emitted member contract survives.	not-admitted	Whole bundled commit and native diagnostic equivalence remain unverified	fix(canon): preserve Options API public instances in declarations (#4251)
9687c6e64ec1b731e99dcb77053cbd3d893f5ef2	behavior-strict-instance-globals	Add default-off strict_instance_globals option and copy into per-file options; strict mode reads dollar globals from ctx per authored occurrence instead of permissive any type; retain permissive one-name declaration and filter known bindings/type exports/context globals; map strict trailing property reads and deduplicate name/source-offset pairs	not-admitted	Whole bundled commit and native diagnostic equivalence remain unverified	fix(typechecker): resolve Nuxt auto-imports and template globals (#4248)
4edbc20c6e588e5ebb64bd80e4ba9ec51af56e08	external slot generic inference and structural payload fix; helper protocol later superseded	Parent slot host invokes child __vizeResolveSlots using same authored-props literal builder as mapped prop checker, linking usage by exact v-slot directive offset. Resolver removes synthetic generic defaults to recover constraint/unknown rather than any when inference fails; host-only literal mappings discarded to avoid duplicate authored prop findings. Shared literal builder extraction retains spread ordering/key/value exact mapping and callback surrogate; static/dynamic payload helpers only emitted where referenced so no-unused alias findings are avoided. Generic-only Slots alias requires child-side resolver; declaration/package components fall back to structural $slots. Current actual checker generic fixture at85 asserts complete tuples TS2339 39:43:error full missing-kind-on-id message and TS18046 43:35:error event-is-unknown. Second fixture at177 asserts complete TS2345 tuples 22:49 string→number and30:51 number→string; discriminated/nested/named payloads check clean within whole list. 215 rewrites child public generic to callable __ctx and resolver protocol to __VizeSlotsFactory/__VizeSlotHostSlots; dynamic selected slot name helper replaces original every-payload-union scheme. The current full positive diagnostic fixtures survive; only generated-helper protocol is superseded.	not-admitted	Whole bundled commit and native diagnostic equivalence remain unverified	fix(canon): preserve external component slot payload types (#4244)
22c638a00bf228aeea0e1b0fe2b9fa70b876a261	behavior-fix-partially-superseded	Original skips native prop checks for rendered template fragments while retaining expression member checks, component key omission, and Vue2 behavior. e30b36c8 restores PropertyKey checks specifically for fragment key bindings; non-key fragment attributes remain skipped.	not-admitted	Whole bundled commit and native diagnostic equivalence remain unverified	fix(canon): match Vue template key expression typing (#4240)
da1de3654e840605f65b18e6da536340cc6a28b4	behavior-fix-survives-with-witness-normalization	Separates paired classic module declarations from setup locals and distinguishes TS type/value namespaces. Local setup types shadow classic type declarations within setup, exported collisions still reach module; classic exported value-dependent types skip setup-return recapture. Single-block behavior retained.	not-admitted	Whole bundled commit and native diagnostic equivalence remain unverified	fix(canon): isolate classic and setup script declaration scopes (#4241)
39bf60c0614c888ba82f962b944160ce839cf035	behavioral-contract	Deferred setup assignment is completed before template reads, but script-scope control-flow and invalid template member access remain checked.	batch-start-verified-locally-19-SFCs-2-projects	Whole bundled commit and native diagnostic equivalence remain unverified	fix(canon): model template definite assignment after setup (#4239)
e96023e4393b0301a2e6a76621053202676ff2d5	modern public-instance/input contract normalization with spread-order fix and later policy reversals	Public $props now canonical required Props, separate from camel/kebab authored-input constructor guards. Omit broad Vue $props/$emit/$slots retains plugin/custom instance extras; static raw-props marker emitted first for all dependent incremental consumers. Shared JSX helpers preserve data-/aria- keys and DOM listener types, declared onClick wins native fallthrough; fallback Vue JSX files added and Ref branded. Whole-prop emission uses grouped singleton spreads for named runs before later object spreads, retaining Vue last-wins while avoiding fabricated TS2783; genuine adjacent duplicate named attrs remain same literal/TS1117. Current exact byte-subspan/order units and actual attribute matrix pin TS1117 at 64:22, but full diagnostic message omitted. Current public_instance_contract_survives_source_and_declaration_consumers at237 asserts actual source checker empty output, emitted canonical helper/text identity, and strict downstream TSGo success with no unused @ts-expect-error/TS2578; optional JS tsc same oracle. Included source/downstream consumers pin real strict payload/name/model/slot/expose errors by consumed negative controls rather than raw full positive diagnostic tuples. Historical no-emits $emit:never and constructible generic instance policy retired: d4c05 introduced compatibility receiver intersections, 215 removes them and permits broad no-emits calls while keeping declared emits strict, normalizes public slots, makes generic SFC callable and rejects new Generic in current consumer. Vue2 simple constructor later gains compatible overload/statics in9193. Current bodies reflect these successor contracts, not preservation of the historical forbidden no-emits behavior.	not-admitted	Whole bundled commit and native diagnostic equivalence remain unverified	fix(canon): normalize component public instances (#4111)
7c83dd0193b06a4cee3a1825a374ca0cd11fbd85	behavioral-contract	A setup binding named props used literally by the template is anchored before the generated template-local props variable shadows it. Only real setup-variable binding kinds qualify, and a template that never references props does not receive this shadow anchor. Comment helper relocation preserves its two existing texts.	not-admitted	Whole bundled commit and native diagnostic equivalence remain unverified	fix(canon): anchor a setup props binding before the template scope shadows it (#3934)
a0c4bee37d78398ea20d244945a2a912cddfb505	behavior-static-native-template-ref-registry	Collect statically named plain-element refs only when setup script mentions useTemplateRef; distinguish HTML and SVG namespace DOM tag maps; escape TS literal names; initially exclude dynamic/component/v-for/duplicated refs; retype hoisted/embedded generic/non-generic shims with registry-key overload and explicit generic fallback; omit declarations when registry absent; update generated snapshot	not-admitted	Whole bundled commit and native diagnostic equivalence remain unverified	fix(canon): useTemplateRef resolves the template's static ref registry (#3910)
31eecf0427b56b8221290e16ec73022d73633f9b	behavioral-contract	v-for generated alias pattern identifiers receive declaration source mappings from authoritative Croquis scope bindings, including key/index and destructuring. Identifier matching uses ECMAScript identifier boundaries and rejects member references while retaining rest declarations, preventing Unicode suffix matches.	not-admitted	Whole bundled commit and native diagnostic equivalence remain unverified	fix(canon/maestro): a v-for alias hovers as its const at the declaration too (#3909)
9074dbf00c23d7679ba4ffc16c2ef9f641ac6d42	classification-pending	Optional defineModel update payload includes undefined; required/defaulted models retain bare payload.	not-admitted	Whole bundled commit and native diagnostic equivalence remain unverified	fix(canon): an optional defineModel's update payload carries undefined (#3908)
1234f20675cbb1c13a2815afa8ac3a957defb244	behavioral-contract	Whole-props check target includes synthesized emit listener props and readonly homomorphic flattening so missing-required diagnostics display the Vue public shape without losing optionality or callback context.	not-admitted	Whole bundled commit and native diagnostic equivalence remain unverified	fix(canon): whole-props check target displays like vue-tsc's (#3906)
263094d86067ac5149b40d537585b16e6aa24865	behavior-fix	Vue3 plain Options API unknown template names resolve as authored-mapped public-instance property accesses rather than free identifiers, allowing TS2339 without duplicate TS2304. State tracks actual default alias declaration. Declared script namespace/TSX names, unparseable source, setup-plus-classic shape, Vue2 and configured globals disable or avoid inappropriate instance checks. Entry-point extraction retains behavior.	not-admitted	Whole bundled commit and native diagnostic equivalence remain unverified	fix(canon): Options API template unknown names resolve on the public instance (#3903)
29aeaa770fb27dc98e5a39e830aa977c91064c85	behavioral-contract	Modern synthesized component listener returns any rather than unknown to match diagnostic expected-type display; legacy listeners retain unknown. Current actual mismatch fixtures retain the any display contract.	not-admitted	Whole bundled commit and native diagnostic equivalence remain unverified	fix(canon): synthesized emit listeners return any, matching vue-tsc's display (#3897)
0f15c8b49d0630c1f2492c7ad8447ef4c9711534	behavioral-contract	Prop name resolution preserves the leading character case and underscores while camelizing hyphenated names, so Template, my_prop and some-value address the intended declared keys. Prop aliases, props inference objects and navigation references use consistent names.	not-admitted	Whole bundled commit and native diagnostic equivalence remain unverified	fix(canon): match Vue's camelize when resolving prop names (#3869)
7b0b4adb66ff112a03ecf4da57641214c01f04d7	behavioral-contract	Unresolved modern ambient component event callbacks whose parameter name collides with a slot binding use an unknown handler target to preserve the authored implicit-any diagnostic. Component member reference helper is relocated without body changes.	not-admitted	Whole bundled commit and native diagnostic equivalence remain unverified	fix(canon): preserve scoped event implicit any (#3828)
04aedfb8e8b41dfae89fe65256e2703fc3718cf3	classification-pending	v-for source callback implicit-any diagnostics land on the authored parameter once; template-only props must resolve before mapping.	not-admitted	Whole bundled commit and native diagnostic equivalence remain unverified	fix(canon): map v-for source diagnostics (#3818)
c6f498cff95dd574e2d9741989fec1c9fcdaed4b	behavioral-contract	Modern Vue ambient GlobalComponents can contextually type authored PascalCase component callback props/events without a local reference-types directive. Explicit reference mode includes all names; legacy Vue retains its distinct gate. Unresolved Pascal components use conditional ambient fallback rather than skipping all prop checks.	not-admitted	Whole bundled commit and native diagnostic equivalence remain unverified	fix(canon): type ambient global callback props (#3812)
121da88bf450158bd7bccf8f12da8db9c97b77af	behavioral-contract	Generated component instances and generic constructors preserve an internal raw declared props marker, used by whole-object template checks before relaxed camel/kebab public props. A required camel-case prop remains required when omitted, without exponential key-set projection on wide props.	not-admitted	Whole bundled commit and native diagnostic equivalence remain unverified	fix(canon): preserve required camel case props (#3791)
b3c2933be5afbdb5f2df07da093f40bc7ce72187	classification-pending	Split classic/setup script gap must not shift implicit-any diagnostic column from authored10:43 to10:9.	not-admitted	Whole bundled commit and native diagnostic equivalence remain unverified	fix(canon): map split script setup diagnostics (#3783)
34463efe9ac81e18619ebcdc3e3326b94bd85932	behavior-fix-partially-superseded	Original consumes defineEmits result when template $emit refers to it, including renamed binding/Vue2, while unrelated OptionsAPI local and completely unused macro result remain unused.215ca570 treats all compiler-macro results as contributing to component signature; now even unused defineEmits result is consumed.	not-admitted	Whole bundled commit and native diagnostic equivalence remain unverified	fix(canon): consume defineEmits binding for template $emit (#3708)
4039c4c9a5217b81591d67c8123981eba1126f33	behavioral-contract	Event handler scopes are emitted when template binding checks remain enabled even if emits payload checks are disabled. ASI-separated statement bodies remain authored statements; expression-shaped references/functions remain void expressions without listener assignment/invocation.	not-admitted	Whole bundled commit and native diagnostic equivalence remain unverified	fix(canon): preserve ASI-separated event handlers (#3703)
6262435c1ac66de825c2862adb88f60ce952d5d1	behavioral-contract	Instance-global generation receives the same Options API setup-spread binding set used by template ref fallback. A name supplied conservatively by setup spread must not also be declared as an instance global; non-spread inherited globals remain available.	not-admitted	Whole bundled commit and native diagnostic equivalence remain unverified	fix(canon): deduplicate Nuxt globals from setup spreads (#3698)
08297d4ffd2d00cf0dc8e729665dfc430e8cdf01	behavior-bounded-whole-props-and-diagnostic-dedup	Replace authored-key projection/conditional relaxed whole-props machinery with unmodified child props target for all non-generic usages; retain generic own checker path and per-prop aliases; retain static literal inference and required sibling reporting without union-complexity growth; deduplicate persistent check-server diagnostics after mapped/native plus Vue compile diagnostics using message/severity/start/code key; strengthen edge/emit/literal/wide project expectations	not-admitted	Whole bundled commit and native diagnostic equivalence remain unverified	fix(canon): bound the whole-props checker cost (#3634)
b2f8c3b2a937f743629e16fe40f92bae2730a42c	behavior-inherited-options-api-members	Collect static identifier/member-chain mixins and extends references through expression wrappers; infer constructor instance members into legacy __VizeThis intersections; guard any/non-constructor inheritance with empty contribution; preserve directly collected inline object members; map inherited typeof references to authored script ranges	not-admitted	Whole bundled commit and native diagnostic equivalence remain unverified	fix(canon): include inherited Options API members (#3627)
026f4b54f3fbc567af3a2351656f951681ff3149	authored mapping and Vue dialect policy fix	Copied Options computed/method bridge emits coarse signature and precise verbatim body mappings shifted by script offset; concise arrow synthetic return wrapper maps only expression, mapped-store type aliases map authored spread call. Removes prior raw generated-offset fallbacks. Bridge now Vue2-only: Vue3 authored defineComponent object already types receiver; approximate duplicate bridge disabled. Copied async/generator modifiers retained; sanitized function-name collisions disambiguated by numeric suffix. Current executable legacy diagnostic fixture asserts entire singleton list: src/App.vue TS2339 at 33:25:error with full Property missingHelper does not exist on type __VizeThis message. Long template before script forces mapping discrepancy. Binary and installed Vue checks gate, then construction/scan/check errors panic. Structural tests assert Vue2 wrapper names, Vue3 no __VizeThis, async/function-star, and a_b/a_b_2 collision. Optional-boolean negative regression merely relocated unchanged; it is not a new positive witness.	not-admitted	Whole bundled commit and native diagnostic equivalence remain unverified	fix(canon): anchor Options API diagnostics to source (#3596)
f3a26b0e30c98b135a9e897c3584526eb0a2b96d	behavioral-contract	Correct named prop values must keep missing required sibling props active, including union discriminants and spread/listener cases; wrong values retain a single diagnostic and Unicode prefixes preserve UTF16 columns. Historical inferred-complete-vs-relaxed helper projection was later removed to bound cost, while the behavioral requirement survives.	batch-start-verified-locally-24-diagnostics-1-project	Whole bundled commit and native diagnostic equivalence remain unverified	fix(canon): preserve unbound required props (#3581)
583cd63246042a43bd4879e9b374ce07c19c09a5	behavior-fix-with-diagnostic-owner-refinements	Resolves generic child props once for contextual typing, separately captures authored sibling discriminants with erased callbacks to select union branches, and assigns callbacks in one mapped per-prop owner. Handles declared never vs missing branch key and failed sibling inference fallback. Coarse whole-props callback entry erased, while scope guards and spread order remain intact. f50661c suppresses inference-only callback-line diagnostics;215ca570 erases whole-props callback with never instead of any to avoid synthetic duplicate on never.	not-admitted	Whole bundled commit and native diagnostic equivalence remain unverified	fix(canon): anchor generic callback return errors (#3590)
b15fb9ebb37a173b1b50d91eef42d3625dd6b014	behavior-runtime-and-mixin-prop-requiredness	Capture runtime props object/array/identifier inside setup and preserve required literals with object as-const; classify only required:true as public required and keep defaults optional; derive mixin props from captured default constructor instance with any guard; intersect direct and inherited props; preserve setup default artifact return and emitted public Props	not-admitted	Whole bundled commit and native diagnostic equivalence remain unverified	fix(canon): preserve runtime and mixin props (#3582)
1dba759d5b48406481494db09fa152cfcce4a68a	behavior-fix-later-expanded	Fallthrough-only class/style/data/aria/reserved/listener usages retain required props by excluding Vue public keys/emits from authored declared-key decisions. Includes overload-order guards for typed versus generic/any emits. Original deferred correct named prop missing-sibling checks are expanded by f3a26b0 rather than preserving the silence.	not-admitted	Whole bundled commit and native diagnostic equivalence remain unverified	fix(canon): preserve required props for fallthrough attrs (#3579)
9a2ff60327e092636a4a13443694c032266622d5	behavior-empty-component-required-props	Remove named/spread eligibility gate so supported empty or dynamic-name-only component usages check required props; emit full child target for unnamed checks; isolate each empty usage in uninvoked arrow array outside root/closure control-flow graph; preserve ordinary named/spread checks directly in closure and navigation aliases	not-admitted	Whole bundled commit and native diagnostic equivalence remain unverified	fix(canon): check empty component props (#3567)
7424ea068468a631bfdca4ba1f408310d7231ca2	classification-pending	Multiline native ref binding mismatch anchors TS2322 at attribute name7:6, preserving full recorded mismatch message.	not-admitted	Whole bundled commit and native diagnostic equivalence remain unverified	fix(canon): anchor multiline native bindings at names (#3563)
2342d1fc46ca3a9a927228d8686ce25153332aea	behavior-fix-refined	Parses component spreads with OXC semantic unresolved value references to rewrite reserved outer props while preserving TS operators/type references, nested lexical locals, method keys and comments. Segment mappings keep following diagnostic column and matching spread bare-expression duplicates are skipped. Later TemplateBindingAccess generalizes receiver selection without retiring props case.	not-admitted	Whole bundled commit and native diagnostic equivalence remain unverified	fix(canon): rewrite reserved props in v-bind spreads (#3554)
ec3ef8ce3ddf5853d3659a83d9b8f151fdbe3f1f	behavior-sequence-expression-grouping-partially-superseded	Parenthesize only unparenthesized top-level OXC SequenceExpression prop values at comma-sensitive generated boundaries and exclude synthetic parentheses from authored mapping. Callback fixtures for generic and non-generic children assert an empty projected diagnostic set when a checker resolves.	not-admitted	Whole bundled commit and native diagnostic equivalence remain unverified	fix(canon): parenthesize sequence prop expressions (#3553)
2b82fe00f6a94728c71abe394ab87b00d1704df0	behavior-fix	Distinguishes direct inline function prop values from nested callbacks using structural scanning plus Oxc fallback. Nested type arrows, regex/default expressions, conditional and sequence wrappers receive contextual callback typing; nested map callbacks leave the outer array prop type intact. Legacy globals retain broader arrow detection to avoid duplicate checking.	not-admitted	Whole bundled commit and native diagnostic equivalence remain unverified	fix(canon): distinguish direct callback props (#3546)
51253bbae73236b3710765f11651f9c32e72ffcb	behavior-fix-with-refined-leaf-owner	Adds permissive callable fallback only for inline callback props on unresolved generic children, removing false implicit-any TS7006; deduplicates per-prop aliases and maps generic object entry key/value separately to fix nested value diagnostic offsets.583cd632 later resolves actual instantiated callback types and moves the return mismatch from attribute6:32 to leaf6:48.	not-admitted	Whole bundled commit and native diagnostic equivalence remain unverified	fix(canon): contextually type an inline callback prop on a generic child (#3511)
21e5bd408bfdf22f0c043f1e0c50d92f4055479a	behavior-component-vbind-spreads	Emit component v-bind object spreads in the inference literal in authored order with named props; include spread-only usages in call and alias generation; use unmodified child props for spread-only calls and widened exact-optional target when named props coexist; map spread expression back to its directive; share eligibility rule and extract unchanged closure check loop; move unchanged Pinia spread-helper test	not-admitted	Whole bundled commit and native diagnostic equivalence remain unverified	fix(croquis)!: type-check the v-bind="object" prop spread (#3526)
14a39c33651fa00aceeb62924b519319bc9492d7	behavior-exact-optional-prop-whole-object-check	Generate widened optional whole-props target preserving explicitly declared undefined and callbacks while excluding ordinary mismatch duplication; use Required Pick to distinguish absence from present undefined under exactOptionalPropertyTypes; map whole object argument to component tag name while retaining per-entry mappings; keep generic own checker path	not-admitted	Whole bundled commit and native diagnostic equivalence remain unverified	fix(canon): honor exactOptionalPropertyTypes for component props (#3525)
375b0fb5b0d04af9014d81ef865d17dba02f3b0a	behavior-fix-partially-superseded	Adds local custom-directive value checks, Vue naming conversion, builtin/valueless exclusions, mapped value/member anchors and Vue2 gating. Original helper extracts Directive value type and skips non-setup registry directives; 215ca570 supersedes this producer with preserved original hook signatures, registered/Options directive resolution, and mapped args/modifiers.	not-admitted	Whole bundled commit and native diagnostic equivalence remain unverified	fix(canon)!: type-check custom directive values against Directive<El, Value> (#3521)
7676592d51c264565259de273ccea511601d25b9	behavioral-contract	A call whose identifier begins with function is not an inline function expression. Listener-name mapping falls back to the authored bound expression when an event-name range cannot be located. The existing unknown-component arity checker assertion is corrected from TS2345 to actual listener-assignment TS2322.	not-admitted	Whole bundled commit and native diagnostic equivalence remain unverified	fix(canon): reject a call that only starts with the function keyword (#3512)
4a18d23aebbcd4f6b6ccd332b23adee066b71fac	classification-pending	Wrong event handler types anchor at directive names; inline handler errors remain inside expressions; argument-less and named model reads/writes retain authored anchors.	not-admitted	Whole bundled commit and native diagnostic equivalence remain unverified	fix(canon): anchor handler and v-model diagnostics at the directive name (#3509)
51a13ef48cf2e509b39592c08017561fb5dd10ee	behavior-native-static-bindings-and-compatible-helper-emission	Generate Vue NativeElements typed checks for every statically named native v-bind, replacing the former boolean-like attribute whitelist. Emit guarded shared helper aliases once per program, with a declaration reference keeping helper conditional types used; skip dynamic names and component bindings.	not-admitted	Whole bundled commit and native diagnostic equivalence remain unverified	fix(canon): type-check every native element v-bind, not just boolean-ish names (#3443)
5435790bbb1f11b9d2c97e8e186000bcd67c58ea	behavior-fix-partially-superseded	Hoists plain-script namespaces/module augmentations with export keywords, same-name class/function/enum merge partners and captures. Captured setup values get ordered ambient ReturnType aliases and bridge value duplication is avoided. Later 95401 hoists all nominal classes/enums; captured Local class ambient alias/type is retired in favor of original module-scope class identity.	not-admitted	Whole bundled commit and native diagnostic equivalence remain unverified	fix(canon): hoist plain-script namespace declarations to module scope (#3437)
813a7ba187995f46cd4c3c0b8ec03104bcd9d9e3	behavior-fix-with-superseded-emission	Original class/enum bridges add a type-space alias while const/function remain value-only and merged enum names deduplicate. 95401a66 replaces actual SFC enum/class bridge emission by preserving nominal declarations at module scope; unit tests still exercise the generic low-level bridge emitter, so those units do not prove actual SFCs still emit aliases.	not-admitted	Whole bundled commit and native diagnostic equivalence remain unverified	fix(canon): keep the type side of plain-script enum and class exports (#3382)
a40aefa70fc004f00c230efa9e9303b52f0c10a2	behavior-generic-alias-instantiation-constructor-contract-retired	Carry the SFC type parameter names into generic Emits/Slots/Exposed aliases only when those aliases redeclare the generic parameters; keep non-generic aliases bare. The historical constructor architecture has been replaced by a generic function contract.	not-admitted	Whole bundled commit and native diagnostic equivalence remain unverified	fix(canon): instantiate generic module aliases in the generic constructor (#3365)
519cec5990d37434620c3ac38e3750a0eefa195b	canon-test-only-cross-product-contract	Canon registers class-component @Prop usage-site export contracts: required runtime flags produce required members; absent required stays optional despite definite assignment; declared annotation wins over runtime constructor erasure; defaults remain caller-optional but template-nonundefined; renaming decorators retain the class instance bridge; Props reaches the component instance without a duplicate binding. The production decorator extraction change is outside Canon.	not-admitted	Whole bundled commit and native diagnostic equivalence remain unverified	fix(canon): enforce class-component @Prop contracts at usage sites (#3318)
3bd325f3b5a311eb37242b403a94876e4727fb01	behavior-fix-expanded-native-contract	Checks Vue3 statically named booleanish native v-bind expressions against Vue NativeElements, maps synthetic check identifier to authored name and expression exactly, preserves guards/scopes, and disables Vue2 native table requirement.51a13ef broadens static-name coverage to all native bindings and moves guarded table helpers to shared preamble.	not-admitted	Whole bundled commit and native diagnostic equivalence remain unverified	fix(canon): type-canon native boolean bindings (#3289)
55227fa84922109af547beb1f6dc7a00d7c2dbba	classification-pending	Component prop type errors anchor at authored attribute name with prefixes/modifiers and UTF8 multibyte source offsets.	not-admitted	Whole bundled commit and native diagnostic equivalence remain unverified	fix(canon): anchor prop-type errors at the attribute name (#3205)
378683f0c1feee643cd1e01347ff8cc6d31141db	behavioral-contract	Each repeated component prop value gets a unique check constant while one shared child-prop alias is emitted for the sanitized prop name. This avoids generated declaration collisions without dropping either authored value. Repeated closure recursion code is factored into a helper with unchanged scope predicates.	not-admitted	Whole bundled commit and native diagnostic equivalence remain unverified	fix(canon): keep repeated component prop names from redeclaring checks (#3202)
1acad3cafdff185d4a4f3fa5f23166ef3c4840b1	classification-pending	Exact expression sub-spans and narrowest mapping win over synthetic outer range, with overflow clamped to authored source.	not-admitted	Whole bundled commit and native diagnostic equivalence remain unverified	fix(canon): map batch diagnostics through exact-expression sub-spans (#3201)
c5af134e4924e31f31c8aba74f9984e356e1f6c2	behavioral-contract	Static component attribute values now receive the same per-prop assertion and whole-props inference path as dynamic bindings. String literals escape authored quotes/backslashes, while valueless boolean shorthand stays out of individual value assertions.	not-admitted	Whole bundled commit and native diagnostic equivalence remain unverified	fix(canon): type-canon static attribute values on component props (#3197)
805d32a5277a025d062edc47e20cc22ce170f5e7	behavioral-contract	Callable template handlers accept null and undefined and guard invocation, preserving optional handler references for component and DOM events. Generated mappings explicitly bound the authored operand rather than searching a wrapper string that can share its identifier. Other handler-body paths likewise map their explicit emitted content.	not-admitted	Whole bundled commit and native diagnostic equivalence remain unverified	fix(canon): accept optional template event handlers (#3148)
5257a671727fc55e94bb227247269d23a8eda13e	behavioral-contract	Emit overload extraction limits structural recursion to 32 steps so generic call signatures do not exceed TypeScript instantiation depth in static listener prop expansion.	not-admitted	Whole bundled commit and native diagnostic equivalence remain unverified	fix(canon): bound generic emit overload expansion (#3150)
2ecf10de92663303cecb76470bfa5ea42e992764	behavioral-contract	Recheck only positive enclosing v-if terms inside a generated v-for callback so captured object-property discriminants remain narrowed. Negated branch terms are omitted to avoid impossible-comparison errors. Existing nested-else regression is preserved and a child prop callback narrowing case is added.	not-admitted	Whole bundled commit and native diagnostic equivalence remain unverified	fix(canon): preserve narrowing in template loops (#3149)
30db60efb71eed8dd060b373d50a29e137f43c46	behavior-fix	Preserves SFC generics on module-scope Slots and typed Exposed aliases; constructor Props fallback respects self-contained constraints and uses any for sibling-dependent constraints instead of constraint-violating unknown. Runtime exposed shape stays unchanged.	not-admitted	Whole bundled commit and native diagnostic equivalence remain unverified	fix(canon): preserve generic type parameters in declaration emit (#3101)
5067f25786f316af91c33beb7ef08d6f4419378e	behavioral-contract	Strip every setup-scoped export modifier before generic capture rejection, preventing illegal function-scope exports. Generic declarations stay uncaptured rather than losing parameters. Legal merged interfaces capture one artifact per name while stripping every modifier. Public versus private/nonhoisted Props determines whether to restore public Props or internal resolved alias.	not-admitted	Whole bundled commit and native diagnostic equivalence remain unverified	fix(canon): strip generic setup exports and dedupe merged type artifacts (#3094)
9129f14b5fa108e71cb5deed590f68f39054c1c2	behavioral-contract	Top-level ambient module/global declarations are emitted once at module scope along with imports/reexports instead of nesting inside setup. Parse ordinary TypeScript first, falling back to TSX only after panic, preserving angle-bracket TypeScript syntax. Hoisted augmentation bodies remain byte-complete.	not-admitted	Whole bundled commit and native diagnostic equivalence remain unverified	fix(canon): hoist ambient declarations (#3095)
71e38ec49f6931f5341d433bea8709d767daba87	behavior-setup-scoped-type-exports	Plan explicitly exported non-hoisted non-generic aliases/interfaces depending on setup values; remove export modifiers at exact spans including shared line; capture type as undefined-as-unknown artifact and reexport Awaited setup return type; suppress duplicate generated public Props alias whenever authored Props type exists; leave generic exports uncaptured	not-admitted	Whole bundled commit and native diagnostic equivalence remain unverified	fix(canon): preserve setup-scoped type exports (#3093)
347d653aba6f5bc24592275a772e0877f367ce05	behavioral-contract	Setup export modifier stripping is limited to parser-confirmed top-level named runtime exports, preserving enum members named export/delete. import.meta polyfill emission is moved to a helper with unchanged textual detection.	not-admitted	Whole bundled commit and native diagnostic equivalence remain unverified	fix(canon): preserve reserved enum members (#3092)
f6ffab4e808a96f2d0dac8827d4e00c7d7df260a	behavioral-contract	Leading empty statements in v-on handlers must remain syntactically valid without truncating comma expressions or subsequent calls; empty-only handlers must not emit invalid parenthesized void expressions.	not-admitted	Whole bundled commit and native diagnostic equivalence remain unverified	fix(canon): strip v-on ASI prefixes (#3091)
7c18c96fe98af6b74f57753b7801e647f751d50d	behavioral-contract	Empty template interpolation after comment stripping emits no expression; adjacent nonempty interpolation remains present and the entire generated TypeScript parses.	not-admitted	Whole bundled commit and native diagnostic equivalence remain unverified	fix(canon): skip empty template interpolations (#3090)
3ed9fbc889078cbbc9b1a86fa3b5f8dfd8612dd6	behavioral-contract	All Options API runtime props object syntax remains in setup value scope, including constructor-only objects, defaults and comments. Public Props derives from captured value rather than copying JavaScript into TypeScript type arguments. Removes the unsafe eager-object branch instead of attempting syntax-specific guessing.	not-admitted	Whole bundled commit and native diagnostic equivalence remain unverified	fix(canon): keep runtime props in value scope (#3089)
894b6f62b772b0a0e4e389bcc38cd9b8469d7557	behavioral-contract	Default export rewriting accepts punctuation/comment boundaries without a separating space while rejecting identifier continuations, Unicode identifier letters and escaped continuation syntax; authored Options API object members/comments remain intact.	not-admitted	Whole bundled commit and native diagnostic equivalence remain unverified	fix(canon): rewrite no-space default exports (#3087)
c40cb562b37a1cde3080bb560df6fbb23a574212	behavioral-contract	Options API unknown inherited/setup-spread binding candidates reject literal tokens false, true and null while preserving legal names such as falsey, trueValue, nullish and contextual as. The same safe-identifier predicate is shared between the two emit paths.	not-admitted	Whole bundled commit and native diagnostic equivalence remain unverified	fix(canon): exclude template literals from bindings (#3086)
e65154535ad5fb8645330848ea61f3fa8a65575b	behavioral-contract	Unknown component emit argument tuples stay variadic in modern Vue, matching the already variadic legacy path. Known emit tuples continue checking every argument. Native DOM handlers retain their single-event arity contract.	not-admitted	Whole bundled commit and native diagnostic equivalence remain unverified	fix(canon): preserve unknown component event arity (#3085)
8bf88a7a1bf5aca18cde096ea847d186370905df	behavioral-contract	Import binding extraction uses the parsed import AST so mixed default plus named or namespace imports retain every value binding; declaration/specifier type-only bindings remain excluded.	not-admitted	Whole bundled commit and native diagnostic equivalence remain unverified	fix(typecheck): preserve mixed import bindings (#3012)
22a49aca2fb9331217d59511fbd6cf4f2414cd04	behavior-ambient-global-slot-components	Forward explicit virtual options/reference paths into editor Vue overlays and batch per-file options; emit escaped/deduplicated reference path directives; plan ambient GlobalComponents stubs for unresolved Vue3 slot hosts without script reference types; respect authored/imported/external/auto-import camel/Pascal names and avoid any-shadow fallback	not-admitted	Whole bundled commit and native diagnostic equivalence remain unverified	fix(lsp): resolve ambient global slot components (#3011)
46a2340e53595c53829320bdcf6a62c8ebdad65f	behavioral-contract	Static slot host lookup resolves kebab component names against actual setup/ambient camel/Pascal value bindings in ordinary and nested closure scopes rather than flattening the raw template tag.	not-admitted	Whole bundled commit and native diagnostic equivalence remain unverified	fix(typecheck): resolve kebab slot component bindings (#3009)
fa98cd8e728c94c923429d56e3b8326bd5f22eac	behavioral-contract	Component prop check source context includes template text and its SFC offset, allowing the synthetic generated check identifier to map to the exact authored bound expression instead of the whole attribute. Component scope recursion threads the context unchanged. Existing class-binding unit relocation is structural.	not-admitted	Whole bundled commit and native diagnostic equivalence remain unverified	fix(lsp): map component prop diagnostics exactly (#2975)
57dd8e862ab9963567d6762629170bab3b464c05	behavioral-contract	Collect real template usage even when unused-local diagnostic preservation is disabled. Used named imports can be shadowed through the safe ref-unwrapping helper, while all local setup bindings remain candidates and default component imports are not shadowed. The anchor-name policy still depends on preservation mode.	not-admitted	Whole bundled commit and native diagnostic equivalence remain unverified	fix(canon): unwrap imported refs in templates (#2958)
7f01c58cdd13bda478e7b1b70fe5575a173bd063	classification-pending	Historical repeated generated guards were mapped; current contract assigns diagnostics only to the authored condition and leaves inference guards unmapped.	not-admitted	Whole bundled commit and native diagnostic equivalence remain unverified	fix(canon): map generated guards to template spans (#2960)
ac02c114ce529b6ef42e7ca7757279e1068548a6	behavior-nested-guard-deduplication	Remove only an exact complete top-level enclosing v-if guard prefix from expression guards already checked by the surrounding v-for closure; retain unmatched guards and nested terms. The added native fixture checks absence of TS2367 for an else-narrowed discriminant.	not-admitted	Whole bundled commit and native diagnostic equivalence remain unverified	fix(canon): avoid repeated nested branch guards (#2959)
145baca6ae3b4a45b847b7dcbf2cbcc39cd1e72d	behavioral-contract	Modern ref primitive widening preserves branded primitive intersections using key-shape tests instead of unconditionally widening string/number/boolean.	not-admitted	Whole bundled commit and native diagnostic equivalence remain unverified	fix(canon): preserve branded ref template types (#2957)
872d43f244876bf2b3241026abe3f1e2a552d58a	behavioral-contract	Undefined handler expressions are not callable references; unknown component listeners may evaluate to undefined without being required callbacks.	not-admitted	Whole bundled commit and native diagnostic equivalence remain unverified	fix(canon): allow undefined unknown listeners (#2956)
a619bad6a42dc8c6e3cbd4f830a2e691a64c5cef	behavioral-contract	withDefaults result distributes over authored union members and preserves LooseRequired prop shape outside defaulted keys. Modern implementation later replaced by readonly Vue semantics; legacy helper retains evolved LooseRequired formula.	not-admitted	Whole bundled commit and native diagnostic equivalence remain unverified	fix(canon): retain loose props after defaults (#2924)
9aad33772161de7133ef2ebd628e5d21f60b43ac	behavioral-contract	Generated Props suppression checks every SFC generic through parser-owned type references, ignoring property names and string literals. This supports generic parameters used only in emits and combinations of props/emits without synthetic unused-generic errors.	not-admitted	Whole bundled commit and native diagnostic equivalence remain unverified	fix(canon): detect every unused SFC generic (#2922)
db8f7e52c7f337fdacb8f18be99aaf8d53f2cc2f	behavioral-contract	A generated Props alias whose generic parameter is only used by imported emits/slots receives a synthetic TS6196 suppression, preserving the authored SFC generic and emit payload constraint. Original lexical any-name usage detection is later replaced by AST type references and every-generic usage checking.	not-admitted	Whole bundled commit and native diagnostic equivalence remain unverified	fix(canon): retain imported emits generics (#2914)
e3a12cf323cb3f7213034e5137564ca4daf794b1	behavioral-contract	Generic child exports gain __vizeResolveProps; listener generic inference can fall back from emit-prop resolver to the props resolver, supporting callback props consumed by listener shorthand.	not-admitted	Whole bundled commit and native diagnostic equivalence remain unverified	fix(canon): infer generic callback listener props (#2921)
37cb5631062a8926497835844f8d41db680128eb	behavioral-contract	Generic defineProps Boolean normalization falls back to type-level __VizeBooleanKey when local AST collection encounters unresolved alias or interface heritage references, retaining any known local Boolean keys.	not-admitted	Whole bundled commit and native diagnostic equivalence remain unverified	fix(canon): resolve imported boolean keys in generic props (#2920)
fc0e623bb9d2e9d50f496d98ca5f78bf1a607218	behavioral-contract	withDefaults distributes across an authored props union and infers original prop type separately from boolean normalization, so defaulting a discriminant does not make unrelated optional union members required. Template default helpers use raw props when defaults exist instead of applying LooseRequired first.	not-admitted	Whole bundled commit and native diagnostic equivalence remain unverified	fix(canon): preserve optional union props after defaults (#2913)
9c8861cfcbca6ba118dfff9b14250bb30e6aee39	behavioral-contract	Dynamic component dotted member references retain their JavaScript member path for event type lookup instead of flattening the path to a safe identifier; nonidentifier paths still use the fallback.	not-admitted	Whole bundled commit and native diagnostic equivalence remain unverified	fix(canon): resolve dynamic member component emits (#2915)
5afffd0b3cb0dd06d9eb347b57f40dba3d9c8e4e	behavioral-contract	Hoisted type/interface declarations that mention SFC generics receive module alias bridges and setup-local aliases instantiated with the actual setup type parameter. An authored generic default must not replace its parameter inside setup when its constraint is wider.	not-admitted	Whole bundled commit and native diagnostic equivalence remain unverified	fix(canon): preserve generic defaults in setup scope (#2912)
ce3a4f7a9d4718fc8ebbbfbfee00a3cf0e4ff1da	behavioral-contract	Dynamic directive argument names are expression facts, not static component prop/event contract keys. Static-only filtering applies to prop inference, keyed template names, typed emit inference and navigation, while dynamic names and values remain independently checked as expressions.	not-admitted	Whole bundled commit and native diagnostic equivalence remain unverified	fix(croquis)!: distinguish dynamic directive names (#2797)
b41d999468128f920fcbbda1cc5c019e90dc75ee	behavioral-contract	Modern component fallthrough events with unknown emit arguments use any instead of native DOM TouchEvent/KeyboardEvent types; native element event checking remains a distinct contract.	not-admitted	Whole bundled commit and native diagnostic equivalence remain unverified	fix(canon): loosen component fallthrough listener events (#2732)
a76940eb95b9fdbba90331b5b3b1bab2331ec902	behavioral-contract	Template prop variables use the normalized __DefineProps shape so optional Boolean props are definite Boolean when passed to child props; authored key validity still uses the original prop type. WithDefaults template types compose with normalized props.	not-admitted	Whole bundled commit and native diagnostic equivalence remain unverified	fix(canon): normalize optional boolean template props (#2731)
89131c4b4b3a605f5c12c771dccb54fe91d38482	behavioral-contract	A generic SFC constructor exposes fallback instantiated props rather than using its authored default to prematurely specialize props extracted with conditional constructor inference. Original fallback uses one unknown argument per generic name.	not-admitted	Whole bundled commit and native diagnostic equivalence remain unverified	fix(canon): infer extracted generic sfc props (#2701)
da7b5364bbe88ae02412e5dea627f9ca69804a4e	behavioral-contract	Legacy Nuxt2 page options accept head/layout/transitions/loading/scroll fields and ThisType<any>, preserving contextual validate/asyncData/fetch arguments without narrowing this.	not-admitted	Whole bundled commit and native diagnostic equivalence remain unverified	fix(canon): accept Nuxt 2 page options (#2682)
984cc2c1c1d0f4e120fc2a968aef04e3c0ee58f0	behavior-recent-regressions-bundle	Preserve generic ref value type without widening; expose interface-extends props as keyed template bindings; derive static slot payload through keyof and NonNullable; include ComponentPublicInstance in modern exposed component instance; add six regression tests for TSX generic props, generic refs, setup type-import collision, inherited props, slot spread and exposed instance casts	not-admitted	Whole bundled commit and native diagnostic equivalence remain unverified	fix(canon): handle recent type regressions (#2651)
8fe6bd909063488f53b8c46e0a8301e57d1cd104	behavioral-contract	Reserved template prop aliases also consider statically named component shorthand bindings whose value equals the prop name. Current collector adds a name_is_dynamic exclusion through later refinement.	not-admitted	Whole bundled commit and native diagnostic equivalence remain unverified	fix(canon): rewrite component-derived reserved props
38b5adbedf092bca14579a827e1af4f4b28ad03c	behavioral-contract	An explicitly undefined withDefaults value preserves optional undefined in helper result types instead of forcing nonundefined. Template default-key collection omits plain undefined identifier values so direct template bindings do not incorrectly narrow those props. Helper extraction into a child module keeps ordinary static-key collection behavior.	not-admitted	Whole bundled commit and native diagnostic equivalence remain unverified	fix(canon): preserve undefined withDefaults values
3c2edcdebd2f836c3e96a8447f57e000de453315	behavior-generic-boolean-prop-helper	For generic SFCs parse local type AST to collect only concrete boolean property keys through local interfaces/aliases/heritage/intersections; ignore generic object-valued properties; emit conditional known-key helper and typed defineProps shim in embedded/hoisted forms; keep non-generic shared helper and fallback when collection unavailable	not-admitted	Whole bundled commit and native diagnostic equivalence remain unverified	fix(canon): avoid generic props boolean intersections (#2633)
745bc7c6301766b462bc8f5a9ba3104656c5c2a6	behavioral-contract	Generated public component instances shallow-unwrap defineExpose fields with nominal Vue Ref handling for modern target and structural value handling for legacy target.	not-admitted	Whole bundled commit and native diagnostic equivalence remain unverified	fix(canon): unwrap exposed template refs (#2632)
7a80804d3f671ab2cbea238172770ccfc256e9bb	behavioral-contract	Virtual TypeScript library triple-slash references can be explicitly supplied, including a non-DOM target; directives trim entries and reject unsafe quote/injection characters. Unspecified references retain es2022/dom/dom.iterable defaults.	not-admitted	Whole bundled commit and native diagnostic equivalence remain unverified	fix(canon): make virtual ts libs pluggable (#2551)
845356cb92313956ebb5f134f0e3f628a9d20b66	behavioral-contract	Only v-if guard prefixes outside a v-for alias scope can wrap the loop source; trim the common guard at its first reference to any own value/key/index alias. Component prop scopes can derive guards from component usages when ordinary expression guards are absent, retaining Vue2 nested else-branch narrowing without referencing an alias before declaration.	not-admitted	Whole bundled commit and native diagnostic equivalence remain unverified	fix(canon): preserve Vue 2 branch alias narrowing (#2544)
1d9cbd29df81c9953c6f28e95eb829b92e834960	behavioral-contract	Legacy Vue2 unresolved or empty custom event signatures retain variadic any[] listener parameters rather than a single event. Resolved legacy payloads retain the loose tuple helper.	not-admitted	Whole bundled commit and native diagnostic equivalence remain unverified	fix(canon): preserve Vue 2 event arity (#2540)
3d2e641317a3476472dcbe72c0dce8283ebe1d97	behavioral-contract	Vue2 and Vue2.7 dialects automatically activate legacy Croquis analysis, Options API template shape and nonhoisted helpers, even when the explicit legacy flag is absent. Unresolved keyed props retain the loose Vue2 record fallback.	not-admitted	Whole bundled commit and native diagnostic equivalence remain unverified	fix(canon): preserve Vue 2 prop aliases (#2539)
ed38d543eeed916cf98a6be84d58e3b4b84015ce	behavioral-contract	Static and dynamic class props on one component are merged into one array-valued class member in the whole-props inference literal. Its source range spans the participating class bindings, and other prop members remain separate.	not-admitted	Whole bundled commit and native diagnostic equivalence remain unverified	fix(canon): merge component class bindings (#2538)
13e5ec2a9752c5d8d41a9510f54e7096a583bb78	behavioral-contract	Reserved prop expression rewriting advances by UTF8 characters instead of interpreting each byte as a character, preserving non-ASCII string and template literals; ordinary generator/comment stripping paths retain Japanese text.	batch-start-verified-locally-Unicode-value-2-projects	Whole bundled commit and native diagnostic equivalence remain unverified	fix(canon): preserve non-ascii template literals
e49925f0fbde257854af2aa73e34b45be7f14b3d	behavioral-contract	Runtime prop constructor and function conditional helpers use valid TypeScript infer signatures in embedded, hoisted/batch and legacy generators, including when prop and emit checks are disabled.	not-admitted	Whole bundled commit and native diagnostic equivalence remain unverified	fix(canon): emit valid runtime prop helper
6fd843fb57857e6f1886ace03c0732cd76f18c98	behavioral-contract	Legacy Vue2 emit argument helper becomes an ambient declare type so noUnusedLocals does not report the generated helper when unused. Current helper remains ambient.	not-admitted	Whole bundled commit and native diagnostic equivalence remain unverified	fix(canon): suppress unused Vue 2 emit helper
25ca8a2b12bccf4dd321f0e152275233501b3883	behavioral-contract	A bundled Canon fix separates top-level type-based props from nested interface member names, unions locally extracted and macro-resolved prop bindings without duplicates, adds generic construct signatures for value specialization, and changes contextmenu to PointerEvent. Default export extraction is a helper relocation plus the new generic constructor intersection.	not-admitted	Whole bundled commit and native diagnostic equivalence remain unverified	fix(canon): handle recent type-canon regressions (#2495)
f4dbdb44c080b869630d8ad83d46a95fa356e124	behavioral-contract	Whole-props and emit inference literals include static string values and valueless true shorthand, not only dynamic props. Generated string escaping preserves source values, and the generic checker marker is selected before constructor fallback so inference uses its generic signature.	not-admitted	Whole bundled commit and native diagnostic equivalence remain unverified	fix(canon): infer generic component props (#2476)
87ed46d9a282a5f3da07900c6c67e5a7b652a316	behavioral-contract	Modern defineProps normalizes optional boolean keys to boolean; withDefaults historically drops result-type argument constraints and adds permissive object overloads. Canon patch does not implement TSX refs despite whole-commit title.	not-admitted	Whole bundled commit and native diagnostic equivalence remain unverified	fix(canon): normalize boolean props and TSX setup refs (#2475)
b34acb9e2a3a27ea3b4981c41ed64c42367447c2	behavioral-contract	Event-handler implicit reference mappings now cover only the authored expression text rather than the entire generated statement wrapper, improving authored editor navigation ranges.	not-admitted	Whole bundled commit and native diagnostic equivalence remain unverified	fix: restore editor navigation and gallery layout (#2462)
261e88513e2f5411167f7a401a69fcb35b241088	canon-test-only-cross-product-contract	Canon adds an inherited local interface props witness for Croquis production resolution: inherited required and local label must both bind in template scope, in inherited-first order.	not-admitted	Whole bundled commit and native diagnostic equivalence remain unverified	fix(croquis): resolve inherited interface props (#2453)
a6c98e7d24eb7323d7f3b9d2543e3e9f2f7def5b	classification-pending	Changes defineProps loose-required shape and default nonundefined handling; revises kebab prop optionality/fallthrough attrs and v-for conditional helper to retain member-array item types.	not-admitted	Whole bundled commit and native diagnostic equivalence remain unverified	fix(canon): handle recent template and TSX typing regressions (#2446)
6096c8bca193e3a73fb28918ca78613516ec0a02	behavior-fix	DefineEmits callable event intersections replace generic event-key inference in modern, legacy and JSX helpers.	not-admitted	Whole bundled commit and native diagnostic equivalence remain unverified	fix(canon): infer defineEmits event names (#2346)
246c6c0678c3fddd27b66f3bf1a630d684d8cd03	behavior-fix	Legacy Vue 2 loose object-event payloads and Nuxt2 page contextual options/Context aliases.	not-admitted	Whole bundled commit and native diagnostic equivalence remain unverified	fix(canon): preserve legacy Vue 2 Nuxt context types (#2330)
695976764435b7d68addf0d440fe79c2a43bdb5e	behavior-fix	Type-only imports no longer suppress auto-import component bindings.	not-admitted	Whole bundled commit and native diagnostic equivalence remain unverified	fix(canon): ignore type-only imports for auto import shadowing (#2332)
5eb53f331a55a9fdb02bb9e8ab83c141b0918146	behavior-fix	AST named-value-export extraction includes TS enum declarations.	not-admitted	Whole bundled commit and native diagnostic equivalence remain unverified	fix(canon): preserve TS enum virtual module exports (#2331)
27260d211025441b6303090d4fd7acaa65528f15	behavior-fix	TSX parser fallback, normal-script detection, named-export forwarding shim and extra virtual file registration preserve TSX SFC exports.	not-admitted	Whole bundled commit and native diagnostic equivalence remain unverified	fix(canon): preserve TSX SFC named exports (#2303)
3b23363761388106de0f79a7526bc389de92214c	retired-behavior	Original implicit $event alias in root arrow callback is reversed by 215ca5706f402ed831a3bac0166e96cbc21da286: authored free $event remains free so TypeScript can diagnose it.	not-admitted	Whole bundled commit and native diagnostic equivalence remain unverified	fix(canon): declare $event in inline-callback event handlers (#2271)
f4d945bb5263b198749bc6cfbe3f24272dc57c60	behavior-fix	Legacy inline function prop ranges are skipped from standalone expression emission even on unchecked components, avoiding uncontextualized arrow TS7006.	not-admitted	Whole bundled commit and native diagnostic equivalence remain unverified	fix(canon): suppress legacy inline prop implicit any (#2266)
a85f3da23989f8208edb7a01407aebfe19e8264a	behavior-fix-with-retired-companion	AST captures defineProps/withDefaults result bindings to anchor direct template prop reads. Companion expectation of unused props without template reads is reversed by 215ca5706f402ed831a3bac0166e96cbc21da286 because component signature consumes props.	not-admitted	Whole bundled commit and native diagnostic equivalence remain unverified	fix(canon): anchor direct defineProps template usage (#2262)
dfc0f23a768488cd504346a2b07d0ccef3a85ee5	behavior-fix	Legacy conditional __VForEntry<T> distinguishes any, array, string/number, iterable and object entries, retaining nested member-array and object-key types.	not-admitted	Whole bundled commit and native diagnostic equivalence remain unverified	fix(canon): preserve nested v-for member-array aliases (#2259)
da3b5e70aeb728b4f5a063354c6284c7e9970eb7	behavior-fix-with-renamed-witness	Rewrites only relative/alias/absolute Vue imports; bare Vue package imports stay native. Import spans include adjacent TS suppression comments.	not-admitted	Whole bundled commit and native diagnostic equivalence remain unverified	fix(canon): preserve SFC import suppressions and Vue shims (#2258)
8fe0c8dc8e1abd3df101d026f0b6efb876ef59d4	behavior-fix-unpinned-witness	Adds missing __VizeKebabCase, __VizeKebabProps and __VizeComponentProps declarations to legacy inline preamble.	not-admitted	Whole bundled commit and native diagnostic equivalence remain unverified	fix(canon): inline legacy component props helper (#2256)
be40baf2077e555a3e1041b47af369ba6f2e06d4	behavior-fix	Component props distributes T & Partial<Kebab<T>>, preserving readable original properties while accepting kebab aliases.	not-admitted	Whole bundled commit and native diagnostic equivalence remain unverified	fix(canon): keep v-for item props readable
1d21728c43103aff81708279db4a9be6553eb248	canon-scoped-structural-refactor	Canon portion extracts unchanged overlay helpers/navigation implementation and routes template_source through options; predicate extraction preserves logic. Other repository behavior not adjudicated.	not-admitted	Whole bundled commit and native diagnostic equivalence remain unverified	fix: complete template component props (#2221)
6800ef0c897408ebd089859f86acd4a0d2db8d8f	behavior-fix	Tracks virtual Vue overlays with created/changed/deleted summaries without materialized siblings; emits component tag/prop navigation anchors.	not-admitted	Whole bundled commit and native diagnostic equivalence remain unverified	fix: stabilize Vue LSP imports and template navigation (#2220)
aa03206ddd5518831c26bbc62c88b516c592d11d	behavior-fix	Legacy unresolved/global component props are unchecked and unknown event args fall back to any; imported components remain checkable.	not-admitted	Whole bundled commit and native diagnostic equivalence remain unverified	fix(canon): preserve Vue 2 Vuetify component fallbacks (#2217)
53c5d6e507b52decb903214322ab56e0312dbec0	behavior-fix-unpinned-witness	OXC TSX module statement spans replace line matching so import-like strings/comments are not removed; broader SFC-block parser behavior is outside Canon scope.	not-admitted	Whole bundled commit and native diagnostic equivalence remain unverified	fix(canon): ignore SFC blocks in script strings (#2200)
fffcb76482df4002955407669003ec45dd0615ba	behavior-fix	__VizePropValue distributes over union props before converting never to unknown, retaining camelCase child prop mismatch checking.	not-admitted	Whole bundled commit and native diagnostic equivalence remain unverified	fix: preserve camelCase SFC prop checks (#2169)
bd113bbccb2be992217f99d60b620f3715e4f1b5	behavior-fix-bundle-partially-refined	Unresolved inherited OptionsAPI bindings become any, kebab prop aliases are added, repeated slot helpers gain scope IDs, component unknown events use DOM fallback and $props uses component aliases. Later be40baf refines union props to intersection and aa03206 refines legacy fallback to any.	not-admitted	Whole bundled commit and native diagnostic equivalence remain unverified	fix: reduce Vue check false positives (#2134)
0027caad7a79b0d1a6f00b1ba68198b740f875c6	behavior-fix-partially-retired-implementation	Adds global JSX IntrinsicAttributes and vue/jsx-runtime module fallthrough attrs. a6c98e7d24eb7323d7f3b9d2543e3e9f2f7def5b removes vue/jsx-runtime augmentation while keeping global JSX.	not-admitted	Whole bundled commit and native diagnostic equivalence remain unverified	fix(check): allow Vue TSX fallthrough attrs (#2086)
1604bd9c3a17f78bdec64433d9aebde4ca4641f8	behavior-fix	Prefer resolved defineProps type fields over macro props when type args are available, with macro fallback when resolved fields are empty; align reserved name handling.	not-admitted	Whole bundled commit and native diagnostic equivalence remain unverified	fix(canon): expose setup props in template scope (#2081)
edac70a4b8aaf6dfedbd53d0fbe73149b9a79bed	behavior-fix-bundle	Avoid const enum value anchors, widen mutable ref primitive initial values and skip template alias shadowing of renamed destructured/rest props.	not-admitted	Whole bundled commit and native diagnostic equivalence remain unverified	fix(canon): stabilize Nuxt template checks (#2050)
71f9a8115e9c3cc70cafe600ed82063509353327	behavior-fix	Legacy component instances gain Vue2 instance members with generated props/emits, covering refs $el/$refs/$emit and related surface.	not-admitted	Whole bundled commit and native diagnostic equivalence remain unverified	fix(canon): expose Vue 2 instance members on refs (#2045)
fd87bb1274a781dad70c3599df9fd3365a1eb870	behavior-fix	Do not classify export type declarations without from as import lines; preserve entire exported type body in normal scripts. Later 53c5d6e replaces line-span implementation with AST spans.	not-admitted	Whole bundled commit and native diagnostic equivalence remain unverified	fix(canon): preserve normal script exported type bodies (#2038)
e9bfbcc91101021a20a5496ebdcf1740c99e7539	canon-test-only-for-upstream-behavior	Canon diff only adds transitive typeof-derived props interface and local alias ordering regression tests; implementation change is outside Canon.	not-admitted	Whole bundled commit and native diagnostic equivalence remain unverified	fix(canon): keep setup-derived type aliases in scope (#2037)
be564bc1b423bcc304e9d11a868467c82f0a526d	behavior-fix	Do not emit Options API this bridge when both computed and methods lists are empty, avoiding unused synthetic alias.	not-admitted	Whole bundled commit and native diagnostic equivalence remain unverified	fix(check): skip unused Options API this bridge
cec7d50748ea10603b2dbf3242d832d01b7cfe5e	behavior-fix-unpinned-witness	Contextually type inline function component props through Props-specific checker aliases, skip duplicate standalone expression ranges including v-if branches; createApp fallback adds mount/unmount/use chains. Guard helper extraction preserves predicate.	not-admitted	Whole bundled commit and native diagnostic equivalence remain unverified	fix(check): type function props and createApp chains (#2014)
cd1fc1447ab6b7d4e0a5afb589b0bafdbc1714a9	behavior-fix	Detect setup return object spreads via AST, expose safe template names through default-instance type capture and suppress native undefined-binding checks for spread-derived template refs.	not-admitted	Whole bundled commit and native diagnostic equivalence remain unverified	fix(check): expose Options API setup spread bindings (#2005)
7070fe414bbf008b6d72761ccfcba6a977bc1096	behavior-fix	Identifier Options API props defer to setup artifact; AST inserts as const on referenced const object initializer to preserve required:true literals.	not-admitted	Whole bundled commit and native diagnostic equivalence remain unverified	fix(check): preserve Vue 2 required options props (#2004)
f47f024b760f7692352612dc8a0cf850c18ae373	behavior-fix	Camelize hyphenated emit keys before forming onHandler prop keys, including colon-separated event keys.	not-admitted	Whole bundled commit and native diagnostic equivalence remain unverified	fix(check): camelize component emit handlers (#1998)
99bc5034f1671bef7de6c83047cd9c264d05562f	behavior-fix	When template checking is disabled but unused diagnostics are preserved, emit template-used setup anchors outside skipped template closure; extracts reserved-name anchor helper.	not-admitted	Whole bundled commit and native diagnostic equivalence remain unverified	fix(check): preserve template usage with disabled checks (#1968)
a4da0228d54f89923e2982044eeab2c4809529be	behavior-fix	Return normal-script exported values from setup and emit module exports through captured setup result. Handles declaration/destructured variables, functions and classes; no script-setup forwarding.	not-admitted	Whole bundled commit and native diagnostic equivalence remain unverified	fix(check): preserve normal script named exports (#1966)
958a2ac4c623225bd031a132de8540be8fd78f82	behavior-fix	Mark generated __default__ aliases used in module and setup emission to avoid generated unused errors.	not-admitted	Whole bundled commit and native diagnostic equivalence remain unverified	fix(check): mark generated default exports used (#1949)
ce15831f96c2963db2f56740f3edf45bf18665dd	canon-test-only-for-upstream-behavior	Canon diff adds setup-local type alias scope regression and documents different hoisting expectations; no Canon production edit.	not-admitted	Whole bundled commit and native diagnostic equivalence remain unverified	fix(check): cover setup local prop aliases (#1946)
921ee580f2548f4e97d3d208b2c1a457a28da306	behavior-fix	Recursively classify calls/functions/type assertions/new/spreads in runtime Options API props as value-only and defer to setup artifact rather than invalid type-literal emission.	not-admitted	Whole bundled commit and native diagnostic equivalence remain unverified	fix(check): avoid invalid Vue 2 prop virtual TS
3e7efb82ad29fb18eee89e31bcc5bf0053f2b409	behavior-fix	check_props=false emits unchecked keyed prop aliases from Record<string,unknown>, bypassing keyof constraints while retaining binding generation.	not-admitted	Whole bundled commit and native diagnostic equivalence remain unverified	fix(check): honor no-check-props for prop key bindings
d9535048975662e1fd68bf05db50b3ffd64a19f4	behavior-fix	Replace Vue version dependent EmitsToProps import with own emit-to-handler mapping helper. Later f47f024b camelizes handler keys.	not-admitted	Whole bundled commit and native diagnostic equivalence remain unverified	fix(check): avoid vue emits-to-props helper
f37a2d6764892f711d77f3cdf1c57d75a067e735	behavior-fix	AST identifier visitor distinguishes type references from values; omit value anchors for imports used only in types, but preserve template component/value names and typeof roots.	not-admitted	Whole bundled commit and native diagnostic equivalence remain unverified	fix(check): skip value anchors for type-only import uses
949fae1251fa05c96f1536e0e70d9a6d6e2f7984	behavior-fix	Vue2 dialect/legacy mode use structural runtime/emit/context/ref helper types and disable modern hoisted shared preamble/materialization.	not-admitted	Whole bundled commit and native diagnostic equivalence remain unverified	fix(check): use legacy Vue 2 helper types (#1923)
21d5dd73da450a3b3fb0638ef8544798ccc11e25	behavior-fix-with-retired-static-ref-usage-policy	Collect art variant template used identifiers as extra preserved usage; create template scope for custom-only names; setup prop augmentation helper moved unchanged. Companion introduction marked static template ref-only local identifiers used under preserve_unused_diagnostics. c0dae211 reverses this: static ref strings do not consume local bindings; real interpolation reads still do.	not-admitted	Whole bundled commit and native diagnostic equivalence remain unverified	fix(type-check): mark template art bindings used (#1905)
2105341f2a79f0801a383a49740566ba03fcbeee	classification-pending	Infers listener payload from generic child props, using authored FormSubmitEvent types across files.	not-admitted	Whole bundled commit and native diagnostic equivalence remain unverified	fix(check): infer generic component listener payloads (#1908)
dfdce7dd95f906520de680087343f04872f4945c	behavior-fix	Skip entire template scope generation when check_template_bindings=false, keeping script/setup checking text.	not-admitted	Whole bundled commit and native diagnostic equivalence remain unverified	fix(check): skip template scope when bindings disabled (#1903)
b46bd454b06c70329032e98bee050d80f877c2d5	behavior-fix	Options API setup returned bindings capture types from default component instance and unwrap refs in template rather than referencing unavailable local variables.	not-admitted	Whole bundled commit and native diagnostic equivalence remain unverified	fix: expose Options API setup returns to templates (#1897)
13ae68d9a09d91ca85353c9b769d4c78e6ed6f18	behavior-fix	Runtime props with object spreads stay in setup value scope and derive module Props via setup return artifact; add descriptor names to this bridge.	not-admitted	Whole bundled commit and native diagnostic equivalence remain unverified	fix: handle Options API props spread virtual TS
5bcfe78a5be8845d60d43a3b63eb0aa5111b3d7f	behavior-fix-with-later-legacy-refinement	Remove explicit Vue Ref generic arity and derive modern value through T["value"]. Later 949fae12 changes legacy path to structural value inference and modern widening is refined by edac70a4.	not-admitted	Whole bundled commit and native diagnostic equivalence remain unverified	fix(typecheck): derive ref unwrap from installed vue types (#1814)
724abf846703cc4461bb10c957ee5b5eefdf58ca	superseded-implementation	Original Vue2 single-parameter Ref<infer V> helper and threaded dialect arity cache are removed by 5bcfe78a; legacy helper subsequently becomes structural in 949fae12.	not-admitted	Whole bundled commit and native diagnostic equivalence remain unverified	fix(typecheck): use Vue 2 Ref arity (#1808)
fe056f2572172c469f06181bfe694878217ffc4a	behavior-fix-bundle	Defer defineProps types referring to setup typeof/nonhoisted types through setup artifact, private resolved alias if Props already exported; preserve actual else guard; normalize native removed tsconfig options/ES3 ES5/Node10.	not-admitted	Whole bundled commit and native diagnostic equivalence remain unverified	fix: validate vize check across e2e fixtures (#1729)
498c5f93e058cfa0050f5e308fda5373b682fbbe	behavior-fix-unpinned-witness	Runtime prop constructor inference handles callable/newable custom constructors, removes nullish branches and normalizes never to unknown in both helper variants.	not-admitted	Whole bundled commit and native diagnostic equivalence remain unverified	fix: address minor release blockers
01ae57c12f09b1bbe0be77097d5cd3788f3e65ad	behavior-fix	Default generated components intersect their construct signature with Vue option statics, satisfying external component constraints; later22d547 replaces ReturnType expansion with explicit static shape.	not-admitted	Whole bundled commit and native diagnostic equivalence remain unverified	fix(canon): preserve Vue component option statics (#1615)
beeb9d20faa6f952a8137b60f531cc37088deccd	behavior-fix-bundle	Recoverable template parser repairs retain AST/dependent diagnostics while hard errors suppress virtual generation; component props inside v-for inherit common enclosing v-if guards.	not-admitted	Whole bundled commit and native diagnostic equivalence remain unverified	fix: release v0.210.1 template diagnostics (#1566)
b76d2f7b3d23c49f55a12f2a7ba41e553304da1f	behavior-fix	Replace raw-text interface scanners with Croquis AST-backed property extraction; generic type references use bare lookup key while inline literals are preserved.	not-admitted	Whole bundled commit and native diagnostic equivalence remain unverified	fix(canon): extract prop interface fields via AST, drop the text scanner (#1394) (#1544)
4d95a2ddda5f33550cd408b5fa759e80bf9b68d4	behavior-fix	Component listeners contextualize and invoke full emit arg tuples instead of first argument; native DOM handlers keep single event.	not-admitted	Whole bundled commit and native diagnostic equivalence remain unverified	fix(canon): type component @event listeners with full emit arg tuple (#1512) (#1521)
edd9fbe7bf4a08d82f1a9229dd0fc6a6780f0c56	classification-pending	Wraps v-for source evaluation under an enclosing v-if before deriving item types.	not-admitted	Whole bundled commit and native diagnostic equivalence remain unverified	fix(canon): narrow v-for source by enclosing v-if in virtual TS (#1511) (#1520)
37b62dd501f041f8ea49684c412ac8912fa81b21	behavior-fix	Named class default export keeps standalone decorated class and deferred default alias instead of decorating const/class expression.	not-admitted	Whole bundled commit and native diagnostic equivalence remain unverified	fix(canon): keep decorators on class-component default exports (#1434)
87701cf384daf9ccb001e3ab5ea19f74e7938397	behavior-fix	Options API template bindings derive data/member types from authored default component instance, replacing unconditional any.	not-admitted	Whole bundled commit and native diagnostic equivalence remain unverified	fix(canon): type options api template bindings from instance (#1433)
e8ad806442134436b0a2750d6a93b63b627dceb1	behavior-fix	Remove raw await substring detection; async setup follows analyzed script AST, avoiding nested/comment/string await false positives.	not-admitted	Whole bundled commit and native diagnostic equivalence remain unverified	fix(canon): derive async setup from script AST (#1432)
df454d1dad18d3534176b6c9e8544fab636a2e88	behavior-fix	Wrap plain Options API object default exports in Vue defineComponent to give this contextual instance typing; leave explicit calls/script-setup unchanged.	not-admitted	Whole bundled commit and native diagnostic equivalence remain unverified	fix(canon): wrap plain `export default {...}` options objects with defineComponent in virtual TS (#1407)
1fdbb7ad0c88d27a55d4fa9056b2140916d2ac17	behavior-fix-bundle	Sharded CLI import-component cost planning/ownership and retry unsupported --checkers; recognize fileless diagnostics and avoid costly session fallback after valid diagnostic-shaped output; flatten extends array/package configs and reanchor typeRoots; strip const modifiers in type positions; parse authored slot annotation separately.	not-admitted	Whole bundled commit and native diagnostic equivalence remain unverified	fix(canon): keep vize check on the fast corsa CLI path (#1382)
b01ecf39085b5d14a01335749ddc7178d3b894d7	behavior-fix-partially-retired	Reemit Options API computed/method bodies with explicit this bridge and Pinia mapped types. 026f4b54 restricts bridge to legacy Vue2 and adds source mappings/modifier preservation; modern bridge retired because defineComponent already checks authored bodies.	not-admitted	Whole bundled commit and native diagnostic equivalence remain unverified	fix: type-check Options API instance bindings (#1366)
19b878c60242fff5328202728c92fbd23ef76d7d	behavior-fix-later-refined	Quirks unknown component events use DOM fallback; expose static runtime/type emits and runtime option artifact so listener payload survives unresolved construct props.	not-admitted	Whole bundled commit and native diagnostic equivalence remain unverified	fix(canon): fallback component event handlers in quirks (#1359)
eb62d44acada562ca55ed5da9d26b10c348e90c0	classification-pending	Replaces per-occurrence reference collection with identifier-name collection plus first find(name), reducing overhead.	not-admitted	Whole bundled commit and native diagnostic equivalence remain unverified	fix(croquis): reduce undefined ref offset overhead (#1284)
938a1b11ad3cab1e103544e7c0ef1e56abd7a3c6	classification-pending	Uses identifier references with per-occurrence offsets instead of expression-start mapping.	not-admitted	Whole bundled commit and native diagnostic equivalence remain unverified	fix(croquis): preserve undefined reference offsets (#1283)
8de44530eef34bd2658c52c5f53a2963e0980b1d	behavior-fix-with-replaced-implementation	Raw scanner recognizes only top-level interface fields while skipping nested braces/comments/strings; scanner later removedb76d2f7b in favor AST property resolver. Intended nested-field exclusion survives.	not-admitted	Whole bundled commit and native diagnostic equivalence remain unverified	fix(canon): ignore nested interface fields (#1279)
5c1ddef5af5c99711160a419899b1dff9f440012	behavior-fix-with-diagnostic-contract-refinement	Skip original keys for any defineProps destructure, including renamed foo:bar; generated original foo binding disappears. Historical positive TS2304 became current TS2339 under template context contract 215ca570; do not preserve old code.	not-admitted	Whole bundled commit and native diagnostic equivalence remain unverified	fix(canon): skip renamed props destructure keys (#1277)
b28c78952a0022c512c77ba3ce09273b4db7bd95	behavior-fix	Computed/indexed/optional member references are callable-handler candidates; lexical scanning preserves nested brackets, quotes and Unicode identifiers instead of accepting dotted identifiers only. Later nullable callback wrapper/private event parameter retain the checking intent.	not-admitted	Whole bundled commit and native diagnostic equivalence remain unverified	fix(canon): check computed event handler references (#1275)
cd7156d28386e072953476fdbc354a963758dc89	classification-pending	Preserves user TS6133 from authored code while suppressing unmapped generated Vue helper warnings; narrows setup usage anchors in noUnusedLocals projects.	not-admitted	Whole bundled commit and native diagnostic equivalence remain unverified	fix(typecheck): preserve user TS6133 diagnostics (#1271)
9f8a92fe20897915dfc2e1f134b7a66cb09d26c4	behavior-fix-with-refined-slot-contract	Dynamic v-slot uses declared slot payloads rather than treating expression slot as literal key. Historical all-slot union is refined by 215ca570 to keyof __S & __N, preserving name constraints.	not-admitted	Whole bundled commit and native diagnostic equivalence remain unverified	fix(canon): preserve dynamic v-slot prop checking (#1260)
7000ca00f400b745df16ac6304138eb5fcc01f4b	behavior-fix-supporting-cli-feature	Canon scope diff adds __VizePropValue<P,K> generic indexed-access helper and routes bound prop annotations through it. Global component collection is the accompanying CLI feature; CLI collection assertions are not evidence for the exact Canon conditional-type behavior. Later distributive prop helper refinements apply.	not-admitted	Whole bundled commit and native diagnostic equivalence remain unverified	fix(canon): recognize project global components (#1153)
c493e893338e64efdd7fe4f9f49acffa0c01b3d1	behavior-feature	Intersect exposed runtime/type bindings into exported component instance. Current structural output includes __VizeShallowUnwrapRef<Exposed> and public base; original bare &Exposed spelling is not the current contract.	not-admitted	Whole bundled commit and native diagnostic equivalence remain unverified	fix(canon): include exposed bindings in component instance (#1144)
f30af4cfaf242e826d7520726019467959c31ff0	behavior-fix	Do not synthesize an instance-global declaration for a dollar-prefixed setup binding already in BindingMetadata; preserve its template guard reference.	not-admitted	Whole bundled commit and native diagnostic equivalence remain unverified	fix(canon): avoid global redeclaration for setup dollar bindings (#1143)
f1ba7b90698fc3ef57a6f4fcb2a8b641d5ab6053	behavior-fix-with-event-parameter-refinement	Invoke inline arrow/function handler expressions with event argument, or no argument for empty parameter lists, to contextually type parameters. Current private __vize_handler_event replaces literal $event; 215ca570 separately preserves authored free $event references.	not-admitted	Whole bundled commit and native diagnostic equivalence remain unverified	fix(canon): call inline arrow event handlers (#1141)
4e8f5317fe371bb74dbd0731f28f78156db866a5	behavior-fix	Wrap same-element event handler in its v-if guard and rewrite reserved prop guard references, preserving type narrowing before callback validation.	not-admitted	Whole bundled commit and native diagnostic equivalence remain unverified	fix(canon): narrow event handlers with v-if (#1142)
4185649de7c5a859eedde74984d7eb253deae618	behavior-feature	Include defineModel members in Props and update:model events in Emits, merge type/runtime contracts without duplicate names, carry required/default optionality into template bindings and reserved model names.	not-admitted	Whole bundled commit and native diagnostic equivalence remain unverified	fix(type-checker): include defineModel in props and emits (#1133)
2160612c4b9dbe2dca53ba99c6bea154bbe95c82	behavior-fix-with-retired-unresolved-component-policy	Filter prop checks to bound/external components and omit empty remapped paths object. Historical unknown AutoCard:any with no check helpers is reversed by c6f498c to modern PascalCase ambient GlobalComponents fallback and check helpers. CLI Nuxt stubs/alias collectors are distinct.	not-admitted	Whole bundled commit and native diagnostic equivalence remain unverified	fix: improve Nuxt fallback type checking (#1023)
80333546c87b9bbd40362926e61114551eb28f93	classification-pending	Preserves TypeScript as assertions when a prop is named as; accepts withDefaults direct names and imported/re-exported interface props through the virtual project.	not-admitted	Whole bundled commit and native diagnostic equivalence remain unverified	fix: resolve today issue regressions (#952)
cb6326e9375fa4d67cd677415bc9673524b13c46	behavior-fix	Expose unresolved imported/intersection prop names through keyof-checked indexed bindings; skip dollar/reserved/destructured names, distinguish inline literals from top-level type operators and defaulted props.	not-admitted	Whole bundled commit and native diagnostic equivalence remain unverified	fix(typechecker): expose imported intersection props to templates (#941)
e7d8b1c82a8badec89ec9779838dfa50c1b9b790	behavior-fix	Native click and auxclick payload helper changes MouseEvent to PointerEvent, preserving other mouse events. Current contextmenu is separately PointerEvent; do not freeze historical MouseEvent contextmenu.	not-admitted	Whole bundled commit and native diagnostic equivalence remain unverified	fix(typechecker): type native click handlers as PointerEvent (#936)
bc0e6f324f11239797c25a07e966f41e2c2dd4fc	behavior-fix	Emit v-if guard itself once rather than re-emitting its condition inside its own narrowed block; retain source mapping for guard needle and reserved names.	not-admitted	Whole bundled commit and native diagnostic equivalence remain unverified	fix(typechecker): avoid rechecking v-if guard conditions (#935)
bea7cd0664ef06b9779ac00708501230ca2897d9	classification-pending	Removes optional marker for withDefaults-resolved template bindings and collects default keys via AST.	not-admitted	Whole bundled commit and native diagnostic equivalence remain unverified	fix(typechecker): honor withDefaults template props (#930)
27ae56ea668fc6c94653894ec29d75f8339a04c7	behavior-fix	Rewrite reserved template prop identifiers inside expressions and object shorthand while avoiding property keys/member accesses/string/template/regex literals; collect only reserved prop names for rewrite.	batch-start-verified-locally-reserved-expression-2-projects	Whole bundled commit and native diagnostic equivalence remain unverified	fix(typechecker): escape reserved template prop names (#923)
b2442feba555cc28ca656f4aa32b9f8e015bf6ec	classification-pending	Keeps undefined in component prop types rather than dropping it through a conditional shape.	not-admitted	Whole bundled commit and native diagnostic equivalence remain unverified	fix(type-checker): preserve optional prop undefined (#897)
f34d9e6da1aeb4ce0b641cb1a3c74c1840ca53b7	behavior-fix	Collect recognized v-if/else-if/else guard groups into linear native TypeScript control flow, retain shared prefix, source mappings and omit duplicated branch-condition expression; replace per-expression generation at all scope sites.	not-admitted	Whole bundled commit and native diagnostic equivalence remain unverified	fix(type-checker): linearize v-else-if virtual TS (#890)
46e967b5b5b1c6cdbb903fa5c85cd42c8f0d058a	behavior-fix-with-retired-positive-coverage	Infer component event listener full parameter tuples, accept zero-argument events, derive listener prop types from typed/runtime emits and supply EmitsToProps fallback. Historical positive wrong component/overload payload predicates removed by test-only 80b4b4c; removal is coverage retirement, not evidence that checking behavior was retired.	not-admitted	Whole bundled commit and native diagnostic equivalence remain unverified	fix: type component emits in handlers (#855)
11f3a6563c48d38997b2e603d282bbaaa9b53d2c	behavior-fix-bundle	Load recursive relative/absolute extended tsconfig compilerOptions with cycle guard and resolve paths from declaring config directory; merge parent then child options. Hoist full normal-script span when combined with setup, merge overlapping spans, and rewrite default export under module scope. AST rewrite later supersedes line scanner in 5b4c21c44cd8ce0a8d0ae8904f52342f6b825c7b row57.	not-admitted	Whole bundled commit and native diagnostic equivalence remain unverified	fix: resolve vue named exports through aliases
822768792a095efe41e240a4a86669ac73b1b8c5	behavior-fix	Resolve dollar-prefixed instance globals through ComponentPublicInstance/ComponentCustomProperties instead of undefined-local stubs; avoid template globals/CSS modules/type exports and map identifier declaration span. Later setup-binding exclusion f30af4c (row82) refines redeclaration; strict-instance-global option may reject unknown names.	not-admitted	Whole bundled commit and native diagnostic equivalence remain unverified	fix: resolve template instance globals through vue context (#849)
aa309ff7dbb11688ccaf932b99e43120fb4037e8	behavior-fix	Remove readonly from Nuxt ImportMeta client/server/dev/prod/ssr augmentation to avoid modifier conflicts with upstream declarations. Current import_meta.rs still emits mutable fields through a extracted emitter; semantics survive constant extraction.	not-admitted	Whole bundled commit and native diagnostic equivalence remain unverified	fix: avoid nuxt import meta conflicts
f228424b649d224ce89d4f39ed0bc2fe09f8b225	classification-pending	Adds generic functional prop checker so prop values infer the child generic across component boundaries and maps object property-key diagnostics to the authored attribute.	not-admitted	Whole bundled commit and native diagnostic equivalence remain unverified	fix(typechecker): infer generic component props (#796)
76132582fd93607bb43429918bdd1dcff68b1fa9	behavior-fix-with-strong-current-descendants	Infer scoped-slot binding from imported child constructor $slots named payload rather than any; shared emitter used for expression and component-prop closure scopes. Current generic/declaration/package payload tests retain and extend this contract.	not-admitted	Whole bundled commit and native diagnostic equivalence remain unverified	fix(canon,croquis): type scoped-slot props from the child's defineSlots (#764) (#773)
b06aeecfb8c215de44dcfbce1978c5ede4f8ac41	behavior-fix-with-refined-vfor-helper	Replace array-only forEach/key:number and manually stripped as assertions with overloaded __vForList source-kind tuple inference for array/number/string/Iterable/object in both loop emitters; preserve original source expression. Later any/unknown parity helpers refine second/third binding unions.	not-admitted	Whole bundled commit and native diagnostic equivalence remain unverified	fix(canon): type v-for key/value from source kind with overload helper (#767) (#772)
fb8eba1cfeced92863464d715a38744cf52f9607	behavior-fix	Inject defaulted SFC generic parameters into hoisted aliases/interfaces that reference them, retain already parameterized declarations, split mappings around synthetic insertion and guard against forming >=.	not-admitted	Whole bundled commit and native diagnostic equivalence remain unverified	fix(canon): bind script-setup generics on hoisted type declarations (#741)
07574f1faea7dec3be8f3177851a1a45c6c0c937	behavior-fix	Only hoist type_exports marked hoisted, keeping typeof names aliases inside setup where value bindings exist.	not-admitted	Whole bundled commit and native diagnostic equivalence remain unverified	fix(canon): keep typeof-anchored types inside __setup scope (#644)
93a5c14e4032bbf361b5b989a497b2b16c13139c	behavior-fix-bundle	Sanitize kebab component/prop/event helper fragments and runtime component references consistently; add defineComponent signature to fallback Vue dependency stub.	not-admitted	Whole bundled commit and native diagnostic equivalence remain unverified	fix(check): handle kebab components and vue stubs (#641)
2e884f7b2df816c675f1473bba681b4429a4f458	behavior-fix-with-retired-permissive-module-stubs	Add wildcard *.vue/*.vue.ts DefineComponent<any> module stubs to materialized program and switch void __setup() to __setup(). fa820cc removes wildcard declarations so missing Vue imports report; current file is inert comment. Do not preserve permissive wildcard resolution.	not-admitted	Whole bundled commit and native diagnostic equivalence remain unverified	fix: improve Vue virtual typing defaults (#617)
48fd1ce241e33b85d57f54c969c27319edcfc3e7	behavior-fix-with-later-AST-rewrite	Rewrite normal OptionsAPI export default into const __default__ inside setup before stripping ordinary export; avoids leftover invalid default expression. Later module-span hoisting and AST default rewrite preserve intent with new output.	not-admitted	Whole bundled commit and native diagnostic equivalence remain unverified	fix(canon): keep options api default export valid
d9a57097d5e3faedfe731478a2f214f4bf178373	classification-pending	Treats local setup maybe-ref bindings as template candidates and changes Ref conditional parameter to any instead of unknown.	not-admitted	Whole bundled commit and native diagnostic equivalence remain unverified	fix: unwrap maybe refs in template checks
67ec25621c3d4ccbcd36215a7f701bc3e3fb247e	behavior-fix-with-expanded-toggle-policy	Thread check_props/check_template_bindings/check_emits through batch generation; gate expression/undefined/prop/event outputs and skip closures when every check off. Current disabled-template policy skips whole template scope while retaining authored usage anchors under preserve-unused flag.	not-admitted	Whole bundled commit and native diagnostic equivalence remain unverified	fix: honor check toggles in virtual TS (#569)
731cce813a41207950923d89099ac2c87047c0b6	defensive-refactor-no-reachable-contract-change	Replace expect after explicit nonempty identifier guard, strip_prefix unwrap after identical starts_with predicate, and repeated defineExpose unwrap chain after checked runtime/type conditions with equivalent let-chain. These guarded operations preserve existing reachable behavior.	not-admitted	Whole bundled commit and native diagnostic equivalence remain unverified	fix: reduce unsafe and panic paths (#347)
b10876e9137243be48f9405e44b88003c1906f49	behavior-fix	Emit void anchors for actual destructured v-for value_bindings rather than pattern string value_alias in both loop emitters, avoiding invalid void {id,name} / array-pattern expression and retaining local usage.	not-admitted	Whole bundled commit and native diagnostic equivalence remain unverified	fix(type-aware): preserve destructured v-for bindings
79e9e110ba725255624cea545bcd6dd657e78348	classification-pending	Changes runtime prop inference and template prop-binding shadow handling; adds nested ref value component-prop acceptance.	not-admitted	Whole bundled commit and native diagnostic equivalence remain unverified	fix(canon): harden compiler macro regressions
a196265bb40236b6aecacfd128c4e9094d9326db	classification-pending	Materializes missing Vue/Vite runtime support and calls reference handlers with event payload so argument mismatches report without node_modules.	not-admitted	Whole bundled commit and native diagnostic equivalence remain unverified	fix(canon): harden no-node-modules diagnostics
2ac861d0d2247fc4e715117468e4cf874b9ebd04	classification-pending	Uses checked slice access to survive Unicode script-comment offsets.	not-admitted	Whole bundled commit and native diagnostic equivalence remain unverified	fix(canon): avoid unicode panic in virtual ts generation
