consumer_id	consumer	class	file	first_line	surface_id	surface	surface_group	matched_name	name_kind	sites
typechecker	Typechecker	test/dev	crates/vize_canon/benches/package_route.rs	40	s0	S0	stage	vize_s0	preferred	1
typechecker	Typechecker	manifest	crates/vize_canon/Cargo.toml	22	davinci	Davinci	stage	vize_davinci	preferred	1
typechecker	Typechecker	manifest	crates/vize_canon/Cargo.toml	22	s0	S0	stage	vize_s0	preferred	2
typechecker	Typechecker	manifest	crates/vize_canon/Cargo.toml	22	s1	S1	stage	vize_s1	preferred	2
typechecker	Typechecker	manifest	crates/vize_canon/Cargo.toml	22	s2	S2	stage	vize_s2	preferred	2
typechecker	Typechecker	manifest	crates/vize_canon/Cargo.toml	22	s1_to_s2	S1->S2	stage	vize_s1_to_s2	preferred	2
typechecker	Typechecker	manifest	crates/vize_canon/Cargo.toml	22	old_ast	old AST/parser	old	vize_relief	legacy	1
typechecker	Typechecker	manifest	crates/vize_canon/Cargo.toml	22	old_ast	old AST/parser	old	vize_armature	legacy	3
typechecker	Typechecker	manifest	crates/vize_canon/Cargo.toml	22	croquis	Croquis analysis	old	vize_croquis	legacy	2
typechecker	Typechecker	manifest	crates/vize_canon/Cargo.toml	22	raw_oxc	raw OXC	raw	oxc_allocator	raw	1
typechecker	Typechecker	manifest	crates/vize_canon/Cargo.toml	22	raw_oxc	raw OXC	raw	oxc_ast	raw	1
typechecker	Typechecker	manifest	crates/vize_canon/Cargo.toml	22	raw_oxc	raw OXC	raw	oxc_ast_visit	raw	1
typechecker	Typechecker	manifest	crates/vize_canon/Cargo.toml	22	raw_oxc	raw OXC	raw	oxc_parser	raw	1
typechecker	Typechecker	manifest	crates/vize_canon/Cargo.toml	22	raw_oxc	raw OXC	raw	oxc_semantic	raw	1
typechecker	Typechecker	manifest	crates/vize_canon/Cargo.toml	22	raw_oxc	raw OXC	raw	oxc_syntax	raw	1
typechecker	Typechecker	test/dev	crates/vize_canon/src/batch.rs	64	s0	S0	stage	vize_carton	compat	1
typechecker	Typechecker	source	crates/vize_canon/src/batch/error.rs	4	s0	S0	stage	vize_carton	compat	3
typechecker	Typechecker	source	crates/vize_canon/src/batch/executor.rs	20	s0	S0	stage	vize_carton	compat	1
typechecker	Typechecker	source	crates/vize_canon/src/batch/executor/cli.rs	10	s0	S0	stage	vize_carton	compat	2
typechecker	Typechecker	source	crates/vize_canon/src/batch/executor/cli/diagnostic_paths.rs	15	s0	S0	stage	vize_carton	compat	1
typechecker	Typechecker	test/dev	crates/vize_canon/src/batch/executor/cli/diagnostic_paths.rs	204	s0	S0	stage	vize_carton	compat	1
typechecker	Typechecker	source	crates/vize_canon/src/batch/executor/cli/import_resolution.rs	5	s0	S0	stage	vize_carton	compat	1
typechecker	Typechecker	test/dev	crates/vize_canon/src/batch/executor/cli/import_resolution.rs	47	s0	S0	stage	vize_carton	compat	1
typechecker	Typechecker	test/dev	crates/vize_canon/src/batch/executor/cli/patterns/tests.rs	5	s0	S0	stage	vize_carton	compat	1
typechecker	Typechecker	test/dev	crates/vize_canon/src/batch/executor/cli/tests.rs	11	s0	S0	stage	vize_carton	compat	1
typechecker	Typechecker	source	crates/vize_canon/src/batch/executor/declaration_helpers.rs	5	s0	S0	stage	vize_carton	compat	2
typechecker	Typechecker	source	crates/vize_canon/src/batch/executor/declaration_helpers.rs	5	raw_oxc	raw OXC	raw	oxc_allocator	raw	1
typechecker	Typechecker	source	crates/vize_canon/src/batch/executor/declaration_helpers.rs	5	raw_oxc	raw OXC	raw	oxc_ast	raw	1
typechecker	Typechecker	source	crates/vize_canon/src/batch/executor/declaration_helpers.rs	5	raw_oxc	raw OXC	raw	oxc_parser	raw	1
typechecker	Typechecker	source	crates/vize_canon/src/batch/executor/declaration_maps.rs	11	s0	S0	stage	vize_carton	compat	1
typechecker	Typechecker	test/dev	crates/vize_canon/src/batch/executor/declaration_maps.rs	205	s0	S0	stage	vize_carton	compat	1
typechecker	Typechecker	source	crates/vize_canon/src/batch/executor/declaration_maps/positions.rs	8	s0	S0	stage	vize_carton	compat	1
typechecker	Typechecker	source	crates/vize_canon/src/batch/executor/declaration_outputs.rs	9	s0	S0	stage	vize_carton	compat	1
typechecker	Typechecker	source	crates/vize_canon/src/batch/executor/diagnostics.rs	8	s0	S0	stage	vize_carton	compat	1
typechecker	Typechecker	test/dev	crates/vize_canon/src/batch/executor/diagnostics.rs	180	s0	S0	stage	vize_carton	compat	2
typechecker	Typechecker	source	crates/vize_canon/src/batch/executor/diagnostics/assembly.rs	11	s0	S0	stage	vize_carton	compat	1
typechecker	Typechecker	source	crates/vize_canon/src/batch/executor/diagnostics/dedup.rs	7	s0	S0	stage	vize_carton	compat	1
typechecker	Typechecker	test/dev	crates/vize_canon/src/batch/executor/diagnostics/keyof_mapping_tests.rs	10	s0	S0	stage	vize_carton	compat	2
typechecker	Typechecker	source	crates/vize_canon/src/batch/executor/diagnostics/line_index.rs	1	s0	S0	stage	vize_carton	compat	2
typechecker	Typechecker	test/dev	crates/vize_canon/src/batch/executor/diagnostics/line_index.rs	30	s0	S0	stage	vize_carton	compat	4
typechecker	Typechecker	source	crates/vize_canon/src/batch/executor/diagnostics/module_specifier.rs	22	s0	S0	stage	vize_carton	compat	1
typechecker	Typechecker	test/dev	crates/vize_canon/src/batch/executor/diagnostics/module_specifier.rs	133	s0	S0	stage	vize_carton	compat	1
typechecker	Typechecker	source	crates/vize_canon/src/batch/executor/diagnostics/virtual_path_message.rs	28	s0	S0	stage	vize_carton	compat	1
typechecker	Typechecker	source	crates/vize_canon/src/batch/executor/fallback.rs	4	s0	S0	stage	vize_carton	compat	1
typechecker	Typechecker	source	crates/vize_canon/src/batch/executor/option_probe.rs	20	s0	S0	stage	vize_carton	compat	2
typechecker	Typechecker	source	crates/vize_canon/src/batch/executor/session.rs	6	s0	S0	stage	vize_carton	compat	1
typechecker	Typechecker	source	crates/vize_canon/src/batch/executor/session/diagnostic_paths.rs	4	s0	S0	stage	vize_carton	compat	1
typechecker	Typechecker	source	crates/vize_canon/src/batch/executor/session/snapshot.rs	6	s0	S0	stage	vize_carton	compat	1
typechecker	Typechecker	test/dev	crates/vize_canon/src/batch/executor/session/tests.rs	4	s0	S0	stage	vize_carton	compat	1
typechecker	Typechecker	test/dev	crates/vize_canon/src/batch/executor/tests.rs	10	s0	S0	stage	vize_carton	compat	1
typechecker	Typechecker	source	crates/vize_canon/src/batch/import_rewriter_authored_vue_ts.rs	5	s0	S0	stage	vize_carton	compat	1
typechecker	Typechecker	source	crates/vize_canon/src/batch/import_rewriter_collect.rs	4	s0	S0	stage	vize_carton	compat	1
typechecker	Typechecker	source	crates/vize_canon/src/batch/import_rewriter_collect.rs	4	raw_oxc	raw OXC	raw	oxc_allocator	raw	1
typechecker	Typechecker	source	crates/vize_canon/src/batch/import_rewriter_collect.rs	4	raw_oxc	raw OXC	raw	oxc_ast	raw	1
typechecker	Typechecker	source	crates/vize_canon/src/batch/import_rewriter_collect.rs	4	raw_oxc	raw OXC	raw	oxc_ast_visit	raw	1
typechecker	Typechecker	source	crates/vize_canon/src/batch/import_rewriter_collect.rs	4	raw_oxc	raw OXC	raw	oxc_parser	raw	1
typechecker	Typechecker	test/dev	crates/vize_canon/src/batch/import_rewriter_dts_tests.rs	5	s0	S0	stage	vize_carton	compat	4
typechecker	Typechecker	source	crates/vize_canon/src/batch/import_rewriter_dts.rs	10	s0	S0	stage	vize_carton	compat	2
typechecker	Typechecker	source	crates/vize_canon/src/batch/import_rewriter_policy.rs	5	s0	S0	stage	vize_carton	compat	1
typechecker	Typechecker	source	crates/vize_canon/src/batch/import_rewriter_project_mirror.rs	6	s0	S0	stage	vize_carton	compat	6
typechecker	Typechecker	source	crates/vize_canon/src/batch/import_rewriter_source_map.rs	3	s0	S0	stage	vize_carton	compat	1
typechecker	Typechecker	test/dev	crates/vize_canon/src/batch/import_rewriter_tests.rs	5	s0	S0	stage	vize_carton	compat	4
typechecker	Typechecker	source	crates/vize_canon/src/batch/import_rewriter_virtual_alias.rs	11	s0	S0	stage	vize_carton	compat	4
typechecker	Typechecker	test/dev	crates/vize_canon/src/batch/import_rewriter_virtual_tests.rs	5	s0	S0	stage	vize_carton	compat	1
typechecker	Typechecker	source	crates/vize_canon/src/batch/import_rewriter_virtual.rs	3	s0	S0	stage	vize_carton	compat	1
typechecker	Typechecker	source	crates/vize_canon/src/batch/import_rewriter_virtual.rs	3	raw_oxc	raw OXC	raw	oxc_allocator	raw	1
typechecker	Typechecker	source	crates/vize_canon/src/batch/import_rewriter_virtual.rs	3	raw_oxc	raw OXC	raw	oxc_ast_visit	raw	1
typechecker	Typechecker	source	crates/vize_canon/src/batch/import_rewriter_virtual.rs	3	raw_oxc	raw OXC	raw	oxc_parser	raw	1
typechecker	Typechecker	test/dev	crates/vize_canon/src/batch/import_rewriter_virtual.rs	204	s0	S0	stage	vize_carton	compat	1
typechecker	Typechecker	source	crates/vize_canon/src/batch/import_rewriter.rs	5	s0	S0	stage	vize_carton	compat	1
typechecker	Typechecker	source	crates/vize_canon/src/batch/import_rewriter.rs	5	raw_oxc	raw OXC	raw	oxc_allocator	raw	1
typechecker	Typechecker	source	crates/vize_canon/src/batch/import_rewriter.rs	5	raw_oxc	raw OXC	raw	oxc_ast_visit	raw	1
typechecker	Typechecker	source	crates/vize_canon/src/batch/import_rewriter.rs	5	raw_oxc	raw OXC	raw	oxc_parser	raw	1
typechecker	Typechecker	source	crates/vize_canon/src/batch/materialize_fs.rs	5	s0	S0	stage	vize_carton	compat	1
typechecker	Typechecker	source	crates/vize_canon/src/batch/materialize_lock.rs	9	s0	S0	stage	vize_carton	compat	1
typechecker	Typechecker	source	crates/vize_canon/src/batch/runtime_deps.rs	5	s0	S0	stage	vize_carton	compat	1
typechecker	Typechecker	test/dev	crates/vize_canon/src/batch/runtime_deps.rs	58	s0	S0	stage	vize_carton	compat	1
typechecker	Typechecker	source	crates/vize_canon/src/batch/type_checker.rs	196	s0	S0	stage	vize_carton	compat	1
typechecker	Typechecker	source	crates/vize_canon/src/batch/type_checker/declarations.rs	5	s0	S0	stage	vize_carton	compat	1
typechecker	Typechecker	source	crates/vize_canon/src/batch/type_checker/generic_private_names.rs	13	s0	S0	stage	vize_carton	compat	1
typechecker	Typechecker	source	crates/vize_canon/src/batch/type_checker/generic_private_names.rs	13	croquis	Croquis analysis	old	vize_croquis	legacy	1
typechecker	Typechecker	source	crates/vize_canon/src/batch/type_checker/generic_private_names.rs	13	raw_oxc	raw OXC	raw	oxc_allocator	raw	1
typechecker	Typechecker	source	crates/vize_canon/src/batch/type_checker/generic_private_names.rs	13	raw_oxc	raw OXC	raw	oxc_ast	raw	1
typechecker	Typechecker	source	crates/vize_canon/src/batch/type_checker/incremental.rs	5	s0	S0	stage	vize_carton	compat	1
typechecker	Typechecker	source	crates/vize_canon/src/batch/type_checker/paths.rs	6	s0	S0	stage	vize_carton	compat	1
typechecker	Typechecker	test/dev	crates/vize_canon/src/batch/type_checker/paths.rs	59	s0	S0	stage	vize_carton	compat	8
typechecker	Typechecker	test/dev	crates/vize_canon/src/batch/type_checker/tests.rs	10	s0	S0	stage	vize_carton	compat	3
typechecker	Typechecker	test/dev	crates/vize_canon/src/batch/type_checker/tests/emit_object_recursion.rs	7	s0	S0	stage	vize_carton	compat	1
typechecker	Typechecker	test/dev	crates/vize_canon/src/batch/type_checker/tests/generic_component_listener_payload.rs	2	s0	S0	stage	vize_carton	compat	1
typechecker	Typechecker	test/dev	crates/vize_canon/src/batch/type_checker/tests/generic_props/inline_callback_guarded_props.rs	22	s0	S0	stage	vize_s0	preferred	1
typechecker	Typechecker	test/dev	crates/vize_canon/src/batch/type_checker/tests/generic_props/inline_callback_props.rs	10	s0	S0	stage	vize_carton	compat	1
typechecker	Typechecker	test/dev	crates/vize_canon/src/batch/type_checker/tests/generic_props/inline_callback_union_props.rs	4	s0	S0	stage	vize_s0	preferred	1
typechecker	Typechecker	test/dev	crates/vize_canon/src/batch/type_checker/tests/no_check_props.rs	100	s0	S0	stage	vize_carton	compat	3
typechecker	Typechecker	test/dev	crates/vize_canon/src/batch/type_checker/tests/no_unused.rs	5	s0	S0	stage	vize_carton	compat	3
typechecker	Typechecker	test/dev	crates/vize_canon/src/batch/type_checker/tests/no_unused/css_v_bind.rs	182	s0	S0	stage	vize_carton	compat	4
typechecker	Typechecker	test/dev	crates/vize_canon/src/batch/type_checker/tests/no_unused/define_emits_unused.rs	111	s0	S0	stage	vize_carton	compat	2
typechecker	Typechecker	test/dev	crates/vize_canon/src/batch/type_checker/tests/no_unused/define_props_template_object.rs	74	s0	S0	stage	vize_carton	compat	2
typechecker	Typechecker	test/dev	crates/vize_canon/src/batch/type_checker/tests/options_api_required_props.rs	173	s0	S0	stage	vize_carton	compat	1
typechecker	Typechecker	test/dev	crates/vize_canon/src/batch/type_checker/tests/package_exports_types.rs	7	s0	S0	stage	vize_carton	compat	1
typechecker	Typechecker	test/dev	crates/vize_canon/src/batch/type_checker/tests/recent_issues/component_options_index_signature.rs	11	s0	S0	stage	vize_s0	preferred	1
typechecker	Typechecker	test/dev	crates/vize_canon/src/batch/type_checker/tests/recent_issues/component_vif_guard_ts7006.rs	56	s0	S0	stage	vize_s0	preferred	2
typechecker	Typechecker	test/dev	crates/vize_canon/src/batch/type_checker/tests/recent_issues/css_side_effect_import.rs	19	s0	S0	stage	vize_s0	preferred	2
typechecker	Typechecker	test/dev	crates/vize_canon/src/batch/type_checker/tests/recent_issues/diagnostic_normalization.rs	1	s0	S0	stage	vize_s0	preferred	1
typechecker	Typechecker	test/dev	crates/vize_canon/src/batch/type_checker/tests/recent_issues/directive_anchors.rs	11	s0	S0	stage	vize_s0	preferred	1
typechecker	Typechecker	test/dev	crates/vize_canon/src/batch/type_checker/tests/recent_issues/directive_values.rs	9	s0	S0	stage	vize_s0	preferred	1
typechecker	Typechecker	test/dev	crates/vize_canon/src/batch/type_checker/tests/recent_issues/exact_optional_props.rs	17	s0	S0	stage	vize_s0	preferred	1
typechecker	Typechecker	test/dev	crates/vize_canon/src/batch/type_checker/tests/recent_issues/external_slot_payloads.rs	11	s0	S0	stage	vize_s0	preferred	1
typechecker	Typechecker	test/dev	crates/vize_canon/src/batch/type_checker/tests/recent_issues/external_slot_payloads/v_for_any.rs	4	s0	S0	stage	vize_s0	preferred	1
typechecker	Typechecker	test/dev	crates/vize_canon/src/batch/type_checker/tests/recent_issues/fallthrough_unknown_attrs.rs	14	s0	S0	stage	vize_s0	preferred	1
typechecker	Typechecker	test/dev	crates/vize_canon/src/batch/type_checker/tests/recent_issues/generic_emit_guard.rs	6	s0	S0	stage	vize_s0	preferred	1
typechecker	Typechecker	test/dev	crates/vize_canon/src/batch/type_checker/tests/recent_issues/global_component_callbacks.rs	49	s0	S0	stage	vize_s0	preferred	8
typechecker	Typechecker	test/dev	crates/vize_canon/src/batch/type_checker/tests/recent_issues/global_html_fallthrough_attrs.rs	21	s0	S0	stage	vize_s0	preferred	1
typechecker	Typechecker	test/dev	crates/vize_canon/src/batch/type_checker/tests/recent_issues/histoire_layout_props.rs	6	s0	S0	stage	vize_s0	preferred	1
typechecker	Typechecker	test/dev	crates/vize_canon/src/batch/type_checker/tests/recent_issues/large_declaration_identity.rs	5	s0	S0	stage	vize_carton	compat	1
typechecker	Typechecker	test/dev	crates/vize_canon/src/batch/type_checker/tests/recent_issues/literal_union_props.rs	7	s0	S0	stage	vize_s0	preferred	1
typechecker	Typechecker	test/dev	crates/vize_canon/src/batch/type_checker/tests/recent_issues/options_api_bridge_anchors.rs	21	s0	S0	stage	vize_s0	preferred	1
typechecker	Typechecker	test/dev	crates/vize_canon/src/batch/type_checker/tests/recent_issues/real_project_parity.rs	342	s0	S0	stage	vize_s0	preferred	2
typechecker	Typechecker	test/dev	crates/vize_canon/src/batch/type_checker/tests/recent_issues/single_required_camel_prop.rs	4	s0	S0	stage	vize_s0	preferred	1
typechecker	Typechecker	test/dev	crates/vize_canon/src/batch/type_checker/tests/recent_issues/split_script_diagnostic_anchors.rs	8	s0	S0	stage	vize_s0	preferred	1
typechecker	Typechecker	test/dev	crates/vize_canon/src/batch/type_checker/tests/recent_issues/strict_route_instance_global.rs	14	s0	S0	stage	vize_s0	preferred	1
typechecker	Typechecker	test/dev	crates/vize_canon/src/batch/type_checker/tests/recent_issues/template_handler_ts7006.rs	41	s0	S0	stage	vize_s0	preferred	18
typechecker	Typechecker	test/dev	crates/vize_canon/src/batch/type_checker/tests/recent_issues/template_instance_props.rs	24	s0	S0	stage	vize_s0	preferred	1
typechecker	Typechecker	test/dev	crates/vize_canon/src/batch/type_checker/tests/recent_issues/template_instance_props/options_api.rs	14	s0	S0	stage	vize_s0	preferred	1
typechecker	Typechecker	test/dev	crates/vize_canon/src/batch/type_checker/tests/recent_issues/template_instance_props/type_only.rs	9	s0	S0	stage	vize_s0	preferred	1
typechecker	Typechecker	test/dev	crates/vize_canon/src/batch/type_checker/tests/recent_issues/template_key_expressions.rs	23	s0	S0	stage	vize_s0	preferred	1
typechecker	Typechecker	test/dev	crates/vize_canon/src/batch/type_checker/tests/recent_issues/template_key_expressions/dialect_baselines.rs	12	s0	S0	stage	vize_s0	preferred	1
typechecker	Typechecker	test/dev	crates/vize_canon/src/batch/type_checker/tests/recent_issues/ts_extension_substitution.rs	4	s0	S0	stage	vize_s0	preferred	1
typechecker	Typechecker	test/dev	crates/vize_canon/src/batch/type_checker/tests/recent_issues/unmapped_template_fallback.rs	7	s0	S0	stage	vize_s0	preferred	1
typechecker	Typechecker	test/dev	crates/vize_canon/src/batch/type_checker/tests/recent_issues/v_for_source_callbacks.rs	4	s0	S0	stage	vize_s0	preferred	1
typechecker	Typechecker	test/dev	crates/vize_canon/src/batch/type_checker/tests/recent_issues/vue27_render_h.rs	8	s0	S0	stage	vize_s0	preferred	1
typechecker	Typechecker	test/dev	crates/vize_canon/src/batch/type_checker/tests/recent_issues/vue27_render_h.rs	8	s0	S0	stage	vize_carton	compat	1
typechecker	Typechecker	test/dev	crates/vize_canon/src/batch/type_checker/tests/recent_issues/wide_props_type_complexity.rs	17	s0	S0	stage	vize_s0	preferred	1
typechecker	Typechecker	test/dev	crates/vize_canon/src/batch/type_checker/tests/tsgo.rs	39	s0	S0	stage	vize_carton	compat	1
typechecker	Typechecker	source	crates/vize_canon/src/batch/virtual_project.rs	21	s0	S0	stage	vize_carton	compat	1
typechecker	Typechecker	test/dev	crates/vize_canon/src/batch/virtual_project.rs	270	s0	S0	stage	vize_carton	compat	2
typechecker	Typechecker	source	crates/vize_canon/src/batch/virtual_project/art_usage.rs	5	s0	S0	stage	vize_carton	compat	1
typechecker	Typechecker	source	crates/vize_canon/src/batch/virtual_project/build.rs	7	s0	S0	stage	vize_carton	compat	2
typechecker	Typechecker	source	crates/vize_canon/src/batch/virtual_project/build/context.rs	4	s0	S0	stage	vize_carton	compat	2
typechecker	Typechecker	source	crates/vize_canon/src/batch/virtual_project/build/css_modules.rs	6	s0	S0	stage	vize_carton	compat	2
typechecker	Typechecker	source	crates/vize_canon/src/batch/virtual_project/css_var_usage.rs	20	s0	S0	stage	vize_carton	compat	1
typechecker	Typechecker	source	crates/vize_canon/src/batch/virtual_project/css_var_usage.rs	20	croquis	Croquis analysis	old	vize_croquis	legacy	1
typechecker	Typechecker	test/dev	crates/vize_canon/src/batch/virtual_project/css_var_usage.rs	41	s0	S0	stage	vize_carton	compat	1
typechecker	Typechecker	source	crates/vize_canon/src/batch/virtual_project/declaration_emit.rs	7	s0	S0	stage	vize_carton	compat	2
typechecker	Typechecker	source	crates/vize_canon/src/batch/virtual_project/declaration_emit/tsx_shims.rs	7	s0	S0	stage	vize_carton	compat	1
typechecker	Typechecker	source	crates/vize_canon/src/batch/virtual_project/declaration_emit/tsx_shims.rs	7	raw_oxc	raw OXC	raw	oxc_allocator	raw	1
typechecker	Typechecker	source	crates/vize_canon/src/batch/virtual_project/declaration_emit/tsx_shims.rs	7	raw_oxc	raw OXC	raw	oxc_ast	raw	1
typechecker	Typechecker	source	crates/vize_canon/src/batch/virtual_project/declaration_emit/tsx_shims.rs	7	raw_oxc	raw OXC	raw	oxc_ast_visit	raw	1
typechecker	Typechecker	source	crates/vize_canon/src/batch/virtual_project/declaration_emit/tsx_shims.rs	7	raw_oxc	raw OXC	raw	oxc_parser	raw	1
typechecker	Typechecker	test/dev	crates/vize_canon/src/batch/virtual_project/dependency_scan.rs	29	s0	S0	stage	vize_carton	compat	2
typechecker	Typechecker	source	crates/vize_canon/src/batch/virtual_project/dependency_scan/resolution.rs	5	s0	S0	stage	vize_carton	compat	2
typechecker	Typechecker	source	crates/vize_canon/src/batch/virtual_project/diagnostics.rs	7	s0	S0	stage	vize_carton	compat	2
typechecker	Typechecker	source	crates/vize_canon/src/batch/virtual_project/document.rs	8	s0	S0	stage	vize_carton	compat	3
typechecker	Typechecker	source	crates/vize_canon/src/batch/virtual_project/editor_projection.rs	72	s0	S0	stage	vize_carton	compat	3
typechecker	Typechecker	source	crates/vize_canon/src/batch/virtual_project/external_mirror.rs	14	s0	S0	stage	vize_carton	compat	1
typechecker	Typechecker	source	crates/vize_canon/src/batch/virtual_project/identity.rs	29	s0	S0	stage	vize_carton	compat	8
typechecker	Typechecker	test/dev	crates/vize_canon/src/batch/virtual_project/identity.rs	182	s0	S0	stage	vize_carton	compat	3
typechecker	Typechecker	source	crates/vize_canon/src/batch/virtual_project/incremental_graph.rs	10	s0	S0	stage	vize_carton	compat	4
typechecker	Typechecker	source	crates/vize_canon/src/batch/virtual_project/javascript_sfc.rs	21	s0	S0	stage	vize_carton	compat	1
typechecker	Typechecker	test/dev	crates/vize_canon/src/batch/virtual_project/javascript_sfc.rs	218	s0	S0	stage	vize_carton	compat	1
typechecker	Typechecker	source	crates/vize_canon/src/batch/virtual_project/jsx_build.rs	4	s0	S0	stage	vize_carton	compat	1
typechecker	Typechecker	source	crates/vize_canon/src/batch/virtual_project/jsx_codegen.rs	75	s0	S0	stage	vize_carton	compat	1
typechecker	Typechecker	source	crates/vize_canon/src/batch/virtual_project/jsx_codegen/collect.rs	9	s0	S0	stage	vize_carton	compat	1
typechecker	Typechecker	source	crates/vize_canon/src/batch/virtual_project/jsx_codegen/collect.rs	9	old_ast	old AST/parser	old	vize_relief	legacy	4
typechecker	Typechecker	source	crates/vize_canon/src/batch/virtual_project/jsx_codegen/component.rs	10	s0	S0	stage	vize_carton	compat	1
typechecker	Typechecker	source	crates/vize_canon/src/batch/virtual_project/jsx_codegen/component.rs	10	old_ast	old AST/parser	old	vize_relief	legacy	1
typechecker	Typechecker	source	crates/vize_canon/src/batch/virtual_project/jsx_codegen/slot.rs	28	s0	S0	stage	vize_carton	compat	1
typechecker	Typechecker	source	crates/vize_canon/src/batch/virtual_project/jsx_codegen/slot.rs	28	old_ast	old AST/parser	old	vize_relief	legacy	1
typechecker	Typechecker	source	crates/vize_canon/src/batch/virtual_project/mapping.rs	20	s0	S0	stage	vize_carton	compat	3
typechecker	Typechecker	source	crates/vize_canon/src/batch/virtual_project/mapping/materialized_sources.rs	17	s0	S0	stage	vize_carton	compat	2
typechecker	Typechecker	test/dev	crates/vize_canon/src/batch/virtual_project/mapping/materialized_sources.rs	152	s0	S0	stage	vize_carton	compat	1
typechecker	Typechecker	source	crates/vize_canon/src/batch/virtual_project/materialize_delta.rs	5	s0	S0	stage	vize_carton	compat	1
typechecker	Typechecker	test/dev	crates/vize_canon/src/batch/virtual_project/materialize_delta/tests.rs	5	s0	S0	stage	vize_carton	compat	1
typechecker	Typechecker	source	crates/vize_canon/src/batch/virtual_project/materialize_links.rs	5	s0	S0	stage	vize_carton	compat	6
typechecker	Typechecker	source	crates/vize_canon/src/batch/virtual_project/materialize_stubs.rs	10	s0	S0	stage	vize_carton	compat	1
typechecker	Typechecker	source	crates/vize_canon/src/batch/virtual_project/materialize.rs	8	s0	S0	stage	vize_carton	compat	4
typechecker	Typechecker	source	crates/vize_canon/src/batch/virtual_project/module_projection.rs	5	s0	S0	stage	vize_carton	compat	2
typechecker	Typechecker	source	crates/vize_canon/src/batch/virtual_project/option_probe.rs	31	s0	S0	stage	vize_carton	compat	1
typechecker	Typechecker	source	crates/vize_canon/src/batch/virtual_project/package_link_owners.rs	5	s0	S0	stage	vize_carton	compat	3
typechecker	Typechecker	test/dev	crates/vize_canon/src/batch/virtual_project/package_node_modules.rs	29	s0	S0	stage	vize_carton	compat	1
typechecker	Typechecker	source	crates/vize_canon/src/batch/virtual_project/package_node_modules/merged.rs	25	s0	S0	stage	vize_carton	compat	1
typechecker	Typechecker	test/dev	crates/vize_canon/src/batch/virtual_project/package_node_modules/tests.rs	3	s0	S0	stage	vize_carton	compat	1
typechecker	Typechecker	source	crates/vize_canon/src/batch/virtual_project/package_route_discovery.rs	6	s0	S0	stage	vize_carton	compat	2
typechecker	Typechecker	source	crates/vize_canon/src/batch/virtual_project/package_route_reachability_route_graph.rs	5	s0	S0	stage	vize_carton	compat	1
typechecker	Typechecker	source	crates/vize_canon/src/batch/virtual_project/package_route_reachability.rs	8	s0	S0	stage	vize_carton	compat	1
typechecker	Typechecker	test/dev	crates/vize_canon/src/batch/virtual_project/package_shadow_owners.rs	225	s0	S0	stage	vize_carton	compat	1
typechecker	Typechecker	source	crates/vize_canon/src/batch/virtual_project/package_shadow_runtime.rs	5	s0	S0	stage	vize_carton	compat	1
typechecker	Typechecker	source	crates/vize_canon/src/batch/virtual_project/package_shadow_scope.rs	23	s0	S0	stage	vize_carton	compat	3
typechecker	Typechecker	source	crates/vize_canon/src/batch/virtual_project/package_shadow.rs	6	s0	S0	stage	vize_carton	compat	5
typechecker	Typechecker	source	crates/vize_canon/src/batch/virtual_project/package_source_index.rs	9	s0	S0	stage	vize_carton	compat	4
typechecker	Typechecker	source	crates/vize_canon/src/batch/virtual_project/passthrough_resolution.rs	5	s0	S0	stage	vize_carton	compat	2
typechecker	Typechecker	test/dev	crates/vize_canon/src/batch/virtual_project/passthrough_tests.rs	3	s0	S0	stage	vize_carton	compat	2
typechecker	Typechecker	source	crates/vize_canon/src/batch/virtual_project/passthrough.rs	8	s0	S0	stage	vize_carton	compat	1
typechecker	Typechecker	test/dev	crates/vize_canon/src/batch/virtual_project/passthrough.rs	166	s0	S0	stage	vize_carton	compat	4
typechecker	Typechecker	source	crates/vize_canon/src/batch/virtual_project/paths.rs	4	s0	S0	stage	vize_carton	compat	1
typechecker	Typechecker	source	crates/vize_canon/src/batch/virtual_project/paths/commonjs_declaration.rs	20	raw_oxc	raw OXC	raw	oxc_allocator	raw	1
typechecker	Typechecker	source	crates/vize_canon/src/batch/virtual_project/paths/commonjs_declaration.rs	20	raw_oxc	raw OXC	raw	oxc_ast	raw	1
typechecker	Typechecker	source	crates/vize_canon/src/batch/virtual_project/paths/commonjs_declaration.rs	20	raw_oxc	raw OXC	raw	oxc_ast_visit	raw	1
typechecker	Typechecker	source	crates/vize_canon/src/batch/virtual_project/paths/commonjs_declaration.rs	20	raw_oxc	raw OXC	raw	oxc_parser	raw	1
typechecker	Typechecker	source	crates/vize_canon/src/batch/virtual_project/project.rs	11	s0	S0	stage	vize_carton	compat	4
typechecker	Typechecker	source	crates/vize_canon/src/batch/virtual_project/project/artifacts.rs	110	s0	S0	stage	vize_carton	compat	1
typechecker	Typechecker	source	crates/vize_canon/src/batch/virtual_project/project/config.rs	41	s0	S0	stage	vize_carton	compat	5
typechecker	Typechecker	source	crates/vize_canon/src/batch/virtual_project/project/package_routes.rs	5	s0	S0	stage	vize_carton	compat	5
typechecker	Typechecker	source	crates/vize_canon/src/batch/virtual_project/script_build.rs	4	s0	S0	stage	vize_carton	compat	1
typechecker	Typechecker	source	crates/vize_canon/src/batch/virtual_project/setup_props.rs	4	s0	S0	stage	vize_carton	compat	1
typechecker	Typechecker	source	crates/vize_canon/src/batch/virtual_project/setup_props.rs	4	croquis	Croquis analysis	old	vize_croquis	legacy	1
typechecker	Typechecker	source	crates/vize_canon/src/batch/virtual_project/setup_props/cache.rs	3	s0	S0	stage	vize_carton	compat	1
typechecker	Typechecker	source	crates/vize_canon/src/batch/virtual_project/setup_props/cache.rs	3	croquis	Croquis analysis	old	vize_croquis	legacy	1
typechecker	Typechecker	source	crates/vize_canon/src/batch/virtual_project/setup_props/default_props.rs	3	s0	S0	stage	vize_carton	compat	1
typechecker	Typechecker	source	crates/vize_canon/src/batch/virtual_project/setup_props/default_props.rs	3	croquis	Croquis analysis	old	vize_croquis	legacy	1
typechecker	Typechecker	source	crates/vize_canon/src/batch/virtual_project/setup_props/default_props.rs	3	raw_oxc	raw OXC	raw	oxc_allocator	raw	1
typechecker	Typechecker	source	crates/vize_canon/src/batch/virtual_project/setup_props/default_props.rs	3	raw_oxc	raw OXC	raw	oxc_ast	raw	3
typechecker	Typechecker	source	crates/vize_canon/src/batch/virtual_project/setup_props/default_props.rs	3	raw_oxc	raw OXC	raw	oxc_parser	raw	1
typechecker	Typechecker	source	crates/vize_canon/src/batch/virtual_project/setup_props/default_props/collect.rs	3	s0	S0	stage	vize_carton	compat	1
typechecker	Typechecker	source	crates/vize_canon/src/batch/virtual_project/setup_props/default_props/collect.rs	3	raw_oxc	raw OXC	raw	oxc_ast	raw	1
typechecker	Typechecker	source	crates/vize_canon/src/batch/virtual_project/setup_props/default_props/declaration.rs	3	s0	S0	stage	vize_carton	compat	1
typechecker	Typechecker	source	crates/vize_canon/src/batch/virtual_project/setup_props/default_props/declaration.rs	3	raw_oxc	raw OXC	raw	oxc_ast	raw	1
typechecker	Typechecker	source	crates/vize_canon/src/batch/virtual_project/setup_props/default_props/literals.rs	1	s0	S0	stage	vize_carton	compat	1
typechecker	Typechecker	source	crates/vize_canon/src/batch/virtual_project/setup_props/default_props/literals.rs	1	raw_oxc	raw OXC	raw	oxc_ast	raw	3
typechecker	Typechecker	source	crates/vize_canon/src/batch/virtual_project/setup_props/imports.rs	3	s0	S0	stage	vize_carton	compat	1
typechecker	Typechecker	source	crates/vize_canon/src/batch/virtual_project/setup_props/imports.rs	3	raw_oxc	raw OXC	raw	oxc_allocator	raw	1
typechecker	Typechecker	source	crates/vize_canon/src/batch/virtual_project/setup_props/imports.rs	3	raw_oxc	raw OXC	raw	oxc_ast	raw	4
typechecker	Typechecker	source	crates/vize_canon/src/batch/virtual_project/setup_props/imports.rs	3	raw_oxc	raw OXC	raw	oxc_parser	raw	1
typechecker	Typechecker	source	crates/vize_canon/src/batch/virtual_project/setup_props/runtime_props.rs	3	s0	S0	stage	vize_carton	compat	1
typechecker	Typechecker	source	crates/vize_canon/src/batch/virtual_project/setup_props/runtime_props.rs	3	croquis	Croquis analysis	old	vize_croquis	legacy	1
typechecker	Typechecker	source	crates/vize_canon/src/batch/virtual_project/setup_props/runtime_props.rs	3	raw_oxc	raw OXC	raw	oxc_ast	raw	4
typechecker	Typechecker	source	crates/vize_canon/src/batch/virtual_project/setup_props/runtime_props/collect.rs	3	s0	S0	stage	vize_carton	compat	1
typechecker	Typechecker	source	crates/vize_canon/src/batch/virtual_project/setup_props/runtime_props/collect.rs	3	croquis	Croquis analysis	old	vize_croquis	legacy	1
typechecker	Typechecker	source	crates/vize_canon/src/batch/virtual_project/setup_props/runtime_props/collect.rs	3	raw_oxc	raw OXC	raw	oxc_ast	raw	1
typechecker	Typechecker	source	crates/vize_canon/src/batch/virtual_project/setup_props/runtime_props/object.rs	3	s0	S0	stage	vize_carton	compat	1
typechecker	Typechecker	source	crates/vize_canon/src/batch/virtual_project/setup_props/runtime_props/object.rs	3	croquis	Croquis analysis	old	vize_croquis	legacy	1
typechecker	Typechecker	source	crates/vize_canon/src/batch/virtual_project/setup_props/runtime_props/object.rs	3	raw_oxc	raw OXC	raw	oxc_ast	raw	1
typechecker	Typechecker	source	crates/vize_canon/src/batch/virtual_project/setup_props/runtime_props/shape.rs	1	s0	S0	stage	vize_carton	compat	1
typechecker	Typechecker	source	crates/vize_canon/src/batch/virtual_project/setup_props/runtime_props/shape.rs	1	croquis	Croquis analysis	old	vize_croquis	legacy	1
typechecker	Typechecker	source	crates/vize_canon/src/batch/virtual_project/setup_props/runtime_props/shape.rs	1	raw_oxc	raw OXC	raw	oxc_ast	raw	4
typechecker	Typechecker	source	crates/vize_canon/src/batch/virtual_project/setup_props/syntax.rs	1	s0	S0	stage	vize_carton	compat	1
typechecker	Typechecker	source	crates/vize_canon/src/batch/virtual_project/setup_props/syntax.rs	1	raw_oxc	raw OXC	raw	oxc_ast	raw	1
typechecker	Typechecker	test/dev	crates/vize_canon/src/batch/virtual_project/tests.rs	6	s0	S0	stage	vize_carton	compat	1
typechecker	Typechecker	test/dev	crates/vize_canon/src/batch/virtual_project/tests.rs	6	raw_oxc	raw OXC	raw	oxc_allocator	raw	2
typechecker	Typechecker	test/dev	crates/vize_canon/src/batch/virtual_project/tests.rs	6	raw_oxc	raw OXC	raw	oxc_parser	raw	2
typechecker	Typechecker	test/dev	crates/vize_canon/src/batch/virtual_project/tests/graphql_generated.rs	4	s0	S0	stage	vize_carton	compat	1
typechecker	Typechecker	test/dev	crates/vize_canon/src/batch/virtual_project/tests/package_shadow_fan_out.rs	23	s0	S0	stage	vize_carton	compat	6
typechecker	Typechecker	test/dev	crates/vize_canon/src/batch/virtual_project/tests/ref_arity.rs	50	s0	S0	stage	vize_carton	compat	4
typechecker	Typechecker	test/dev	crates/vize_canon/src/batch/virtual_project/tests/tsconfig_extends.rs	313	s0	S0	stage	vize_carton	compat	1
typechecker	Typechecker	test/dev	crates/vize_canon/src/batch/virtual_project/tests/windows_paths.rs	18	s0	S0	stage	vize_carton	compat	1
typechecker	Typechecker	test/dev	crates/vize_canon/src/batch/virtual_project/tests/workspace_package_routes.rs	11	s0	S0	stage	vize_carton	compat	1
typechecker	Typechecker	source	crates/vize_canon/src/batch/virtual_project/topology.rs	68	s0	S0	stage	vize_carton	compat	1
typechecker	Typechecker	test/dev	crates/vize_canon/src/batch/virtual_project/topology.rs	107	s0	S0	stage	vize_carton	compat	3
typechecker	Typechecker	source	crates/vize_canon/src/batch/virtual_project/tsconfig_gen.rs	17	s0	S0	stage	vize_carton	compat	4
typechecker	Typechecker	source	crates/vize_canon/src/batch/virtual_project/tsconfig_gen/base_url.rs	16	s0	S0	stage	vize_carton	compat	1
typechecker	Typechecker	source	crates/vize_canon/src/batch/virtual_project/tsconfig_gen/compiler_options_snapshot.rs	101	s0	S0	stage	vize_carton	compat	1
typechecker	Typechecker	source	crates/vize_canon/src/batch/virtual_project/tsconfig_gen/compiler_options.rs	6	s0	S0	stage	vize_carton	compat	2
typechecker	Typechecker	source	crates/vize_canon/src/batch/virtual_project/tsconfig_gen/control_alias.rs	6	s0	S0	stage	vize_carton	compat	1
typechecker	Typechecker	source	crates/vize_canon/src/batch/virtual_project/tsconfig_gen/path_rebase.rs	130	s0	S0	stage	vize_carton	compat	1
typechecker	Typechecker	source	crates/vize_canon/src/batch/virtual_project/tsconfig_gen/references/graph.rs	4	s0	S0	stage	vize_carton	compat	2
typechecker	Typechecker	source	crates/vize_canon/src/batch/virtual_project/tsconfig_gen/references/ownership.rs	3	s0	S0	stage	vize_carton	compat	2
typechecker	Typechecker	source	crates/vize_canon/src/batch/virtual_project/tsconfig_gen/references/spec.rs	5	s0	S0	stage	vize_carton	compat	1
typechecker	Typechecker	test/dev	crates/vize_canon/src/batch/virtual_project/tsconfig_gen/references/tests.rs	4	s0	S0	stage	vize_carton	compat	1
typechecker	Typechecker	source	crates/vize_canon/src/batch/virtual_project/tsconfig_gen/remap.rs	6	s0	S0	stage	vize_carton	compat	1
typechecker	Typechecker	source	crates/vize_canon/src/batch/virtual_project/tsconfig_gen/vue_alias.rs	15	s0	S0	stage	vize_carton	compat	3
typechecker	Typechecker	source	crates/vize_canon/src/batch/virtual_project/tsconfig_gen/vue_compiler_options.rs	11	s0	S0	stage	vize_carton	compat	1
typechecker	Typechecker	test/dev	crates/vize_canon/src/batch/virtual_project/tsconfig_gen/vue_compiler_options.rs	250	s0	S0	stage	vize_carton	compat	1
typechecker	Typechecker	source	crates/vize_canon/src/batch/virtual_project/tsconfig_paths.rs	8	s0	S0	stage	vize_carton	compat	2
typechecker	Typechecker	source	crates/vize_canon/src/batch/virtual_project/vue_codegen.rs	7	s0	S0	stage	vize_carton	compat	3
typechecker	Typechecker	source	crates/vize_canon/src/batch/virtual_project/vue_codegen/style_modules.rs	15	s0	S0	stage	vize_carton	compat	1
typechecker	Typechecker	source	crates/vize_canon/src/batch/virtual_project/vue_codegen/types.rs	6	s0	S0	stage	vize_carton	compat	1
typechecker	Typechecker	source	crates/vize_canon/src/batch/virtual_project/vue_compiler_comments.rs	5	s0	S0	stage	vize_carton	compat	1
typechecker	Typechecker	source	crates/vize_canon/src/batch/virtual_project/vue_compiler_comments.rs	5	old_ast	old AST/parser	old	vize_relief	legacy	2
typechecker	Typechecker	source	crates/vize_canon/src/batch/virtual_specifier_message.rs	3	s0	S0	stage	vize_carton	compat	1
typechecker	Typechecker	source	crates/vize_canon/src/checker/reporting.rs	12	s0	S0	stage	vize_carton	compat	2
typechecker	Typechecker	source	crates/vize_canon/src/checker/runner.rs	12	s0	S0	stage	vize_carton	compat	1
typechecker	Typechecker	source	crates/vize_canon/src/context.rs	6	s0	S0	stage	vize_carton	compat	2
typechecker	Typechecker	test/dev	crates/vize_canon/src/corsa_bridge.rs	79	s0	S0	stage	vize_carton	compat	1
typechecker	Typechecker	source	crates/vize_canon/src/corsa_bridge/batch_checker.rs	7	s0	S0	stage	vize_carton	compat	1
typechecker	Typechecker	source	crates/vize_canon/src/corsa_bridge/bridge.rs	8	s0	S0	stage	vize_carton	compat	2
typechecker	Typechecker	source	crates/vize_canon/src/corsa_bridge/bridge/documents.rs	5	s0	S0	stage	vize_carton	compat	1
typechecker	Typechecker	source	crates/vize_canon/src/corsa_bridge/bridge/language_features.rs	4	s0	S0	stage	vize_carton	compat	1
typechecker	Typechecker	source	crates/vize_canon/src/corsa_bridge/editor_session.rs	13	s0	S0	stage	vize_carton	compat	2
typechecker	Typechecker	test/dev	crates/vize_canon/src/corsa_bridge/editor_session.rs	74	s0	S0	stage	vize_carton	compat	1
typechecker	Typechecker	source	crates/vize_canon/src/corsa_bridge/script_document.rs	6	s0	S0	stage	vize_carton	compat	1
typechecker	Typechecker	test/dev	crates/vize_canon/src/corsa_bridge/script_document.rs	159	s0	S0	stage	vize_carton	compat	1
typechecker	Typechecker	source	crates/vize_canon/src/corsa_bridge/types.rs	14	s0	S0	stage	vize_carton	compat	1
typechecker	Typechecker	source	crates/vize_canon/src/corsa_bridge/vue_dependencies_alias/context.rs	5	s0	S0	stage	vize_carton	compat	1
typechecker	Typechecker	test/dev	crates/vize_canon/src/corsa_bridge/vue_dependencies_alias/context.rs	239	s0	S0	stage	vize_carton	compat	1
typechecker	Typechecker	source	crates/vize_canon/src/corsa_bridge/vue_dependencies_alias/context/build.rs	5	s0	S0	stage	vize_carton	compat	6
typechecker	Typechecker	source	crates/vize_canon/src/corsa_bridge/vue_dependencies_alias/context/cache.rs	7	s0	S0	stage	vize_carton	compat	12
typechecker	Typechecker	test/dev	crates/vize_canon/src/corsa_bridge/vue_dependencies_alias/context/cache/tests.rs	5	s0	S0	stage	vize_carton	compat	1
typechecker	Typechecker	source	crates/vize_canon/src/corsa_bridge/vue_dependencies_alias/context/prepare.rs	5	s0	S0	stage	vize_carton	compat	3
typechecker	Typechecker	test/dev	crates/vize_canon/src/corsa_bridge/vue_dependencies_alias/context/routes_budget_tests.rs	1	s0	S0	stage	vize_carton	compat	2
typechecker	Typechecker	test/dev	crates/vize_canon/src/corsa_bridge/vue_dependencies_alias/context/routes_tests.rs	5	s0	S0	stage	vize_carton	compat	3
typechecker	Typechecker	source	crates/vize_canon/src/corsa_bridge/vue_dependencies_alias/context/routes.rs	5	s0	S0	stage	vize_carton	compat	2
typechecker	Typechecker	source	crates/vize_canon/src/corsa_bridge/vue_dependencies_walk.rs	6	s0	S0	stage	vize_carton	compat	1
typechecker	Typechecker	source	crates/vize_canon/src/corsa_bridge/vue_dependencies.rs	7	s0	S0	stage	vize_carton	compat	1
typechecker	Typechecker	source	crates/vize_canon/src/corsa_bridge/vue_dependencies/source.rs	5	s0	S0	stage	vize_carton	compat	1
typechecker	Typechecker	source	crates/vize_canon/src/corsa_bridge/vue_dependency_specifiers.rs	1	s0	S0	stage	vize_carton	compat	1
typechecker	Typechecker	source	crates/vize_canon/src/corsa_bridge/vue_dependency_specifiers.rs	1	raw_oxc	raw OXC	raw	oxc_allocator	raw	1
typechecker	Typechecker	source	crates/vize_canon/src/corsa_bridge/vue_dependency_specifiers.rs	1	raw_oxc	raw OXC	raw	oxc_ast	raw	1
typechecker	Typechecker	source	crates/vize_canon/src/corsa_bridge/vue_dependency_specifiers.rs	1	raw_oxc	raw OXC	raw	oxc_ast_visit	raw	1
typechecker	Typechecker	source	crates/vize_canon/src/corsa_bridge/vue_dependency_specifiers.rs	1	raw_oxc	raw OXC	raw	oxc_parser	raw	1
typechecker	Typechecker	test/dev	crates/vize_canon/src/corsa_bridge/vue_document_package_compat_tests.rs	118	s0	S0	stage	vize_carton	compat	1
typechecker	Typechecker	test/dev	crates/vize_canon/src/corsa_bridge/vue_document_package_typed_tests.rs	52	s0	S0	stage	vize_carton	compat	5
typechecker	Typechecker	test/dev	crates/vize_canon/src/corsa_bridge/vue_document_tests.rs	7	s0	S0	stage	vize_carton	compat	4
typechecker	Typechecker	test/dev	crates/vize_canon/src/corsa_bridge/vue_document_tsx_tests.rs	3	s0	S0	stage	vize_carton	compat	1
typechecker	Typechecker	source	crates/vize_canon/src/corsa_bridge/vue_document.rs	5	s0	S0	stage	vize_carton	compat	1
typechecker	Typechecker	source	crates/vize_canon/src/corsa_bridge/vue_document/generate.rs	3	s0	S0	stage	vize_carton	compat	1
typechecker	Typechecker	source	crates/vize_canon/src/corsa_bridge/vue_document/materialized_documents.rs	5	s0	S0	stage	vize_carton	compat	1
typechecker	Typechecker	source	crates/vize_canon/src/corsa_bridge/vue_document/types.rs	6	s0	S0	stage	vize_carton	compat	2
typechecker	Typechecker	source	crates/vize_canon/src/corsa_server.rs	30	s0	S0	stage	vize_carton	compat	1
typechecker	Typechecker	source	crates/vize_canon/src/corsa_server/diagnostics.rs	5	s0	S0	stage	vize_carton	compat	1
typechecker	Typechecker	test/dev	crates/vize_canon/src/corsa_server/diagnostics.rs	194	s0	S0	stage	vize_carton	compat	1
typechecker	Typechecker	source	crates/vize_canon/src/corsa_server/request.rs	5	s0	S0	stage	vize_carton	compat	1
typechecker	Typechecker	test/dev	crates/vize_canon/src/corsa_server/reuse_tests.rs	131	s0	S0	stage	vize_carton	compat	3
typechecker	Typechecker	source	crates/vize_canon/src/corsa_server/sessions.rs	6	s0	S0	stage	vize_carton	compat	1
typechecker	Typechecker	test/dev	crates/vize_canon/src/corsa_server/sessions.rs	86	s0	S0	stage	vize_carton	compat	3
typechecker	Typechecker	source	crates/vize_canon/src/corsa_server/sfc_semantics.rs	5	s0	S0	stage	vize_carton	compat	2
typechecker	Typechecker	source	crates/vize_canon/src/corsa_session_cache.rs	26	davinci	Davinci	stage	vize_davinci	preferred	1
typechecker	Typechecker	source	crates/vize_canon/src/corsa_session_cache.rs	26	s0	S0	stage	vize_carton	compat	1
typechecker	Typechecker	source	crates/vize_canon/src/corsa_session_cache/chain.rs	7	s0	S0	stage	vize_carton	compat	2
typechecker	Typechecker	source	crates/vize_canon/src/corsa_session_cache/lifecycle.rs	10	s0	S0	stage	vize_carton	compat	1
typechecker	Typechecker	test/dev	crates/vize_canon/src/corsa_session_cache/lifecycle.rs	133	s0	S0	stage	vize_carton	compat	1
typechecker	Typechecker	test/dev	crates/vize_canon/src/corsa_session_cache/tests.rs	3	davinci	Davinci	stage	vize_davinci	preferred	1
typechecker	Typechecker	test/dev	crates/vize_canon/src/corsa_session_cache/tests.rs	3	s0	S0	stage	vize_carton	compat	1
typechecker	Typechecker	source	crates/vize_canon/src/diagnostic.rs	4	s0	S0	stage	vize_carton	compat	2
typechecker	Typechecker	source	crates/vize_canon/src/file_uri.rs	3	s0	S0	stage	vize_carton	compat	1
typechecker	Typechecker	source	crates/vize_canon/src/intelligence.rs	12	s0	S0	stage	vize_carton	compat	2
typechecker	Typechecker	source	crates/vize_canon/src/intelligence.rs	12	old_ast	old AST/parser	old	vize_relief	legacy	1
typechecker	Typechecker	source	crates/vize_canon/src/intelligence.rs	12	croquis	Croquis analysis	old	vize_croquis	legacy	2
typechecker	Typechecker	test/dev	crates/vize_canon/src/intelligence/span.rs	75	croquis	Croquis analysis	old	vize_croquis	legacy	1
typechecker	Typechecker	test/dev	crates/vize_canon/src/intelligence/tests.rs	2	old_ast	old AST/parser	old	vize_relief	legacy	1
typechecker	Typechecker	test/dev	crates/vize_canon/src/intelligence/tests.rs	2	croquis	Croquis analysis	old	vize_croquis	legacy	1
typechecker	Typechecker	source	crates/vize_canon/src/legacy.rs	14	old_ast	old AST/parser	old	vize_armature	legacy	1
typechecker	Typechecker	source	crates/vize_canon/src/lib.rs	45	s0	S0	stage	vize_s0	preferred	2
typechecker	Typechecker	source	crates/vize_canon/src/lib.rs	45	s0	S0	stage	vize_carton	compat	1
typechecker	Typechecker	source	crates/vize_canon/src/lsp_client.rs	13	s0	S0	stage	vize_s0	preferred	1
typechecker	Typechecker	source	crates/vize_canon/src/lsp_client/bootstrap.rs	13	s0	S0	stage	vize_s0	preferred	2
typechecker	Typechecker	source	crates/vize_canon/src/lsp_client/diagnostics_api.rs	6	s0	S0	stage	vize_s0	preferred	1
typechecker	Typechecker	source	crates/vize_canon/src/lsp_client/diagnostics_lsp.rs	14	s0	S0	stage	vize_s0	preferred	1
typechecker	Typechecker	source	crates/vize_canon/src/lsp_client/diagnostics.rs	11	s0	S0	stage	vize_s0	preferred	1
typechecker	Typechecker	source	crates/vize_canon/src/lsp_client/diagnostics/lsp_report.rs	6	s0	S0	stage	vize_s0	preferred	1
typechecker	Typechecker	source	crates/vize_canon/src/lsp_client/editor_lsp.rs	30	s0	S0	stage	vize_s0	preferred	1
typechecker	Typechecker	source	crates/vize_canon/src/lsp_client/editor_lsp/call_hierarchy.rs	3	s0	S0	stage	vize_s0	preferred	1
typechecker	Typechecker	source	crates/vize_canon/src/lsp_client/editor_lsp/client.rs	7	s0	S0	stage	vize_s0	preferred	1
typechecker	Typechecker	source	crates/vize_canon/src/lsp_client/editor_lsp/code_actions.rs	5	s0	S0	stage	vize_s0	preferred	1
typechecker	Typechecker	source	crates/vize_canon/src/lsp_client/editor_lsp/completion_resolve.rs	5	s0	S0	stage	vize_s0	preferred	1
typechecker	Typechecker	source	crates/vize_canon/src/lsp_client/editor_lsp/declaration.rs	3	s0	S0	stage	vize_s0	preferred	1
typechecker	Typechecker	source	crates/vize_canon/src/lsp_client/editor_lsp/file_rename.rs	5	s0	S0	stage	vize_s0	preferred	1
typechecker	Typechecker	source	crates/vize_canon/src/lsp_client/editor_lsp/implementation.rs	3	s0	S0	stage	vize_s0	preferred	1
typechecker	Typechecker	source	crates/vize_canon/src/lsp_client/editor_lsp/materialized.rs	6	s0	S0	stage	vize_s0	preferred	1
typechecker	Typechecker	source	crates/vize_canon/src/lsp_client/editor_lsp/readiness.rs	5	s0	S0	stage	vize_s0	preferred	1
typechecker	Typechecker	source	crates/vize_canon/src/lsp_client/editor_lsp/retry.rs	4	s0	S0	stage	vize_s0	preferred	1
typechecker	Typechecker	test/dev	crates/vize_canon/src/lsp_client/editor_lsp/retry.rs	40	s0	S0	stage	vize_s0	preferred	1
typechecker	Typechecker	source	crates/vize_canon/src/lsp_client/editor_lsp/synchronize.rs	5	s0	S0	stage	vize_s0	preferred	1
typechecker	Typechecker	test/dev	crates/vize_canon/src/lsp_client/editor_lsp/tests.rs	174	s0	S0	stage	vize_s0	preferred	2
typechecker	Typechecker	source	crates/vize_canon/src/lsp_client/editor_lsp/type_definition.rs	3	s0	S0	stage	vize_s0	preferred	1
typechecker	Typechecker	source	crates/vize_canon/src/lsp_client/lifecycle_setup.rs	7	s0	S0	stage	vize_s0	preferred	1
typechecker	Typechecker	source	crates/vize_canon/src/lsp_client/lifecycle.rs	23	s0	S0	stage	vize_s0	preferred	1
typechecker	Typechecker	test/dev	crates/vize_canon/src/lsp_client/lifecycle/tests.rs	5	s0	S0	stage	vize_s0	preferred	1
typechecker	Typechecker	source	crates/vize_canon/src/lsp_client/materialized_refresh.rs	7	s0	S0	stage	vize_s0	preferred	1
typechecker	Typechecker	source	crates/vize_canon/src/lsp_client/queries.rs	5	s0	S0	stage	vize_s0	preferred	1
typechecker	Typechecker	source	crates/vize_canon/src/lsp_client/session_paths.rs	4	s0	S0	stage	vize_s0	preferred	1
typechecker	Typechecker	source	crates/vize_canon/src/lsp_client/session.rs	21	s0	S0	stage	vize_s0	preferred	1
typechecker	Typechecker	test/dev	crates/vize_canon/src/lsp_client/session.rs	225	s0	S0	stage	vize_s0	preferred	2
typechecker	Typechecker	source	crates/vize_canon/src/lsp_client/session/bootstrap.rs	10	s0	S0	stage	vize_s0	preferred	1
typechecker	Typechecker	source	crates/vize_canon/src/lsp_client/session/canon_document.rs	7	s0	S0	stage	vize_s0	preferred	1
typechecker	Typechecker	test/dev	crates/vize_canon/src/lsp_client/session/tests.rs	126	s0	S0	stage	vize_s0	preferred	1
typechecker	Typechecker	test/dev	crates/vize_canon/src/lsp_client/tests.rs	14	s0	S0	stage	vize_s0	preferred	1
typechecker	Typechecker	source	crates/vize_canon/src/lsp_client/utils.rs	5	s0	S0	stage	vize_s0	preferred	1
typechecker	Typechecker	source	crates/vize_canon/src/lsp_client/workspace_project.rs	6	s0	S0	stage	vize_s0	preferred	1
typechecker	Typechecker	source	crates/vize_canon/src/options_api_setup_spread.rs	1	s0	S0	stage	vize_carton	compat	1
typechecker	Typechecker	source	crates/vize_canon/src/options_api_setup_spread.rs	1	croquis	Croquis analysis	old	vize_croquis	legacy	2
typechecker	Typechecker	source	crates/vize_canon/src/options_api_setup_spread.rs	1	raw_oxc	raw OXC	raw	oxc_allocator	raw	2
typechecker	Typechecker	source	crates/vize_canon/src/options_api_setup_spread.rs	1	raw_oxc	raw OXC	raw	oxc_ast	raw	1
typechecker	Typechecker	source	crates/vize_canon/src/options_api_setup_spread.rs	1	raw_oxc	raw OXC	raw	oxc_parser	raw	1
typechecker	Typechecker	source	crates/vize_canon/src/package_route_tests/lifecycle.rs	4	s0	S0	stage	vize_carton	compat	1
typechecker	Typechecker	source	crates/vize_canon/src/package_route.rs	11	s0	S0	stage	vize_carton	compat	1
typechecker	Typechecker	test/dev	crates/vize_canon/src/package_route.rs	77	s0	S0	stage	vize_carton	compat	1
typechecker	Typechecker	source	crates/vize_canon/src/package_route/cache.rs	3	s0	S0	stage	vize_carton	compat	1
typechecker	Typechecker	source	crates/vize_canon/src/package_route/candidates.rs	6	s0	S0	stage	vize_carton	compat	1
typechecker	Typechecker	source	crates/vize_canon/src/package_route/model.rs	5	s0	S0	stage	vize_carton	compat	1
typechecker	Typechecker	source	crates/vize_canon/src/package_route/search.rs	4	s0	S0	stage	vize_carton	compat	1
typechecker	Typechecker	source	crates/vize_canon/src/package_route/shadow_mapping.rs	6	s0	S0	stage	vize_carton	compat	1
typechecker	Typechecker	source	crates/vize_canon/src/package_route/source.rs	5	s0	S0	stage	vize_carton	compat	1
typechecker	Typechecker	source	crates/vize_canon/src/package_route/stamp.rs	5	s0	S0	stage	vize_carton	compat	1
typechecker	Typechecker	test/dev	crates/vize_canon/src/package_route/stamp.rs	144	s0	S0	stage	vize_carton	compat	3
typechecker	Typechecker	source	crates/vize_canon/src/projection/assemble.rs	16	s0	S0	stage	vize_carton	compat	1
typechecker	Typechecker	test/dev	crates/vize_canon/src/projection/assemble/authored_rules_tests.rs	76	s0	S0	stage	vize_carton	compat	2
typechecker	Typechecker	source	crates/vize_canon/src/projection/assemble/authored_rules.rs	9	s0	S0	stage	vize_carton	compat	1
typechecker	Typechecker	source	crates/vize_canon/src/projection/assemble/dedup.rs	3	s0	S0	stage	vize_carton	compat	1
typechecker	Typechecker	source	crates/vize_canon/src/projection/assemble/keyof.rs	5	raw_oxc	raw OXC	raw	oxc_ast	raw	1
typechecker	Typechecker	source	crates/vize_canon/src/projection/assemble/keyof/index.rs	1	raw_oxc	raw OXC	raw	oxc_allocator	raw	1
typechecker	Typechecker	source	crates/vize_canon/src/projection/assemble/keyof/index.rs	1	raw_oxc	raw OXC	raw	oxc_ast	raw	1
typechecker	Typechecker	source	crates/vize_canon/src/projection/assemble/keyof/index.rs	1	raw_oxc	raw OXC	raw	oxc_ast_visit	raw	1
typechecker	Typechecker	source	crates/vize_canon/src/projection/assemble/keyof/index.rs	1	raw_oxc	raw OXC	raw	oxc_parser	raw	1
typechecker	Typechecker	source	crates/vize_canon/src/projection/assemble/keyof/index.rs	1	raw_oxc	raw OXC	raw	oxc_semantic	raw	1
typechecker	Typechecker	source	crates/vize_canon/src/projection/assemble/rules.rs	6	s0	S0	stage	vize_carton	compat	1
typechecker	Typechecker	source	crates/vize_canon/src/projection/expr.rs	9	s0	S0	stage	vize_carton	compat	1
typechecker	Typechecker	source	crates/vize_canon/src/projection/expr.rs	9	s1	S1	stage	vize_s1	preferred	1
typechecker	Typechecker	source	crates/vize_canon/src/projection/expr.rs	9	s2	S2	stage	vize_s2	preferred	2
typechecker	Typechecker	source	crates/vize_canon/src/projection/expr.rs	9	s1_to_s2	S1->S2	stage	vize_s1_to_s2	preferred	1
typechecker	Typechecker	source	crates/vize_canon/src/projection/expr.rs	9	raw_oxc	raw OXC	raw	oxc_ast	raw	1
typechecker	Typechecker	source	crates/vize_canon/src/projection/expr.rs	9	raw_oxc	raw OXC	raw	oxc_ast_visit	raw	2
typechecker	Typechecker	source	crates/vize_canon/src/projection/expr.rs	9	raw_oxc	raw OXC	raw	oxc_syntax	raw	1
typechecker	Typechecker	source	crates/vize_canon/src/projection/expr/bindings.rs	8	s2	S2	stage	vize_s2	preferred	1
typechecker	Typechecker	test/dev	crates/vize_canon/src/projection/expr/tests.rs	10	s0	S0	stage	vize_carton	compat	1
typechecker	Typechecker	test/dev	crates/vize_canon/src/projection/expr/tests.rs	10	s1	S1	stage	vize_s1	preferred	1
typechecker	Typechecker	test/dev	crates/vize_canon/src/projection/expr/tests.rs	10	s1_to_s2	S1->S2	stage	vize_s1_to_s2	preferred	1
typechecker	Typechecker	source	crates/vize_canon/src/script_parse.rs	1	s0	S0	stage	vize_carton	compat	1
typechecker	Typechecker	source	crates/vize_canon/src/script_parse.rs	1	raw_oxc	raw OXC	raw	oxc_allocator	raw	1
typechecker	Typechecker	source	crates/vize_canon/src/script_parse.rs	1	raw_oxc	raw OXC	raw	oxc_parser	raw	1
typechecker	Typechecker	source	crates/vize_canon/src/sfc_typecheck/analysis.rs	7	s0	S0	stage	vize_s0	preferred	1
typechecker	Typechecker	source	crates/vize_canon/src/sfc_typecheck/checks.rs	5	s0	S0	stage	vize_s0	preferred	1
typechecker	Typechecker	source	crates/vize_canon/src/sfc_typecheck/checks.rs	5	croquis	Croquis analysis	old	vize_croquis	legacy	11
typechecker	Typechecker	source	crates/vize_canon/src/sfc_typecheck/patterns.rs	1	old_ast	old AST/parser	old	vize_relief	legacy	1
typechecker	Typechecker	source	crates/vize_canon/src/sfc_typecheck/patterns.rs	1	croquis	Croquis analysis	old	vize_croquis	legacy	1
typechecker	Typechecker	source	crates/vize_canon/src/sfc_typecheck/runner.rs	1	s0	S0	stage	vize_s0	preferred	2
typechecker	Typechecker	source	crates/vize_canon/src/sfc_typecheck/runner.rs	1	croquis	Croquis analysis	old	vize_croquis	legacy	1
typechecker	Typechecker	source	crates/vize_canon/src/sfc_typecheck/template_bindings.rs	4	s0	S0	stage	vize_carton	compat	1
typechecker	Typechecker	source	crates/vize_canon/src/sfc_typecheck/template_bindings.rs	4	croquis	Croquis analysis	old	vize_croquis	legacy	2
typechecker	Typechecker	source	crates/vize_canon/src/template_diagnostic_directives.rs	6	s0	S0	stage	vize_carton	compat	1
typechecker	Typechecker	source	crates/vize_canon/src/template_diagnostic_directives.rs	6	old_ast	old AST/parser	old	vize_relief	legacy	1
typechecker	Typechecker	test/dev	crates/vize_canon/src/template_diagnostic_directives/tests.rs	19	s0	S0	stage	vize_carton	compat	1
typechecker	Typechecker	source	crates/vize_canon/src/template_instance_names.rs	11	s0	S0	stage	vize_carton	compat	1
typechecker	Typechecker	test/dev	crates/vize_canon/src/tests.rs	11	s0	S0	stage	vize_carton	compat	1
typechecker	Typechecker	source	crates/vize_canon/src/typecheck_service.rs	11	s0	S0	stage	vize_carton	compat	4
typechecker	Typechecker	source	crates/vize_canon/src/types.rs	3	s0	S0	stage	vize_carton	compat	1
typechecker	Typechecker	test/dev	crates/vize_canon/src/virtual_ts.rs	126	old_ast	old AST/parser	old	vize_relief	legacy	1
typechecker	Typechecker	test/dev	crates/vize_canon/src/virtual_ts.rs	126	croquis	Croquis analysis	old	vize_croquis	legacy	1
typechecker	Typechecker	test/dev	crates/vize_canon/src/virtual_ts/class_component_props_tests.rs	12	s0	S0	stage	vize_carton	compat	3
typechecker	Typechecker	test/dev	crates/vize_canon/src/virtual_ts/class_component_props_tests.rs	12	old_ast	old AST/parser	old	vize_armature	legacy	1
typechecker	Typechecker	test/dev	crates/vize_canon/src/virtual_ts/class_component_props_tests.rs	12	croquis	Croquis analysis	old	vize_croquis	legacy	2
typechecker	Typechecker	source	crates/vize_canon/src/virtual_ts/component_reference.rs	1	s0	S0	stage	vize_carton	compat	1
typechecker	Typechecker	source	crates/vize_canon/src/virtual_ts/component_reference.rs	1	croquis	Croquis analysis	old	vize_croquis	legacy	1
typechecker	Typechecker	test/dev	crates/vize_canon/src/virtual_ts/define_emits_usage_tests.rs	4	s0	S0	stage	vize_carton	compat	3
typechecker	Typechecker	test/dev	crates/vize_canon/src/virtual_ts/define_emits_usage_tests.rs	4	old_ast	old AST/parser	old	vize_armature	legacy	2
typechecker	Typechecker	test/dev	crates/vize_canon/src/virtual_ts/define_emits_usage_tests.rs	4	croquis	Croquis analysis	old	vize_croquis	legacy	1
typechecker	Typechecker	test/dev	crates/vize_canon/src/virtual_ts/dynamic_component_names_tests.rs	2	s0	S0	stage	vize_carton	compat	1
typechecker	Typechecker	test/dev	crates/vize_canon/src/virtual_ts/dynamic_component_names_tests.rs	2	old_ast	old AST/parser	old	vize_armature	legacy	1
typechecker	Typechecker	test/dev	crates/vize_canon/src/virtual_ts/dynamic_component_names_tests.rs	2	croquis	Croquis analysis	old	vize_croquis	legacy	2
typechecker	Typechecker	test/dev	crates/vize_canon/src/virtual_ts/event_handler_tests.rs	5	s0	S0	stage	vize_carton	compat	2
typechecker	Typechecker	test/dev	crates/vize_canon/src/virtual_ts/event_handler_tests.rs	5	old_ast	old AST/parser	old	vize_armature	legacy	1
typechecker	Typechecker	test/dev	crates/vize_canon/src/virtual_ts/event_handler_tests.rs	5	croquis	Croquis analysis	old	vize_croquis	legacy	1
typechecker	Typechecker	test/dev	crates/vize_canon/src/virtual_ts/event_handler_tests.rs	5	raw_oxc	raw OXC	raw	oxc_allocator	raw	1
typechecker	Typechecker	test/dev	crates/vize_canon/src/virtual_ts/event_handler_tests.rs	5	raw_oxc	raw OXC	raw	oxc_parser	raw	1
typechecker	Typechecker	test/dev	crates/vize_canon/src/virtual_ts/expressions/callback_prop_resolution_tests.rs	1	s0	S0	stage	vize_s0	preferred	1
typechecker	Typechecker	test/dev	crates/vize_canon/src/virtual_ts/expressions/callback_prop_resolution_tests.rs	1	old_ast	old AST/parser	old	vize_armature	legacy	1
typechecker	Typechecker	test/dev	crates/vize_canon/src/virtual_ts/expressions/callback_prop_resolution_tests.rs	1	croquis	Croquis analysis	old	vize_croquis	legacy	1
typechecker	Typechecker	source	crates/vize_canon/src/virtual_ts/expressions/callback_prop_resolution.rs	12	s0	S0	stage	vize_carton	compat	1
typechecker	Typechecker	source	crates/vize_canon/src/virtual_ts/expressions/callback_prop_resolution.rs	12	croquis	Croquis analysis	old	vize_croquis	legacy	1
typechecker	Typechecker	test/dev	crates/vize_canon/src/virtual_ts/expressions/component_props_tests.rs	1	s0	S0	stage	vize_carton	compat	8
typechecker	Typechecker	test/dev	crates/vize_canon/src/virtual_ts/expressions/component_props_tests.rs	1	old_ast	old AST/parser	old	vize_armature	legacy	8
typechecker	Typechecker	test/dev	crates/vize_canon/src/virtual_ts/expressions/component_props_tests.rs	1	croquis	Croquis analysis	old	vize_croquis	legacy	1
typechecker	Typechecker	source	crates/vize_canon/src/virtual_ts/expressions/component_props_tests/define_model_modifiers.rs	1	s0	S0	stage	vize_carton	compat	1
typechecker	Typechecker	source	crates/vize_canon/src/virtual_ts/expressions/component_props_tests/define_model_modifiers.rs	1	old_ast	old AST/parser	old	vize_armature	legacy	1
typechecker	Typechecker	source	crates/vize_canon/src/virtual_ts/expressions/component_props_tests/define_model_modifiers.rs	1	croquis	Croquis analysis	old	vize_croquis	legacy	1
typechecker	Typechecker	source	crates/vize_canon/src/virtual_ts/expressions/component_props_tests/dynamic_component_props.rs	1	s0	S0	stage	vize_carton	compat	3
typechecker	Typechecker	source	crates/vize_canon/src/virtual_ts/expressions/component_props_tests/dynamic_component_props.rs	1	old_ast	old AST/parser	old	vize_armature	legacy	3
typechecker	Typechecker	source	crates/vize_canon/src/virtual_ts/expressions/component_props_tests/dynamic_component_props.rs	1	croquis	Croquis analysis	old	vize_croquis	legacy	1
typechecker	Typechecker	source	crates/vize_canon/src/virtual_ts/expressions/component_props.rs	16	s0	S0	stage	vize_carton	compat	5
typechecker	Typechecker	source	crates/vize_canon/src/virtual_ts/expressions/component_props.rs	16	croquis	Croquis analysis	old	vize_croquis	legacy	1
typechecker	Typechecker	source	crates/vize_canon/src/virtual_ts/expressions/component_ref_callbacks.rs	12	s0	S0	stage	vize_carton	compat	2
typechecker	Typechecker	source	crates/vize_canon/src/virtual_ts/expressions/component_ref_callbacks.rs	12	old_ast	old AST/parser	old	vize_relief	legacy	1
typechecker	Typechecker	source	crates/vize_canon/src/virtual_ts/expressions/component_ref_callbacks.rs	12	croquis	Croquis analysis	old	vize_croquis	legacy	1
typechecker	Typechecker	test/dev	crates/vize_canon/src/virtual_ts/expressions/component_slot_contract_tests.rs	1	s0	S0	stage	vize_carton	compat	7
typechecker	Typechecker	test/dev	crates/vize_canon/src/virtual_ts/expressions/component_slot_contract_tests.rs	1	old_ast	old AST/parser	old	vize_armature	legacy	7
typechecker	Typechecker	test/dev	crates/vize_canon/src/virtual_ts/expressions/component_slot_contract_tests.rs	1	croquis	Croquis analysis	old	vize_croquis	legacy	1
typechecker	Typechecker	test/dev	crates/vize_canon/src/virtual_ts/expressions/directive_values_tests.rs	1	s0	S0	stage	vize_carton	compat	8
typechecker	Typechecker	test/dev	crates/vize_canon/src/virtual_ts/expressions/directive_values_tests.rs	1	old_ast	old AST/parser	old	vize_relief	legacy	1
typechecker	Typechecker	test/dev	crates/vize_canon/src/virtual_ts/expressions/directive_values_tests.rs	1	old_ast	old AST/parser	old	vize_armature	legacy	1
typechecker	Typechecker	test/dev	crates/vize_canon/src/virtual_ts/expressions/directive_values_tests.rs	1	croquis	Croquis analysis	old	vize_croquis	legacy	2
typechecker	Typechecker	source	crates/vize_canon/src/virtual_ts/expressions/directive_values.rs	9	s0	S0	stage	vize_carton	compat	3
typechecker	Typechecker	source	crates/vize_canon/src/virtual_ts/expressions/directive_values.rs	9	old_ast	old AST/parser	old	vize_relief	legacy	1
typechecker	Typechecker	source	crates/vize_canon/src/virtual_ts/expressions/directive_values.rs	9	croquis	Croquis analysis	old	vize_croquis	legacy	1
typechecker	Typechecker	source	crates/vize_canon/src/virtual_ts/expressions/dynamic_arguments.rs	4	s0	S0	stage	vize_carton	compat	1
typechecker	Typechecker	source	crates/vize_canon/src/virtual_ts/expressions/dynamic_arguments.rs	4	croquis	Croquis analysis	old	vize_croquis	legacy	1
typechecker	Typechecker	source	crates/vize_canon/src/virtual_ts/expressions/generic_props_call.rs	14	s0	S0	stage	vize_carton	compat	3
typechecker	Typechecker	source	crates/vize_canon/src/virtual_ts/expressions/generic_props_call.rs	14	croquis	Croquis analysis	old	vize_croquis	legacy	1
typechecker	Typechecker	source	crates/vize_canon/src/virtual_ts/expressions/model_update.rs	10	s0	S0	stage	vize_carton	compat	3
typechecker	Typechecker	source	crates/vize_canon/src/virtual_ts/expressions/model_update.rs	10	croquis	Croquis analysis	old	vize_croquis	legacy	1
typechecker	Typechecker	test/dev	crates/vize_canon/src/virtual_ts/expressions/native_props_tests.rs	1	s0	S0	stage	vize_carton	compat	8
typechecker	Typechecker	test/dev	crates/vize_canon/src/virtual_ts/expressions/native_props_tests.rs	1	old_ast	old AST/parser	old	vize_relief	legacy	1
typechecker	Typechecker	test/dev	crates/vize_canon/src/virtual_ts/expressions/native_props_tests.rs	1	old_ast	old AST/parser	old	vize_armature	legacy	1
typechecker	Typechecker	test/dev	crates/vize_canon/src/virtual_ts/expressions/native_props_tests.rs	1	croquis	Croquis analysis	old	vize_croquis	legacy	2
typechecker	Typechecker	source	crates/vize_canon/src/virtual_ts/expressions/native_props.rs	45	s0	S0	stage	vize_carton	compat	1
typechecker	Typechecker	source	crates/vize_canon/src/virtual_ts/expressions/native_props.rs	45	old_ast	old AST/parser	old	vize_relief	legacy	1
typechecker	Typechecker	source	crates/vize_canon/src/virtual_ts/expressions/native_props.rs	45	croquis	Croquis analysis	old	vize_croquis	legacy	1
typechecker	Typechecker	test/dev	crates/vize_canon/src/virtual_ts/expressions/prop_name_casing_tests.rs	8	s0	S0	stage	vize_carton	compat	1
typechecker	Typechecker	test/dev	crates/vize_canon/src/virtual_ts/expressions/prop_name_casing_tests.rs	8	old_ast	old AST/parser	old	vize_armature	legacy	1
typechecker	Typechecker	test/dev	crates/vize_canon/src/virtual_ts/expressions/prop_name_casing_tests.rs	8	croquis	Croquis analysis	old	vize_croquis	legacy	1
typechecker	Typechecker	source	crates/vize_canon/src/virtual_ts/expressions/prop_sources.rs	12	s0	S0	stage	vize_carton	compat	1
typechecker	Typechecker	source	crates/vize_canon/src/virtual_ts/expressions/prop_sources.rs	12	old_ast	old AST/parser	old	vize_relief	legacy	1
typechecker	Typechecker	source	crates/vize_canon/src/virtual_ts/expressions/prop_sources.rs	12	croquis	Croquis analysis	old	vize_croquis	legacy	2
typechecker	Typechecker	source	crates/vize_canon/src/virtual_ts/expressions/prop_sources.rs	12	raw_oxc	raw OXC	raw	oxc_allocator	raw	1
typechecker	Typechecker	source	crates/vize_canon/src/virtual_ts/expressions/prop_sources.rs	12	raw_oxc	raw OXC	raw	oxc_ast	raw	1
typechecker	Typechecker	source	crates/vize_canon/src/virtual_ts/expressions/prop_sources.rs	12	raw_oxc	raw OXC	raw	oxc_parser	raw	1
typechecker	Typechecker	test/dev	crates/vize_canon/src/virtual_ts/expressions/prop_sources.rs	199	s0	S0	stage	vize_carton	compat	1
typechecker	Typechecker	source	crates/vize_canon/src/virtual_ts/expressions/props_literal.rs	19	s0	S0	stage	vize_carton	compat	5
typechecker	Typechecker	source	crates/vize_canon/src/virtual_ts/expressions/props_literal.rs	19	croquis	Croquis analysis	old	vize_croquis	legacy	1
typechecker	Typechecker	source	crates/vize_canon/src/virtual_ts/expressions/props_literal/prop_entry.rs	12	s0	S0	stage	vize_carton	compat	1
typechecker	Typechecker	source	crates/vize_canon/src/virtual_ts/expressions/props_literal/prop_entry.rs	12	croquis	Croquis analysis	old	vize_croquis	legacy	1
typechecker	Typechecker	source	crates/vize_canon/src/virtual_ts/expressions/reserved_props.rs	12	s0	S0	stage	vize_carton	compat	2
typechecker	Typechecker	test/dev	crates/vize_canon/src/virtual_ts/expressions/sequence_prop_tests.rs	1	s0	S0	stage	vize_carton	compat	3
typechecker	Typechecker	test/dev	crates/vize_canon/src/virtual_ts/expressions/sequence_prop_tests.rs	1	old_ast	old AST/parser	old	vize_armature	legacy	3
typechecker	Typechecker	test/dev	crates/vize_canon/src/virtual_ts/expressions/sequence_prop_tests.rs	1	croquis	Croquis analysis	old	vize_croquis	legacy	1
typechecker	Typechecker	source	crates/vize_canon/src/virtual_ts/expressions/spread_reserved_props.rs	13	s0	S0	stage	vize_carton	compat	1
typechecker	Typechecker	source	crates/vize_canon/src/virtual_ts/expressions/spread_reserved_props.rs	13	croquis	Croquis analysis	old	vize_croquis	legacy	1
typechecker	Typechecker	source	crates/vize_canon/src/virtual_ts/expressions/spread_reserved_props.rs	13	raw_oxc	raw OXC	raw	oxc_allocator	raw	1
typechecker	Typechecker	source	crates/vize_canon/src/virtual_ts/expressions/spread_reserved_props.rs	13	raw_oxc	raw OXC	raw	oxc_ast	raw	2
typechecker	Typechecker	source	crates/vize_canon/src/virtual_ts/expressions/spread_reserved_props.rs	13	raw_oxc	raw OXC	raw	oxc_ast_visit	raw	1
typechecker	Typechecker	source	crates/vize_canon/src/virtual_ts/expressions/spread_reserved_props.rs	13	raw_oxc	raw OXC	raw	oxc_parser	raw	1
typechecker	Typechecker	source	crates/vize_canon/src/virtual_ts/expressions/spread_reserved_props.rs	13	raw_oxc	raw OXC	raw	oxc_semantic	raw	1
typechecker	Typechecker	source	crates/vize_canon/src/virtual_ts/expressions/statement_guard.rs	9	s0	S0	stage	vize_carton	compat	1
typechecker	Typechecker	source	crates/vize_canon/src/virtual_ts/expressions/statement_guard.rs	9	croquis	Croquis analysis	old	vize_croquis	legacy	1
typechecker	Typechecker	source	crates/vize_canon/src/virtual_ts/expressions/statements.rs	20	s0	S0	stage	vize_carton	compat	1
typechecker	Typechecker	source	crates/vize_canon/src/virtual_ts/expressions/statements.rs	20	croquis	Croquis analysis	old	vize_croquis	legacy	2
typechecker	Typechecker	source	crates/vize_canon/src/virtual_ts/expressions/ts_suppression_comments.rs	2	croquis	Croquis analysis	old	vize_croquis	legacy	1
typechecker	Typechecker	source	crates/vize_canon/src/virtual_ts/expressions/value_checks.rs	10	croquis	Croquis analysis	old	vize_croquis	legacy	1
typechecker	Typechecker	source	crates/vize_canon/src/virtual_ts/expressions/vapor_directive.rs	11	s0	S0	stage	vize_carton	compat	1
typechecker	Typechecker	source	crates/vize_canon/src/virtual_ts/expressions/vif_chain.rs	3	croquis	Croquis analysis	old	vize_croquis	legacy	2
typechecker	Typechecker	source	crates/vize_canon/src/virtual_ts/expressions/vif_chain/emit.rs	9	s0	S0	stage	vize_carton	compat	1
typechecker	Typechecker	source	crates/vize_canon/src/virtual_ts/expressions/vif_chain/emit.rs	9	croquis	Croquis analysis	old	vize_croquis	legacy	1
typechecker	Typechecker	source	crates/vize_canon/src/virtual_ts/generator.rs	77	s0	S0	stage	vize_carton	compat	1
typechecker	Typechecker	source	crates/vize_canon/src/virtual_ts/generator.rs	77	old_ast	old AST/parser	old	vize_relief	legacy	1
typechecker	Typechecker	source	crates/vize_canon/src/virtual_ts/generator.rs	77	croquis	Croquis analysis	old	vize_croquis	legacy	1
typechecker	Typechecker	source	crates/vize_canon/src/virtual_ts/generator/anchors.rs	4	s0	S0	stage	vize_carton	compat	1
typechecker	Typechecker	source	crates/vize_canon/src/virtual_ts/generator/anchors.rs	4	croquis	Croquis analysis	old	vize_croquis	legacy	1
typechecker	Typechecker	source	crates/vize_canon/src/virtual_ts/generator/authored_events.rs	1	s0	S0	stage	vize_carton	compat	1
typechecker	Typechecker	source	crates/vize_canon/src/virtual_ts/generator/authored_events.rs	1	croquis	Croquis analysis	old	vize_croquis	legacy	1
typechecker	Typechecker	source	crates/vize_canon/src/virtual_ts/generator/auto_import_stubs.rs	1	s0	S0	stage	vize_carton	compat	2
typechecker	Typechecker	source	crates/vize_canon/src/virtual_ts/generator/auto_import_stubs.rs	1	croquis	Croquis analysis	old	vize_croquis	legacy	2
typechecker	Typechecker	source	crates/vize_canon/src/virtual_ts/generator/component_constructors.rs	10	s0	S0	stage	vize_carton	compat	2
typechecker	Typechecker	source	crates/vize_canon/src/virtual_ts/generator/component_constructors/generic_function.rs	6	s0	S0	stage	vize_carton	compat	1
typechecker	Typechecker	source	crates/vize_canon/src/virtual_ts/generator/component_export.rs	2	s0	S0	stage	vize_carton	compat	1
typechecker	Typechecker	source	crates/vize_canon/src/virtual_ts/generator/component_export/generic.rs	2	s0	S0	stage	vize_carton	compat	1
typechecker	Typechecker	source	crates/vize_canon/src/virtual_ts/generator/component_public_types.rs	4	s0	S0	stage	vize_carton	compat	1
typechecker	Typechecker	source	crates/vize_canon/src/virtual_ts/generator/component_public_types.rs	4	old_ast	old AST/parser	old	vize_relief	legacy	1
typechecker	Typechecker	source	crates/vize_canon/src/virtual_ts/generator/component_public_types.rs	4	croquis	Croquis analysis	old	vize_croquis	legacy	1
typechecker	Typechecker	source	crates/vize_canon/src/virtual_ts/generator/emits.rs	1	s0	S0	stage	vize_carton	compat	1
typechecker	Typechecker	source	crates/vize_canon/src/virtual_ts/generator/emits.rs	1	croquis	Croquis analysis	old	vize_croquis	legacy	2
typechecker	Typechecker	source	crates/vize_canon/src/virtual_ts/generator/entry.rs	5	old_ast	old AST/parser	old	vize_relief	legacy	4
typechecker	Typechecker	source	crates/vize_canon/src/virtual_ts/generator/entry.rs	5	croquis	Croquis analysis	old	vize_croquis	legacy	1
typechecker	Typechecker	test/dev	crates/vize_canon/src/virtual_ts/generator/fallthrough_tests.rs	1	s0	S0	stage	vize_carton	compat	5
typechecker	Typechecker	test/dev	crates/vize_canon/src/virtual_ts/generator/fallthrough_tests.rs	1	old_ast	old AST/parser	old	vize_relief	legacy	1
typechecker	Typechecker	test/dev	crates/vize_canon/src/virtual_ts/generator/fallthrough_tests.rs	1	old_ast	old AST/parser	old	vize_armature	legacy	2
typechecker	Typechecker	test/dev	crates/vize_canon/src/virtual_ts/generator/fallthrough_tests.rs	1	croquis	Croquis analysis	old	vize_croquis	legacy	1
typechecker	Typechecker	source	crates/vize_canon/src/virtual_ts/generator/fallthrough.rs	1	s0	S0	stage	vize_carton	compat	1
typechecker	Typechecker	source	crates/vize_canon/src/virtual_ts/generator/fallthrough.rs	1	old_ast	old AST/parser	old	vize_relief	legacy	1
typechecker	Typechecker	source	crates/vize_canon/src/virtual_ts/generator/fallthrough/attrs_expr.rs	4	old_ast	old AST/parser	old	vize_relief	legacy	1
typechecker	Typechecker	source	crates/vize_canon/src/virtual_ts/generator/fallthrough/forwarded.rs	17	s0	S0	stage	vize_carton	compat	1
typechecker	Typechecker	source	crates/vize_canon/src/virtual_ts/generator/fallthrough/forwarded.rs	17	old_ast	old AST/parser	old	vize_relief	legacy	1
typechecker	Typechecker	test/dev	crates/vize_canon/src/virtual_ts/generator/fallthrough/forwarded.rs	123	s0	S0	stage	vize_carton	compat	1
typechecker	Typechecker	test/dev	crates/vize_canon/src/virtual_ts/generator/fallthrough/forwarded.rs	123	old_ast	old AST/parser	old	vize_armature	legacy	1
typechecker	Typechecker	test/dev	crates/vize_canon/src/virtual_ts/generator/fallthrough/forwarded.rs	123	croquis	Croquis analysis	old	vize_croquis	legacy	1
typechecker	Typechecker	source	crates/vize_canon/src/virtual_ts/generator/fallthrough/types.rs	7	s0	S0	stage	vize_carton	compat	1
typechecker	Typechecker	source	crates/vize_canon/src/virtual_ts/generator/fallthrough/types.rs	7	old_ast	old AST/parser	old	vize_relief	legacy	1
typechecker	Typechecker	source	crates/vize_canon/src/virtual_ts/generator/fallthrough/types.rs	7	croquis	Croquis analysis	old	vize_croquis	legacy	1
typechecker	Typechecker	source	crates/vize_canon/src/virtual_ts/generator/file_directives.rs	3	s0	S0	stage	vize_carton	compat	1
typechecker	Typechecker	source	crates/vize_canon/src/virtual_ts/generator/file_directives.rs	3	raw_oxc	raw OXC	raw	oxc_allocator	raw	1
typechecker	Typechecker	source	crates/vize_canon/src/virtual_ts/generator/file_directives.rs	3	raw_oxc	raw OXC	raw	oxc_parser	raw	1
typechecker	Typechecker	source	crates/vize_canon/src/virtual_ts/generator/generics.rs	4	s0	S0	stage	vize_carton	compat	1
typechecker	Typechecker	source	crates/vize_canon/src/virtual_ts/generator/generics.rs	4	croquis	Croquis analysis	old	vize_croquis	legacy	1
typechecker	Typechecker	test/dev	crates/vize_canon/src/virtual_ts/generator/generics.rs	303	s0	S0	stage	vize_carton	compat	1
typechecker	Typechecker	source	crates/vize_canon/src/virtual_ts/generator/global_components.rs	1	s0	S0	stage	vize_carton	compat	1
typechecker	Typechecker	source	crates/vize_canon/src/virtual_ts/generator/global_components.rs	1	croquis	Croquis analysis	old	vize_croquis	legacy	3
typechecker	Typechecker	test/dev	crates/vize_canon/src/virtual_ts/generator/glued_import.rs	137	s0	S0	stage	vize_carton	compat	1
typechecker	Typechecker	source	crates/vize_canon/src/virtual_ts/generator/imports.rs	3	s0	S0	stage	vize_carton	compat	3
typechecker	Typechecker	source	crates/vize_canon/src/virtual_ts/generator/imports.rs	3	croquis	Croquis analysis	old	vize_croquis	legacy	2
typechecker	Typechecker	source	crates/vize_canon/src/virtual_ts/generator/imports.rs	3	raw_oxc	raw OXC	raw	oxc_allocator	raw	1
typechecker	Typechecker	source	crates/vize_canon/src/virtual_ts/generator/imports.rs	3	raw_oxc	raw OXC	raw	oxc_ast	raw	1
typechecker	Typechecker	source	crates/vize_canon/src/virtual_ts/generator/imports.rs	3	raw_oxc	raw OXC	raw	oxc_ast_visit	raw	1
typechecker	Typechecker	source	crates/vize_canon/src/virtual_ts/generator/imports.rs	3	raw_oxc	raw OXC	raw	oxc_parser	raw	1
typechecker	Typechecker	source	crates/vize_canon/src/virtual_ts/generator/legacy_vue2.rs	1	s0	S0	stage	vize_carton	compat	1
typechecker	Typechecker	source	crates/vize_canon/src/virtual_ts/generator/legacy_vue2.rs	1	old_ast	old AST/parser	old	vize_relief	legacy	1
typechecker	Typechecker	source	crates/vize_canon/src/virtual_ts/generator/legacy_vue2.rs	1	croquis	Croquis analysis	old	vize_croquis	legacy	1
typechecker	Typechecker	test/dev	crates/vize_canon/src/virtual_ts/generator/legacy_vue2.rs	205	s0	S0	stage	vize_carton	compat	1
typechecker	Typechecker	source	crates/vize_canon/src/virtual_ts/generator/legacy_vue2/instance.rs	4	s0	S0	stage	vize_carton	compat	3
typechecker	Typechecker	source	crates/vize_canon/src/virtual_ts/generator/macro_anchors.rs	4	s0	S0	stage	vize_carton	compat	1
typechecker	Typechecker	source	crates/vize_canon/src/virtual_ts/generator/macro_anchors.rs	4	croquis	Croquis analysis	old	vize_croquis	legacy	1
typechecker	Typechecker	source	crates/vize_canon/src/virtual_ts/generator/module_statements.rs	5	s0	S0	stage	vize_carton	compat	1
typechecker	Typechecker	source	crates/vize_canon/src/virtual_ts/generator/options_api_bridge.rs	30	s0	S0	stage	vize_carton	compat	1
typechecker	Typechecker	source	crates/vize_canon/src/virtual_ts/generator/options_api_bridge.rs	30	croquis	Croquis analysis	old	vize_croquis	legacy	1
typechecker	Typechecker	source	crates/vize_canon/src/virtual_ts/generator/options_api_bridge/collect.rs	5	s0	S0	stage	vize_carton	compat	1
typechecker	Typechecker	source	crates/vize_canon/src/virtual_ts/generator/options_api_bridge/collect.rs	5	raw_oxc	raw OXC	raw	oxc_allocator	raw	1
typechecker	Typechecker	source	crates/vize_canon/src/virtual_ts/generator/options_api_bridge/collect.rs	5	raw_oxc	raw OXC	raw	oxc_ast	raw	2
typechecker	Typechecker	source	crates/vize_canon/src/virtual_ts/generator/options_api_bridge/collect.rs	5	raw_oxc	raw OXC	raw	oxc_parser	raw	1
typechecker	Typechecker	source	crates/vize_canon/src/virtual_ts/generator/options_api_bridge/inherited.rs	26	s0	S0	stage	vize_carton	compat	1
typechecker	Typechecker	source	crates/vize_canon/src/virtual_ts/generator/options_api_bridge/inherited.rs	26	raw_oxc	raw OXC	raw	oxc_ast	raw	1
typechecker	Typechecker	source	crates/vize_canon/src/virtual_ts/generator/options_api_props_identifiers.rs	3	s0	S0	stage	vize_carton	compat	1
typechecker	Typechecker	source	crates/vize_canon/src/virtual_ts/generator/options_api_props_identifiers.rs	3	raw_oxc	raw OXC	raw	oxc_allocator	raw	1
typechecker	Typechecker	source	crates/vize_canon/src/virtual_ts/generator/options_api_props_identifiers.rs	3	raw_oxc	raw OXC	raw	oxc_ast	raw	1
typechecker	Typechecker	source	crates/vize_canon/src/virtual_ts/generator/options_api_props_identifiers.rs	3	raw_oxc	raw OXC	raw	oxc_parser	raw	1
typechecker	Typechecker	source	crates/vize_canon/src/virtual_ts/generator/options_api_support.rs	1	s0	S0	stage	vize_carton	compat	1
typechecker	Typechecker	source	crates/vize_canon/src/virtual_ts/generator/options_api_support.rs	1	croquis	Croquis analysis	old	vize_croquis	legacy	1
typechecker	Typechecker	source	crates/vize_canon/src/virtual_ts/generator/options_api_support.rs	1	raw_oxc	raw OXC	raw	oxc_allocator	raw	1
typechecker	Typechecker	source	crates/vize_canon/src/virtual_ts/generator/options_api_support.rs	1	raw_oxc	raw OXC	raw	oxc_ast	raw	1
typechecker	Typechecker	source	crates/vize_canon/src/virtual_ts/generator/options_api_support.rs	1	raw_oxc	raw OXC	raw	oxc_parser	raw	1
typechecker	Typechecker	source	crates/vize_canon/src/virtual_ts/generator/options_api_support.rs	1	raw_oxc	raw OXC	raw	oxc_syntax	raw	1
typechecker	Typechecker	source	crates/vize_canon/src/virtual_ts/generator/options_api.rs	3	s0	S0	stage	vize_carton	compat	1
typechecker	Typechecker	source	crates/vize_canon/src/virtual_ts/generator/options_api.rs	3	croquis	Croquis analysis	old	vize_croquis	legacy	3
typechecker	Typechecker	source	crates/vize_canon/src/virtual_ts/generator/options_api.rs	3	raw_oxc	raw OXC	raw	oxc_allocator	raw	1
typechecker	Typechecker	source	crates/vize_canon/src/virtual_ts/generator/options_api.rs	3	raw_oxc	raw OXC	raw	oxc_ast	raw	2
typechecker	Typechecker	source	crates/vize_canon/src/virtual_ts/generator/options_api.rs	3	raw_oxc	raw OXC	raw	oxc_parser	raw	1
typechecker	Typechecker	source	crates/vize_canon/src/virtual_ts/generator/options_api/variables.rs	6	s0	S0	stage	vize_carton	compat	1
typechecker	Typechecker	source	crates/vize_canon/src/virtual_ts/generator/options_api/variables.rs	6	croquis	Croquis analysis	old	vize_croquis	legacy	1
typechecker	Typechecker	source	crates/vize_canon/src/virtual_ts/generator/preamble.rs	1	s0	S0	stage	vize_carton	compat	1
typechecker	Typechecker	source	crates/vize_canon/src/virtual_ts/generator/preamble.rs	1	croquis	Croquis analysis	old	vize_croquis	legacy	1
typechecker	Typechecker	source	crates/vize_canon/src/virtual_ts/generator/root_element.rs	3	s0	S0	stage	vize_carton	compat	1
typechecker	Typechecker	source	crates/vize_canon/src/virtual_ts/generator/root_element.rs	3	old_ast	old AST/parser	old	vize_relief	legacy	1
typechecker	Typechecker	source	crates/vize_canon/src/virtual_ts/generator/root_element.rs	3	croquis	Croquis analysis	old	vize_croquis	legacy	1
typechecker	Typechecker	source	crates/vize_canon/src/virtual_ts/generator/script_blocks.rs	17	s0	S0	stage	vize_carton	compat	2
typechecker	Typechecker	source	crates/vize_canon/src/virtual_ts/generator/script_blocks.rs	17	croquis	Croquis analysis	old	vize_croquis	legacy	1
typechecker	Typechecker	test/dev	crates/vize_canon/src/virtual_ts/generator/script_blocks.rs	170	croquis	Croquis analysis	old	vize_croquis	legacy	1
typechecker	Typechecker	source	crates/vize_canon/src/virtual_ts/generator/script_blocks/ambient.rs	6	croquis	Croquis analysis	old	vize_croquis	legacy	1
typechecker	Typechecker	source	crates/vize_canon/src/virtual_ts/generator/script_blocks/ambient.rs	6	raw_oxc	raw OXC	raw	oxc_allocator	raw	1
typechecker	Typechecker	source	crates/vize_canon/src/virtual_ts/generator/script_blocks/ambient.rs	6	raw_oxc	raw OXC	raw	oxc_ast	raw	1
typechecker	Typechecker	source	crates/vize_canon/src/virtual_ts/generator/script_blocks/ambient.rs	6	raw_oxc	raw OXC	raw	oxc_parser	raw	1
typechecker	Typechecker	source	crates/vize_canon/src/virtual_ts/generator/script_blocks/ambient.rs	6	raw_oxc	raw OXC	raw	oxc_semantic	raw	1
typechecker	Typechecker	source	crates/vize_canon/src/virtual_ts/generator/script_blocks/ambient/projection.rs	4	s0	S0	stage	vize_carton	compat	1
typechecker	Typechecker	source	crates/vize_canon/src/virtual_ts/generator/script_blocks/ambient/projection.rs	4	croquis	Croquis analysis	old	vize_croquis	legacy	1
typechecker	Typechecker	source	crates/vize_canon/src/virtual_ts/generator/script_blocks/ambient/projection/emit.rs	2	s0	S0	stage	vize_carton	compat	1
typechecker	Typechecker	source	crates/vize_canon/src/virtual_ts/generator/script_module.rs	8	s0	S0	stage	vize_carton	compat	1
typechecker	Typechecker	source	crates/vize_canon/src/virtual_ts/generator/script_module.rs	8	croquis	Croquis analysis	old	vize_croquis	legacy	2
typechecker	Typechecker	source	crates/vize_canon/src/virtual_ts/generator/script_module.rs	8	raw_oxc	raw OXC	raw	oxc_allocator	raw	1
typechecker	Typechecker	source	crates/vize_canon/src/virtual_ts/generator/script_module.rs	8	raw_oxc	raw OXC	raw	oxc_ast	raw	1
typechecker	Typechecker	source	crates/vize_canon/src/virtual_ts/generator/script_module/namespace_hoist.rs	36	s0	S0	stage	vize_carton	compat	1
typechecker	Typechecker	source	crates/vize_canon/src/virtual_ts/generator/script_module/namespace_hoist.rs	36	raw_oxc	raw OXC	raw	oxc_allocator	raw	1
typechecker	Typechecker	source	crates/vize_canon/src/virtual_ts/generator/script_module/namespace_hoist.rs	36	raw_oxc	raw OXC	raw	oxc_ast	raw	1
typechecker	Typechecker	source	crates/vize_canon/src/virtual_ts/generator/script_module/namespace_hoist.rs	36	raw_oxc	raw OXC	raw	oxc_ast_visit	raw	1
typechecker	Typechecker	source	crates/vize_canon/src/virtual_ts/generator/script_module/namespace_hoist.rs	36	raw_oxc	raw OXC	raw	oxc_parser	raw	1
typechecker	Typechecker	test/dev	crates/vize_canon/src/virtual_ts/generator/script_module/namespace_hoist/tests.rs	3	s0	S0	stage	vize_s0	preferred	1
typechecker	Typechecker	source	crates/vize_canon/src/virtual_ts/generator/script_module/plain_exports.rs	18	s0	S0	stage	vize_carton	compat	3
typechecker	Typechecker	source	crates/vize_canon/src/virtual_ts/generator/script_module/plain_exports.rs	18	raw_oxc	raw OXC	raw	oxc_allocator	raw	1
typechecker	Typechecker	source	crates/vize_canon/src/virtual_ts/generator/script_module/plain_exports.rs	18	raw_oxc	raw OXC	raw	oxc_ast	raw	1
typechecker	Typechecker	source	crates/vize_canon/src/virtual_ts/generator/script_module/plain_exports.rs	18	raw_oxc	raw OXC	raw	oxc_parser	raw	1
typechecker	Typechecker	test/dev	crates/vize_canon/src/virtual_ts/generator/script_module/plain_exports/tests.rs	61	s0	S0	stage	vize_s0	preferred	4
typechecker	Typechecker	source	crates/vize_canon/src/virtual_ts/generator/setup_helpers.rs	9	s0	S0	stage	vize_carton	compat	1
typechecker	Typechecker	source	crates/vize_canon/src/virtual_ts/generator/setup_helpers.rs	9	old_ast	old AST/parser	old	vize_relief	legacy	1
typechecker	Typechecker	source	crates/vize_canon/src/virtual_ts/generator/setup_helpers.rs	9	croquis	Croquis analysis	old	vize_croquis	legacy	1
typechecker	Typechecker	source	crates/vize_canon/src/virtual_ts/generator/setup_helpers/boolean_keys.rs	1	s0	S0	stage	vize_carton	compat	1
typechecker	Typechecker	source	crates/vize_canon/src/virtual_ts/generator/setup_helpers/boolean_keys.rs	1	croquis	Croquis analysis	old	vize_croquis	legacy	1
typechecker	Typechecker	source	crates/vize_canon/src/virtual_ts/generator/setup_helpers/boolean_keys.rs	1	raw_oxc	raw OXC	raw	oxc_allocator	raw	3
typechecker	Typechecker	source	crates/vize_canon/src/virtual_ts/generator/setup_helpers/boolean_keys.rs	1	raw_oxc	raw OXC	raw	oxc_ast	raw	1
typechecker	Typechecker	source	crates/vize_canon/src/virtual_ts/generator/setup_helpers/boolean_keys.rs	1	raw_oxc	raw OXC	raw	oxc_ast_visit	raw	1
typechecker	Typechecker	source	crates/vize_canon/src/virtual_ts/generator/setup_helpers/boolean_keys.rs	1	raw_oxc	raw OXC	raw	oxc_parser	raw	1
typechecker	Typechecker	source	crates/vize_canon/src/virtual_ts/generator/setup_helpers/declarations.rs	6	s0	S0	stage	vize_carton	compat	1
typechecker	Typechecker	source	crates/vize_canon/src/virtual_ts/generator/setup_helpers/declarations.rs	6	croquis	Croquis analysis	old	vize_croquis	legacy	1
typechecker	Typechecker	source	crates/vize_canon/src/virtual_ts/generator/setup_helpers/declarations.rs	6	raw_oxc	raw OXC	raw	oxc_allocator	raw	1
typechecker	Typechecker	source	crates/vize_canon/src/virtual_ts/generator/setup_helpers/declarations.rs	6	raw_oxc	raw OXC	raw	oxc_ast	raw	1
typechecker	Typechecker	source	crates/vize_canon/src/virtual_ts/generator/setup_helpers/declarations.rs	6	raw_oxc	raw OXC	raw	oxc_parser	raw	1
typechecker	Typechecker	source	crates/vize_canon/src/virtual_ts/generator/setup_helpers/declarations.rs	6	raw_oxc	raw OXC	raw	oxc_semantic	raw	1
typechecker	Typechecker	source	crates/vize_canon/src/virtual_ts/generator/setup_helpers/macro_results.rs	4	s0	S0	stage	vize_carton	compat	1
typechecker	Typechecker	source	crates/vize_canon/src/virtual_ts/generator/setup_helpers/macro_results.rs	4	croquis	Croquis analysis	old	vize_croquis	legacy	1
typechecker	Typechecker	source	crates/vize_canon/src/virtual_ts/generator/setup_helpers/macro_results.rs	4	raw_oxc	raw OXC	raw	oxc_ast	raw	1
typechecker	Typechecker	source	crates/vize_canon/src/virtual_ts/generator/setup_helpers/template_ref_registry.rs	14	s0	S0	stage	vize_carton	compat	6
typechecker	Typechecker	source	crates/vize_canon/src/virtual_ts/generator/setup_helpers/template_ref_registry.rs	14	old_ast	old AST/parser	old	vize_relief	legacy	1
typechecker	Typechecker	source	crates/vize_canon/src/virtual_ts/generator/setup_helpers/template_ref_registry.rs	14	croquis	Croquis analysis	old	vize_croquis	legacy	1
typechecker	Typechecker	test/dev	crates/vize_canon/src/virtual_ts/generator/setup_helpers/template_ref_registry/tests.rs	1	s0	S0	stage	vize_s0	preferred	3
typechecker	Typechecker	test/dev	crates/vize_canon/src/virtual_ts/generator/setup_helpers/template_ref_registry/tests.rs	1	old_ast	old AST/parser	old	vize_relief	legacy	1
typechecker	Typechecker	test/dev	crates/vize_canon/src/virtual_ts/generator/setup_helpers/template_ref_registry/tests.rs	1	old_ast	old AST/parser	old	vize_armature	legacy	1
typechecker	Typechecker	test/dev	crates/vize_canon/src/virtual_ts/generator/setup_helpers/template_ref_registry/tests.rs	1	croquis	Croquis analysis	old	vize_croquis	legacy	1
typechecker	Typechecker	source	crates/vize_canon/src/virtual_ts/generator/setup_imports.rs	5	s0	S0	stage	vize_carton	compat	1
typechecker	Typechecker	source	crates/vize_canon/src/virtual_ts/generator/setup_imports.rs	5	old_ast	old AST/parser	old	vize_relief	legacy	1
typechecker	Typechecker	source	crates/vize_canon/src/virtual_ts/generator/setup_imports.rs	5	croquis	Croquis analysis	old	vize_croquis	legacy	2
typechecker	Typechecker	source	crates/vize_canon/src/virtual_ts/generator/setup_imports.rs	5	raw_oxc	raw OXC	raw	oxc_allocator	raw	1
typechecker	Typechecker	source	crates/vize_canon/src/virtual_ts/generator/setup_imports.rs	5	raw_oxc	raw OXC	raw	oxc_ast	raw	1
typechecker	Typechecker	source	crates/vize_canon/src/virtual_ts/generator/setup_imports.rs	5	raw_oxc	raw OXC	raw	oxc_semantic	raw	1
typechecker	Typechecker	source	crates/vize_canon/src/virtual_ts/generator/setup_lines.rs	3	s0	S0	stage	vize_carton	compat	1
typechecker	Typechecker	source	crates/vize_canon/src/virtual_ts/generator/setup_props.rs	3	s0	S0	stage	vize_carton	compat	1
typechecker	Typechecker	source	crates/vize_canon/src/virtual_ts/generator/setup_props.rs	3	croquis	Croquis analysis	old	vize_croquis	legacy	1
typechecker	Typechecker	source	crates/vize_canon/src/virtual_ts/generator/setup_props/exports.rs	2	s0	S0	stage	vize_carton	compat	1
typechecker	Typechecker	source	crates/vize_canon/src/virtual_ts/generator/setup_scope.rs	3	croquis	Croquis analysis	old	vize_croquis	legacy	1
typechecker	Typechecker	source	crates/vize_canon/src/virtual_ts/generator/setup_type_exports.rs	3	s0	S0	stage	vize_carton	compat	1
typechecker	Typechecker	source	crates/vize_canon/src/virtual_ts/generator/setup_type_exports.rs	3	croquis	Croquis analysis	old	vize_croquis	legacy	1
typechecker	Typechecker	test/dev	crates/vize_canon/src/virtual_ts/generator/setup_type_exports.rs	202	s0	S0	stage	vize_carton	compat	4
typechecker	Typechecker	test/dev	crates/vize_canon/src/virtual_ts/generator/setup_type_exports.rs	202	croquis	Croquis analysis	old	vize_croquis	legacy	1
typechecker	Typechecker	source	crates/vize_canon/src/virtual_ts/generator/spans.rs	7	s0	S0	stage	vize_carton	compat	1
typechecker	Typechecker	source	crates/vize_canon/src/virtual_ts/generator/spans/template_usage.rs	4	s0	S0	stage	vize_carton	compat	2
typechecker	Typechecker	source	crates/vize_canon/src/virtual_ts/generator/spans/template_usage.rs	4	old_ast	old AST/parser	old	vize_relief	legacy	2
typechecker	Typechecker	source	crates/vize_canon/src/virtual_ts/generator/spans/template_usage.rs	4	croquis	Croquis analysis	old	vize_croquis	legacy	5
typechecker	Typechecker	source	crates/vize_canon/src/virtual_ts/generator/template_record.rs	11	s0	S0	stage	vize_carton	compat	1
typechecker	Typechecker	source	crates/vize_canon/src/virtual_ts/generator/template_record.rs	11	old_ast	old AST/parser	old	vize_relief	legacy	1
typechecker	Typechecker	source	crates/vize_canon/src/virtual_ts/generator/template_ref_keys.rs	16	s0	S0	stage	vize_carton	compat	1
typechecker	Typechecker	source	crates/vize_canon/src/virtual_ts/generator/template_ref_keys.rs	16	croquis	Croquis analysis	old	vize_croquis	legacy	1
typechecker	Typechecker	source	crates/vize_canon/src/virtual_ts/generator/template_ref_keys.rs	16	raw_oxc	raw OXC	raw	oxc_allocator	raw	1
typechecker	Typechecker	source	crates/vize_canon/src/virtual_ts/generator/template_ref_keys.rs	16	raw_oxc	raw OXC	raw	oxc_ast	raw	3
typechecker	Typechecker	source	crates/vize_canon/src/virtual_ts/generator/template_ref_keys.rs	16	raw_oxc	raw OXC	raw	oxc_ast_visit	raw	1
typechecker	Typechecker	source	crates/vize_canon/src/virtual_ts/generator/template_ref_keys.rs	16	raw_oxc	raw OXC	raw	oxc_syntax	raw	1
typechecker	Typechecker	test/dev	crates/vize_canon/src/virtual_ts/generator/template_ref_keys.rs	164	s0	S0	stage	vize_carton	compat	1
typechecker	Typechecker	source	crates/vize_canon/src/virtual_ts/generator/template_refs.rs	7	s0	S0	stage	vize_s0	preferred	2
typechecker	Typechecker	source	crates/vize_canon/src/virtual_ts/generator/template_refs.rs	7	croquis	Croquis analysis	old	vize_croquis	legacy	1
typechecker	Typechecker	source	crates/vize_canon/src/virtual_ts/generator/template_refs/auto_imports.rs	22	s0	S0	stage	vize_s0	preferred	1
typechecker	Typechecker	source	crates/vize_canon/src/virtual_ts/generator/template_refs/auto_imports.rs	22	croquis	Croquis analysis	old	vize_croquis	legacy	2
typechecker	Typechecker	test/dev	crates/vize_canon/src/virtual_ts/generator/template_refs/auto_imports.rs	97	s0	S0	stage	vize_s0	preferred	2
typechecker	Typechecker	test/dev	crates/vize_canon/src/virtual_ts/generator/template_refs/auto_imports.rs	97	croquis	Croquis analysis	old	vize_croquis	legacy	1
typechecker	Typechecker	source	crates/vize_canon/src/virtual_ts/generator/template_refs/deferred_bindings.rs	35	s0	S0	stage	vize_s0	preferred	1
typechecker	Typechecker	source	crates/vize_canon/src/virtual_ts/generator/template_refs/deferred_bindings.rs	35	croquis	Croquis analysis	old	vize_croquis	legacy	1
typechecker	Typechecker	source	crates/vize_canon/src/virtual_ts/generator/template_refs/deferred_bindings.rs	35	raw_oxc	raw OXC	raw	oxc_allocator	raw	1
typechecker	Typechecker	source	crates/vize_canon/src/virtual_ts/generator/template_refs/deferred_bindings.rs	35	raw_oxc	raw OXC	raw	oxc_ast	raw	1
typechecker	Typechecker	source	crates/vize_canon/src/virtual_ts/generator/template_refs/deferred_bindings.rs	35	raw_oxc	raw OXC	raw	oxc_parser	raw	1
typechecker	Typechecker	source	crates/vize_canon/src/virtual_ts/generator/template_refs/narrowed_bindings.rs	10	s0	S0	stage	vize_carton	compat	1
typechecker	Typechecker	source	crates/vize_canon/src/virtual_ts/generator/template_refs/narrowed_bindings.rs	10	croquis	Croquis analysis	old	vize_croquis	legacy	2
typechecker	Typechecker	source	crates/vize_canon/src/virtual_ts/generator/template_refs/narrowed_bindings.rs	10	raw_oxc	raw OXC	raw	oxc_allocator	raw	1
typechecker	Typechecker	source	crates/vize_canon/src/virtual_ts/generator/template_refs/narrowed_bindings.rs	10	raw_oxc	raw OXC	raw	oxc_ast	raw	3
typechecker	Typechecker	source	crates/vize_canon/src/virtual_ts/generator/template_refs/narrowed_bindings.rs	10	raw_oxc	raw OXC	raw	oxc_parser	raw	1
typechecker	Typechecker	test/dev	crates/vize_canon/src/virtual_ts/generator/template_refs/narrowed_bindings.rs	221	s0	S0	stage	vize_carton	compat	1
typechecker	Typechecker	source	crates/vize_canon/src/virtual_ts/generator/type_only_imports.rs	3	s0	S0	stage	vize_carton	compat	2
typechecker	Typechecker	source	crates/vize_canon/src/virtual_ts/generator/type_only_imports.rs	3	croquis	Croquis analysis	old	vize_croquis	legacy	3
typechecker	Typechecker	source	crates/vize_canon/src/virtual_ts/generator/type_only_imports.rs	3	raw_oxc	raw OXC	raw	oxc_allocator	raw	1
typechecker	Typechecker	source	crates/vize_canon/src/virtual_ts/generator/type_only_imports.rs	3	raw_oxc	raw OXC	raw	oxc_ast	raw	1
typechecker	Typechecker	source	crates/vize_canon/src/virtual_ts/generator/type_only_imports.rs	3	raw_oxc	raw OXC	raw	oxc_parser	raw	1
typechecker	Typechecker	source	crates/vize_canon/src/virtual_ts/generator/unresolved_components.rs	3	s0	S0	stage	vize_carton	compat	1
typechecker	Typechecker	source	crates/vize_canon/src/virtual_ts/generator/unresolved_components.rs	3	croquis	Croquis analysis	old	vize_croquis	legacy	6
typechecker	Typechecker	source	crates/vize_canon/src/virtual_ts/helpers.rs	22	s0	S0	stage	vize_carton	compat	2
typechecker	Typechecker	source	crates/vize_canon/src/virtual_ts/helpers/preamble.rs	1	croquis	Croquis analysis	old	vize_croquis	legacy	1
typechecker	Typechecker	source	crates/vize_canon/src/virtual_ts/import_meta.rs	3	s0	S0	stage	vize_carton	compat	1
typechecker	Typechecker	source	crates/vize_canon/src/virtual_ts/incremental.rs	13	s0	S0	stage	vize_carton	compat	4
typechecker	Typechecker	test/dev	crates/vize_canon/src/virtual_ts/interface_extends_tests.rs	2	s0	S0	stage	vize_carton	compat	1
typechecker	Typechecker	test/dev	crates/vize_canon/src/virtual_ts/interface_extends_tests.rs	2	old_ast	old AST/parser	old	vize_armature	legacy	1
typechecker	Typechecker	test/dev	crates/vize_canon/src/virtual_ts/interface_extends_tests.rs	2	croquis	Croquis analysis	old	vize_croquis	legacy	1
typechecker	Typechecker	test/dev	crates/vize_canon/src/virtual_ts/legacy_vue2_vuetify_tests.rs	1	s0	S0	stage	vize_carton	compat	4
typechecker	Typechecker	test/dev	crates/vize_canon/src/virtual_ts/legacy_vue2_vuetify_tests.rs	1	old_ast	old AST/parser	old	vize_armature	legacy	3
typechecker	Typechecker	test/dev	crates/vize_canon/src/virtual_ts/legacy_vue2_vuetify_tests.rs	1	croquis	Croquis analysis	old	vize_croquis	legacy	1
typechecker	Typechecker	source	crates/vize_canon/src/virtual_ts/macro_type_mappings.rs	5	s0	S0	stage	vize_carton	compat	1
typechecker	Typechecker	source	crates/vize_canon/src/virtual_ts/macro_type_mappings.rs	5	croquis	Croquis analysis	old	vize_croquis	legacy	2
typechecker	Typechecker	source	crates/vize_canon/src/virtual_ts/mapping/document.rs	15	s0	S0	stage	vize_s0	preferred	2
typechecker	Typechecker	test/dev	crates/vize_canon/src/virtual_ts/mapping/document.rs	113	s0	S0	stage	vize_s0	preferred	2
typechecker	Typechecker	test/dev	crates/vize_canon/src/virtual_ts/mapping/document.rs	113	s0	S0	stage	vize_carton	compat	1
typechecker	Typechecker	test/dev	crates/vize_canon/src/virtual_ts/mapping/document.rs	113	old_ast	old AST/parser	old	vize_armature	legacy	1
typechecker	Typechecker	test/dev	crates/vize_canon/src/virtual_ts/mapping/tests.rs	6	s0	S0	stage	vize_carton	compat	1
typechecker	Typechecker	source	crates/vize_canon/src/virtual_ts/model_types.rs	3	s0	S0	stage	vize_carton	compat	1
typechecker	Typechecker	source	crates/vize_canon/src/virtual_ts/model_types.rs	3	croquis	Croquis analysis	old	vize_croquis	legacy	1
typechecker	Typechecker	source	crates/vize_canon/src/virtual_ts/props.rs	21	s0	S0	stage	vize_carton	compat	1
typechecker	Typechecker	source	crates/vize_canon/src/virtual_ts/props.rs	21	croquis	Croquis analysis	old	vize_croquis	legacy	1
typechecker	Typechecker	test/dev	crates/vize_canon/src/virtual_ts/props.rs	335	s0	S0	stage	vize_carton	compat	1
typechecker	Typechecker	source	crates/vize_canon/src/virtual_ts/props/keyed_template_names.rs	3	s0	S0	stage	vize_carton	compat	1
typechecker	Typechecker	source	crates/vize_canon/src/virtual_ts/props/keyed_template_names.rs	3	croquis	Croquis analysis	old	vize_croquis	legacy	3
typechecker	Typechecker	source	crates/vize_canon/src/virtual_ts/props/mappings.rs	5	s0	S0	stage	vize_carton	compat	1
typechecker	Typechecker	source	crates/vize_canon/src/virtual_ts/props/mappings.rs	5	croquis	Croquis analysis	old	vize_croquis	legacy	1
typechecker	Typechecker	source	crates/vize_canon/src/virtual_ts/props/model_props.rs	1	s0	S0	stage	vize_carton	compat	1
typechecker	Typechecker	source	crates/vize_canon/src/virtual_ts/props/model_props.rs	1	croquis	Croquis analysis	old	vize_croquis	legacy	1
typechecker	Typechecker	source	crates/vize_canon/src/virtual_ts/props/options_api.rs	1	s0	S0	stage	vize_carton	compat	1
typechecker	Typechecker	source	crates/vize_canon/src/virtual_ts/props/setup_scoped.rs	1	s0	S0	stage	vize_carton	compat	1
typechecker	Typechecker	source	crates/vize_canon/src/virtual_ts/props/setup_scoped.rs	1	croquis	Croquis analysis	old	vize_croquis	legacy	1
typechecker	Typechecker	source	crates/vize_canon/src/virtual_ts/props/template_bindings.rs	1	s0	S0	stage	vize_carton	compat	1
typechecker	Typechecker	source	crates/vize_canon/src/virtual_ts/props/template_bindings.rs	1	croquis	Croquis analysis	old	vize_croquis	legacy	3
typechecker	Typechecker	source	crates/vize_canon/src/virtual_ts/props/template_model_modifiers.rs	1	s0	S0	stage	vize_carton	compat	1
typechecker	Typechecker	source	crates/vize_canon/src/virtual_ts/props/template_model_modifiers.rs	1	croquis	Croquis analysis	old	vize_croquis	legacy	1
typechecker	Typechecker	source	crates/vize_canon/src/virtual_ts/props/template_model.rs	15	s0	S0	stage	vize_carton	compat	1
typechecker	Typechecker	source	crates/vize_canon/src/virtual_ts/props/template_model.rs	15	croquis	Croquis analysis	old	vize_croquis	legacy	2
typechecker	Typechecker	source	crates/vize_canon/src/virtual_ts/props/template_names.rs	1	s0	S0	stage	vize_carton	compat	1
typechecker	Typechecker	source	crates/vize_canon/src/virtual_ts/props/template_names.rs	1	croquis	Croquis analysis	old	vize_croquis	legacy	2
typechecker	Typechecker	source	crates/vize_canon/src/virtual_ts/props/with_defaults.rs	1	s0	S0	stage	vize_carton	compat	1
typechecker	Typechecker	source	crates/vize_canon/src/virtual_ts/props/with_defaults.rs	1	raw_oxc	raw OXC	raw	oxc_allocator	raw	1
typechecker	Typechecker	source	crates/vize_canon/src/virtual_ts/props/with_defaults.rs	1	raw_oxc	raw OXC	raw	oxc_ast	raw	1
typechecker	Typechecker	source	crates/vize_canon/src/virtual_ts/props/with_defaults.rs	1	raw_oxc	raw OXC	raw	oxc_parser	raw	1
typechecker	Typechecker	test/dev	crates/vize_canon/src/virtual_ts/props/with_defaults.rs	89	s0	S0	stage	vize_carton	compat	1
typechecker	Typechecker	test/dev	crates/vize_canon/src/virtual_ts/public_instance_guard_tests.rs	3	s0	S0	stage	vize_carton	compat	1
typechecker	Typechecker	source	crates/vize_canon/src/virtual_ts/scope/children.rs	3	s0	S0	stage	vize_carton	compat	1
typechecker	Typechecker	source	crates/vize_canon/src/virtual_ts/scope/children.rs	3	croquis	Croquis analysis	old	vize_croquis	legacy	1
typechecker	Typechecker	source	crates/vize_canon/src/virtual_ts/scope/closures.rs	2	s0	S0	stage	vize_carton	compat	2
typechecker	Typechecker	source	crates/vize_canon/src/virtual_ts/scope/closures.rs	2	croquis	Croquis analysis	old	vize_croquis	legacy	1
typechecker	Typechecker	source	crates/vize_canon/src/virtual_ts/scope/component_event_navigation.rs	4	s0	S0	stage	vize_carton	compat	3
typechecker	Typechecker	source	crates/vize_canon/src/virtual_ts/scope/component_event_navigation.rs	4	croquis	Croquis analysis	old	vize_croquis	legacy	2
typechecker	Typechecker	source	crates/vize_canon/src/virtual_ts/scope/component_events.rs	9	s0	S0	stage	vize_carton	compat	1
typechecker	Typechecker	source	crates/vize_canon/src/virtual_ts/scope/component_events.rs	9	croquis	Croquis analysis	old	vize_croquis	legacy	1
typechecker	Typechecker	source	crates/vize_canon/src/virtual_ts/scope/component_events/generic_inference.rs	2	s0	S0	stage	vize_carton	compat	1
typechecker	Typechecker	source	crates/vize_canon/src/virtual_ts/scope/component_events/generic_inference.rs	2	croquis	Croquis analysis	old	vize_croquis	legacy	2
typechecker	Typechecker	source	crates/vize_canon/src/virtual_ts/scope/component_events/handler_context.rs	1	croquis	Croquis analysis	old	vize_croquis	legacy	1
typechecker	Typechecker	source	crates/vize_canon/src/virtual_ts/scope/component_events/inference_helpers.rs	1	s0	S0	stage	vize_carton	compat	1
typechecker	Typechecker	source	crates/vize_canon/src/virtual_ts/scope/component_events/inference_helpers.rs	1	croquis	Croquis analysis	old	vize_croquis	legacy	1
typechecker	Typechecker	source	crates/vize_canon/src/virtual_ts/scope/component_events/reference.rs	1	s0	S0	stage	vize_carton	compat	1
typechecker	Typechecker	source	crates/vize_canon/src/virtual_ts/scope/component_navigation.rs	3	s0	S0	stage	vize_carton	compat	1
typechecker	Typechecker	source	crates/vize_canon/src/virtual_ts/scope/component_prop_checker.rs	1	s0	S0	stage	vize_carton	compat	1
typechecker	Typechecker	source	crates/vize_canon/src/virtual_ts/scope/component_prop_checker.rs	1	croquis	Croquis analysis	old	vize_croquis	legacy	1
typechecker	Typechecker	source	crates/vize_canon/src/virtual_ts/scope/component_prop_checker/check_helpers.rs	3	s0	S0	stage	vize_carton	compat	1
typechecker	Typechecker	source	crates/vize_canon/src/virtual_ts/scope/component_prop_checker/check_helpers.rs	3	croquis	Croquis analysis	old	vize_croquis	legacy	1
typechecker	Typechecker	source	crates/vize_canon/src/virtual_ts/scope/component_prop_expressions.rs	1	s0	S0	stage	vize_carton	compat	1
typechecker	Typechecker	source	crates/vize_canon/src/virtual_ts/scope/component_prop_expressions.rs	1	croquis	Croquis analysis	old	vize_croquis	legacy	2
typechecker	Typechecker	source	crates/vize_canon/src/virtual_ts/scope/component_prop_navigation.rs	3	s0	S0	stage	vize_carton	compat	1
typechecker	Typechecker	source	crates/vize_canon/src/virtual_ts/scope/component_prop_navigation.rs	3	croquis	Croquis analysis	old	vize_croquis	legacy	1
typechecker	Typechecker	source	crates/vize_canon/src/virtual_ts/scope/component_props.rs	10	s0	S0	stage	vize_carton	compat	1
typechecker	Typechecker	source	crates/vize_canon/src/virtual_ts/scope/component_props.rs	10	croquis	Croquis analysis	old	vize_croquis	legacy	3
typechecker	Typechecker	source	crates/vize_canon/src/virtual_ts/scope/component_props/closure_scopes.rs	1	s0	S0	stage	vize_carton	compat	1
typechecker	Typechecker	source	crates/vize_canon/src/virtual_ts/scope/component_props/closure_scopes.rs	1	croquis	Croquis analysis	old	vize_croquis	legacy	1
typechecker	Typechecker	source	crates/vize_canon/src/virtual_ts/scope/component_props/duplicate_listeners.rs	3	s0	S0	stage	vize_carton	compat	1
typechecker	Typechecker	source	crates/vize_canon/src/virtual_ts/scope/component_props/duplicate_listeners.rs	3	croquis	Croquis analysis	old	vize_croquis	legacy	1
typechecker	Typechecker	source	crates/vize_canon/src/virtual_ts/scope/component_ref_props.rs	1	s0	S0	stage	vize_carton	compat	1
typechecker	Typechecker	source	crates/vize_canon/src/virtual_ts/scope/component_ref_props.rs	1	croquis	Croquis analysis	old	vize_croquis	legacy	1
typechecker	Typechecker	source	crates/vize_canon/src/virtual_ts/scope/component_slots.rs	7	s0	S0	stage	vize_carton	compat	4
typechecker	Typechecker	source	crates/vize_canon/src/virtual_ts/scope/component_slots.rs	7	old_ast	old AST/parser	old	vize_relief	legacy	1
typechecker	Typechecker	source	crates/vize_canon/src/virtual_ts/scope/component_slots.rs	7	croquis	Croquis analysis	old	vize_croquis	legacy	1
typechecker	Typechecker	source	crates/vize_canon/src/virtual_ts/scope/component_slots/child_types.rs	1	s0	S0	stage	vize_carton	compat	1
typechecker	Typechecker	source	crates/vize_canon/src/virtual_ts/scope/component_slots/child_types.rs	1	old_ast	old AST/parser	old	vize_relief	legacy	1
typechecker	Typechecker	source	crates/vize_canon/src/virtual_ts/scope/component_slots/slot_syntax.rs	3	s0	S0	stage	vize_carton	compat	1
typechecker	Typechecker	source	crates/vize_canon/src/virtual_ts/scope/component_slots/slot_syntax.rs	3	old_ast	old AST/parser	old	vize_relief	legacy	1
typechecker	Typechecker	source	crates/vize_canon/src/virtual_ts/scope/component_slots/strict_children.rs	3	s0	S0	stage	vize_carton	compat	1
typechecker	Typechecker	source	crates/vize_canon/src/virtual_ts/scope/component_slots/strict_children.rs	3	old_ast	old AST/parser	old	vize_relief	legacy	1
typechecker	Typechecker	source	crates/vize_canon/src/virtual_ts/scope/component_slots/strict_children.rs	3	croquis	Croquis analysis	old	vize_croquis	legacy	1
typechecker	Typechecker	source	crates/vize_canon/src/virtual_ts/scope/context.rs	4	s0	S0	stage	vize_carton	compat	6
typechecker	Typechecker	source	crates/vize_canon/src/virtual_ts/scope/context.rs	4	old_ast	old AST/parser	old	vize_relief	legacy	4
typechecker	Typechecker	source	crates/vize_canon/src/virtual_ts/scope/context.rs	4	croquis	Croquis analysis	old	vize_croquis	legacy	4
typechecker	Typechecker	source	crates/vize_canon/src/virtual_ts/scope/dynamic_component.rs	11	s0	S0	stage	vize_carton	compat	1
typechecker	Typechecker	source	crates/vize_canon/src/virtual_ts/scope/dynamic_component.rs	11	old_ast	old AST/parser	old	vize_relief	legacy	1
typechecker	Typechecker	source	crates/vize_canon/src/virtual_ts/scope/dynamic_component.rs	11	croquis	Croquis analysis	old	vize_croquis	legacy	2
typechecker	Typechecker	source	crates/vize_canon/src/virtual_ts/scope/emit.rs	4	s0	S0	stage	vize_carton	compat	3
typechecker	Typechecker	source	crates/vize_canon/src/virtual_ts/scope/emit.rs	4	croquis	Croquis analysis	old	vize_croquis	legacy	1
typechecker	Typechecker	source	crates/vize_canon/src/virtual_ts/scope/emit.rs	4	raw_oxc	raw OXC	raw	oxc_syntax	raw	1
typechecker	Typechecker	source	crates/vize_canon/src/virtual_ts/scope/empty_component_props.rs	4	s0	S0	stage	vize_carton	compat	6
typechecker	Typechecker	source	crates/vize_canon/src/virtual_ts/scope/empty_component_props.rs	4	old_ast	old AST/parser	old	vize_relief	legacy	1
typechecker	Typechecker	source	crates/vize_canon/src/virtual_ts/scope/empty_component_props.rs	4	croquis	Croquis analysis	old	vize_croquis	legacy	2
typechecker	Typechecker	source	crates/vize_canon/src/virtual_ts/scope/event_handler.rs	5	s0	S0	stage	vize_carton	compat	1
typechecker	Typechecker	source	crates/vize_canon/src/virtual_ts/scope/event_handler.rs	5	croquis	Croquis analysis	old	vize_croquis	legacy	1
typechecker	Typechecker	source	crates/vize_canon/src/virtual_ts/scope/event_scope.rs	17	s0	S0	stage	vize_carton	compat	6
typechecker	Typechecker	source	crates/vize_canon/src/virtual_ts/scope/event_scope.rs	17	croquis	Croquis analysis	old	vize_croquis	legacy	1
typechecker	Typechecker	source	crates/vize_canon/src/virtual_ts/scope/event_scope/component_scope.rs	5	s0	S0	stage	vize_carton	compat	2
typechecker	Typechecker	source	crates/vize_canon/src/virtual_ts/scope/event_scope/component_scope.rs	5	croquis	Croquis analysis	old	vize_croquis	legacy	1
typechecker	Typechecker	source	crates/vize_canon/src/virtual_ts/scope/event_scope/event_targets.rs	1	s0	S0	stage	vize_carton	compat	1
typechecker	Typechecker	source	crates/vize_canon/src/virtual_ts/scope/event_scope/event_targets.rs	1	old_ast	old AST/parser	old	vize_relief	legacy	1
typechecker	Typechecker	source	crates/vize_canon/src/virtual_ts/scope/event_scope/event_targets.rs	1	croquis	Croquis analysis	old	vize_croquis	legacy	1
typechecker	Typechecker	test/dev	crates/vize_canon/src/virtual_ts/scope/event_scope/event_targets.rs	214	s0	S0	stage	vize_carton	compat	1
typechecker	Typechecker	test/dev	crates/vize_canon/src/virtual_ts/scope/event_scope/event_targets.rs	214	old_ast	old AST/parser	old	vize_relief	legacy	1
typechecker	Typechecker	test/dev	crates/vize_canon/src/virtual_ts/scope/event_scope/event_targets.rs	214	old_ast	old AST/parser	old	vize_armature	legacy	1
typechecker	Typechecker	source	crates/vize_canon/src/virtual_ts/scope/explicit_generics.rs	12	s0	S0	stage	vize_carton	compat	1
typechecker	Typechecker	source	crates/vize_canon/src/virtual_ts/scope/explicit_generics.rs	12	croquis	Croquis analysis	old	vize_croquis	legacy	4
typechecker	Typechecker	source	crates/vize_canon/src/virtual_ts/scope/forwarded_roots.rs	14	s0	S0	stage	vize_carton	compat	1
typechecker	Typechecker	source	crates/vize_canon/src/virtual_ts/scope/forwarded_roots.rs	14	croquis	Croquis analysis	old	vize_croquis	legacy	2
typechecker	Typechecker	source	crates/vize_canon/src/virtual_ts/scope/globals.rs	4	s0	S0	stage	vize_carton	compat	1
typechecker	Typechecker	source	crates/vize_canon/src/virtual_ts/scope/globals.rs	4	croquis	Croquis analysis	old	vize_croquis	legacy	1
typechecker	Typechecker	source	crates/vize_canon/src/virtual_ts/scope/globals.rs	4	raw_oxc	raw OXC	raw	oxc_allocator	raw	1
typechecker	Typechecker	source	crates/vize_canon/src/virtual_ts/scope/globals.rs	4	raw_oxc	raw OXC	raw	oxc_parser	raw	1
typechecker	Typechecker	source	crates/vize_canon/src/virtual_ts/scope/globals.rs	4	raw_oxc	raw OXC	raw	oxc_semantic	raw	1
typechecker	Typechecker	source	crates/vize_canon/src/virtual_ts/scope/globals/authored_ranges.rs	6	croquis	Croquis analysis	old	vize_croquis	legacy	1
typechecker	Typechecker	source	crates/vize_canon/src/virtual_ts/scope/globals/instance.rs	21	s0	S0	stage	vize_carton	compat	4
typechecker	Typechecker	source	crates/vize_canon/src/virtual_ts/scope/globals/instance.rs	21	croquis	Croquis analysis	old	vize_croquis	legacy	1
typechecker	Typechecker	test/dev	crates/vize_canon/src/virtual_ts/scope/globals/instance/tests.rs	4	s0	S0	stage	vize_carton	compat	1
typechecker	Typechecker	test/dev	crates/vize_canon/src/virtual_ts/scope/globals/instance/tests.rs	4	old_ast	old AST/parser	old	vize_armature	legacy	1
typechecker	Typechecker	test/dev	crates/vize_canon/src/virtual_ts/scope/globals/instance/tests.rs	4	croquis	Croquis analysis	old	vize_croquis	legacy	1
typechecker	Typechecker	source	crates/vize_canon/src/virtual_ts/scope/globals/member_root.rs	1	croquis	Croquis analysis	old	vize_croquis	legacy	1
typechecker	Typechecker	source	crates/vize_canon/src/virtual_ts/scope/globals/strict_candidate.rs	2	croquis	Croquis analysis	old	vize_croquis	legacy	1
typechecker	Typechecker	source	crates/vize_canon/src/virtual_ts/scope/globals/strict_expression.rs	4	s0	S0	stage	vize_carton	compat	1
typechecker	Typechecker	source	crates/vize_canon/src/virtual_ts/scope/globals/strict_expression.rs	4	croquis	Croquis analysis	old	vize_croquis	legacy	1
typechecker	Typechecker	source	crates/vize_canon/src/virtual_ts/scope/globals/template_scope.rs	3	croquis	Croquis analysis	old	vize_croquis	legacy	1
typechecker	Typechecker	source	crates/vize_canon/src/virtual_ts/scope/handler_shape.rs	4	croquis	Croquis analysis	old	vize_croquis	legacy	1
typechecker	Typechecker	source	crates/vize_canon/src/virtual_ts/scope/handler_shape.rs	4	raw_oxc	raw OXC	raw	oxc_allocator	raw	1
typechecker	Typechecker	source	crates/vize_canon/src/virtual_ts/scope/handler_shape.rs	4	raw_oxc	raw OXC	raw	oxc_ast	raw	1
typechecker	Typechecker	source	crates/vize_canon/src/virtual_ts/scope/handler_shape.rs	4	raw_oxc	raw OXC	raw	oxc_parser	raw	1
typechecker	Typechecker	source	crates/vize_canon/src/virtual_ts/scope/inline_callback_classifier.rs	3	raw_oxc	raw OXC	raw	oxc_allocator	raw	1
typechecker	Typechecker	source	crates/vize_canon/src/virtual_ts/scope/inline_callback_classifier.rs	3	raw_oxc	raw OXC	raw	oxc_ast	raw	1
typechecker	Typechecker	source	crates/vize_canon/src/virtual_ts/scope/inline_callback_classifier.rs	3	raw_oxc	raw OXC	raw	oxc_parser	raw	1
typechecker	Typechecker	source	crates/vize_canon/src/virtual_ts/scope/native_prop_names.rs	4	s0	S0	stage	vize_carton	compat	1
typechecker	Typechecker	source	crates/vize_canon/src/virtual_ts/scope/native_prop_names.rs	4	old_ast	old AST/parser	old	vize_relief	legacy	2
typechecker	Typechecker	source	crates/vize_canon/src/virtual_ts/scope/node.rs	14	s0	S0	stage	vize_carton	compat	1
typechecker	Typechecker	source	crates/vize_canon/src/virtual_ts/scope/node.rs	14	croquis	Croquis analysis	old	vize_croquis	legacy	1
typechecker	Typechecker	source	crates/vize_canon/src/virtual_ts/scope/patterns.rs	7	s0	S0	stage	vize_carton	compat	1
typechecker	Typechecker	source	crates/vize_canon/src/virtual_ts/scope/patterns.rs	7	old_ast	old AST/parser	old	vize_armature	legacy	1
typechecker	Typechecker	source	crates/vize_canon/src/virtual_ts/scope/patterns.rs	7	croquis	Croquis analysis	old	vize_croquis	legacy	1
typechecker	Typechecker	source	crates/vize_canon/src/virtual_ts/scope/patterns/descriptor.rs	3	s0	S0	stage	vize_carton	compat	1
typechecker	Typechecker	source	crates/vize_canon/src/virtual_ts/scope/patterns/descriptor.rs	3	old_ast	old AST/parser	old	vize_armature	legacy	1
typechecker	Typechecker	source	crates/vize_canon/src/virtual_ts/scope/patterns/source.rs	2	s0	S0	stage	vize_carton	compat	1
typechecker	Typechecker	source	crates/vize_canon/src/virtual_ts/scope/patterns/source.rs	2	old_ast	old AST/parser	old	vize_armature	legacy	1
typechecker	Typechecker	source	crates/vize_canon/src/virtual_ts/scope/patterns/source.rs	2	raw_oxc	raw OXC	raw	oxc_syntax	raw	2
typechecker	Typechecker	source	crates/vize_canon/src/virtual_ts/scope/ref_instances.rs	14	s0	S0	stage	vize_carton	compat	1
typechecker	Typechecker	source	crates/vize_canon/src/virtual_ts/scope/ref_instances.rs	14	croquis	Croquis analysis	old	vize_croquis	legacy	3
typechecker	Typechecker	test/dev	crates/vize_canon/src/virtual_ts/scope/ref_instances.rs	206	s0	S0	stage	vize_carton	compat	1
typechecker	Typechecker	test/dev	crates/vize_canon/src/virtual_ts/scope/ref_instances.rs	206	old_ast	old AST/parser	old	vize_armature	legacy	1
typechecker	Typechecker	test/dev	crates/vize_canon/src/virtual_ts/scope/ref_instances.rs	206	croquis	Croquis analysis	old	vize_croquis	legacy	1
typechecker	Typechecker	source	crates/vize_canon/src/virtual_ts/scope/slot_outlet_props.rs	14	s0	S0	stage	vize_carton	compat	1
typechecker	Typechecker	source	crates/vize_canon/src/virtual_ts/scope/slot_outlet_props.rs	14	old_ast	old AST/parser	old	vize_relief	legacy	1
typechecker	Typechecker	source	crates/vize_canon/src/virtual_ts/scope/slot_outlet_props.rs	14	croquis	Croquis analysis	old	vize_croquis	legacy	1
typechecker	Typechecker	source	crates/vize_canon/src/virtual_ts/scope/slot_outlet_props/collect.rs	1	s0	S0	stage	vize_carton	compat	1
typechecker	Typechecker	source	crates/vize_canon/src/virtual_ts/scope/slot_outlet_props/collect.rs	1	old_ast	old AST/parser	old	vize_relief	legacy	1
typechecker	Typechecker	source	crates/vize_canon/src/virtual_ts/scope/slot_outlet_props/collect.rs	1	croquis	Croquis analysis	old	vize_croquis	legacy	1
typechecker	Typechecker	source	crates/vize_canon/src/virtual_ts/scope/slot_outlet_props/emit.rs	2	s0	S0	stage	vize_carton	compat	2
typechecker	Typechecker	source	crates/vize_canon/src/virtual_ts/scope/slot_outlet_props/inference.rs	3	s0	S0	stage	vize_carton	compat	1
typechecker	Typechecker	source	crates/vize_canon/src/virtual_ts/scope/slot_outlet_props/inference.rs	3	old_ast	old AST/parser	old	vize_relief	legacy	1
typechecker	Typechecker	source	crates/vize_canon/src/virtual_ts/scope/slot_outlet_props/inference.rs	3	croquis	Croquis analysis	old	vize_croquis	legacy	1
typechecker	Typechecker	source	crates/vize_canon/src/virtual_ts/scope/slot_outlet_props/literal.rs	14	s0	S0	stage	vize_carton	compat	1
typechecker	Typechecker	source	crates/vize_canon/src/virtual_ts/scope/slot_outlet_props/literal.rs	14	croquis	Croquis analysis	old	vize_croquis	legacy	1
typechecker	Typechecker	source	crates/vize_canon/src/virtual_ts/scope/slot_scope.rs	14	s0	S0	stage	vize_carton	compat	6
typechecker	Typechecker	source	crates/vize_canon/src/virtual_ts/scope/slot_scope.rs	14	croquis	Croquis analysis	old	vize_croquis	legacy	1
typechecker	Typechecker	source	crates/vize_canon/src/virtual_ts/scope/slot_scope/payload.rs	1	s0	S0	stage	vize_carton	compat	1
typechecker	Typechecker	source	crates/vize_canon/src/virtual_ts/scope/slot_scope/payload.rs	1	croquis	Croquis analysis	old	vize_croquis	legacy	2
typechecker	Typechecker	source	crates/vize_canon/src/virtual_ts/scope/vif_guard.rs	1	s0	S0	stage	vize_carton	compat	1
typechecker	Typechecker	source	crates/vize_canon/src/virtual_ts/scope/vif_guard.rs	1	croquis	Croquis analysis	old	vize_croquis	legacy	1
typechecker	Typechecker	source	crates/vize_canon/src/virtual_ts/script_facts.rs	7	davinci	Davinci	stage	vize_davinci	preferred	1
typechecker	Typechecker	source	crates/vize_canon/src/virtual_ts/script_facts.rs	7	croquis	Croquis analysis	old	vize_croquis	legacy	2
typechecker	Typechecker	test/dev	crates/vize_canon/src/virtual_ts/strict_template_global_enum_tests.rs	2	s0	S0	stage	vize_carton	compat	1
typechecker	Typechecker	test/dev	crates/vize_canon/src/virtual_ts/strict_template_global_enum_tests.rs	2	old_ast	old AST/parser	old	vize_armature	legacy	1
typechecker	Typechecker	test/dev	crates/vize_canon/src/virtual_ts/strict_template_global_enum_tests.rs	2	croquis	Croquis analysis	old	vize_croquis	legacy	1
typechecker	Typechecker	test/dev	crates/vize_canon/src/virtual_ts/strict_template_global_fallback_tests.rs	3	s0	S0	stage	vize_carton	compat	1
typechecker	Typechecker	test/dev	crates/vize_canon/src/virtual_ts/strict_template_globals_tests.rs	3	s0	S0	stage	vize_carton	compat	8
typechecker	Typechecker	test/dev	crates/vize_canon/src/virtual_ts/strict_template_globals_tests.rs	3	old_ast	old AST/parser	old	vize_armature	legacy	7
typechecker	Typechecker	test/dev	crates/vize_canon/src/virtual_ts/strict_template_globals_tests.rs	3	croquis	Croquis analysis	old	vize_croquis	legacy	1
typechecker	Typechecker	test/dev	crates/vize_canon/src/virtual_ts/strict_template_scope_tests.rs	15	s0	S0	stage	vize_carton	compat	1
typechecker	Typechecker	test/dev	crates/vize_canon/src/virtual_ts/strict_template_scope_tests.rs	15	old_ast	old AST/parser	old	vize_armature	legacy	1
typechecker	Typechecker	test/dev	crates/vize_canon/src/virtual_ts/strict_template_scope_tests.rs	15	croquis	Croquis analysis	old	vize_croquis	legacy	1
typechecker	Typechecker	source	crates/vize_canon/src/virtual_ts/template_binding_access.rs	8	s0	S0	stage	vize_carton	compat	1
typechecker	Typechecker	source	crates/vize_canon/src/virtual_ts/template_binding_access.rs	8	croquis	Croquis analysis	old	vize_croquis	legacy	1
typechecker	Typechecker	test/dev	crates/vize_canon/src/virtual_ts/tests.rs	8	s0	S0	stage	vize_carton	compat	38
typechecker	Typechecker	test/dev	crates/vize_canon/src/virtual_ts/tests.rs	8	old_ast	old AST/parser	old	vize_armature	legacy	36
typechecker	Typechecker	test/dev	crates/vize_canon/src/virtual_ts/tests.rs	8	croquis	Croquis analysis	old	vize_croquis	legacy	50
typechecker	Typechecker	test/dev	crates/vize_canon/src/virtual_ts/tests/auto_import_shadowing.rs	2	s0	S0	stage	vize_carton	compat	3
typechecker	Typechecker	test/dev	crates/vize_canon/src/virtual_ts/tests/auto_import_shadowing.rs	2	old_ast	old AST/parser	old	vize_armature	legacy	3
typechecker	Typechecker	test/dev	crates/vize_canon/src/virtual_ts/tests/auto_import_shadowing.rs	2	croquis	Croquis analysis	old	vize_croquis	legacy	1
typechecker	Typechecker	test/dev	crates/vize_canon/src/virtual_ts/tests/component_navigation.rs	4	s0	S0	stage	vize_carton	compat	2
typechecker	Typechecker	test/dev	crates/vize_canon/src/virtual_ts/tests/component_navigation.rs	4	old_ast	old AST/parser	old	vize_armature	legacy	2
typechecker	Typechecker	test/dev	crates/vize_canon/src/virtual_ts/tests/component_navigation.rs	4	croquis	Croquis analysis	old	vize_croquis	legacy	2
typechecker	Typechecker	test/dev	crates/vize_canon/src/virtual_ts/tests/component_spread_prop_order.rs	8	s0	S0	stage	vize_carton	compat	8
typechecker	Typechecker	test/dev	crates/vize_canon/src/virtual_ts/tests/component_spread_prop_order.rs	8	old_ast	old AST/parser	old	vize_armature	legacy	7
typechecker	Typechecker	test/dev	crates/vize_canon/src/virtual_ts/tests/component_spread_prop_order.rs	8	croquis	Croquis analysis	old	vize_croquis	legacy	2
typechecker	Typechecker	test/dev	crates/vize_canon/src/virtual_ts/tests/define_props_scope.rs	2	croquis	Croquis analysis	old	vize_croquis	legacy	1
typechecker	Typechecker	test/dev	crates/vize_canon/src/virtual_ts/tests/define_props_scope/imported_props.rs	3	s0	S0	stage	vize_carton	compat	1
typechecker	Typechecker	test/dev	crates/vize_canon/src/virtual_ts/tests/define_props_scope/imported_props.rs	3	old_ast	old AST/parser	old	vize_armature	legacy	1
typechecker	Typechecker	test/dev	crates/vize_canon/src/virtual_ts/tests/define_props_scope/imported_props.rs	3	croquis	Croquis analysis	old	vize_croquis	legacy	1
typechecker	Typechecker	test/dev	crates/vize_canon/src/virtual_ts/tests/generic_module_type_exports.rs	10	s0	S0	stage	vize_carton	compat	1
typechecker	Typechecker	test/dev	crates/vize_canon/src/virtual_ts/tests/generic_module_type_exports.rs	10	croquis	Croquis analysis	old	vize_croquis	legacy	1
typechecker	Typechecker	test/dev	crates/vize_canon/src/virtual_ts/tests/legacy_nuxt2_page_context.rs	5	croquis	Croquis analysis	old	vize_croquis	legacy	1
typechecker	Typechecker	test/dev	crates/vize_canon/src/virtual_ts/tests/model_update_payload.rs	9	s0	S0	stage	vize_carton	compat	3
typechecker	Typechecker	test/dev	crates/vize_canon/src/virtual_ts/tests/model_update_payload.rs	9	old_ast	old AST/parser	old	vize_armature	legacy	3
typechecker	Typechecker	test/dev	crates/vize_canon/src/virtual_ts/tests/model_update_payload.rs	9	croquis	Croquis analysis	old	vize_croquis	legacy	6
typechecker	Typechecker	test/dev	crates/vize_canon/src/virtual_ts/tests/no_check_template_bindings.rs	5	s0	S0	stage	vize_carton	compat	2
typechecker	Typechecker	test/dev	crates/vize_canon/src/virtual_ts/tests/no_check_template_bindings.rs	5	old_ast	old AST/parser	old	vize_armature	legacy	2
typechecker	Typechecker	test/dev	crates/vize_canon/src/virtual_ts/tests/no_check_template_bindings.rs	5	croquis	Croquis analysis	old	vize_croquis	legacy	1
typechecker	Typechecker	test/dev	crates/vize_canon/src/virtual_ts/tests/options_api_instance.rs	32	s0	S0	stage	vize_carton	compat	7
typechecker	Typechecker	test/dev	crates/vize_canon/src/virtual_ts/tests/options_api_instance.rs	32	old_ast	old AST/parser	old	vize_armature	legacy	7
typechecker	Typechecker	test/dev	crates/vize_canon/src/virtual_ts/tests/options_api_instance.rs	32	croquis	Croquis analysis	old	vize_croquis	legacy	18
typechecker	Typechecker	test/dev	crates/vize_canon/src/virtual_ts/tests/options_api_instance/data_assignment.rs	22	s0	S0	stage	vize_carton	compat	1
typechecker	Typechecker	test/dev	crates/vize_canon/src/virtual_ts/tests/options_api_instance/data_assignment.rs	22	old_ast	old AST/parser	old	vize_armature	legacy	1
typechecker	Typechecker	test/dev	crates/vize_canon/src/virtual_ts/tests/options_api_instance/data_assignment.rs	22	croquis	Croquis analysis	old	vize_croquis	legacy	2
typechecker	Typechecker	test/dev	crates/vize_canon/src/virtual_ts/tests/options_api_props_spread.rs	18	s0	S0	stage	vize_carton	compat	1
typechecker	Typechecker	test/dev	crates/vize_canon/src/virtual_ts/tests/options_api_props_spread.rs	18	old_ast	old AST/parser	old	vize_armature	legacy	1
typechecker	Typechecker	test/dev	crates/vize_canon/src/virtual_ts/tests/options_api_props_spread.rs	18	croquis	Croquis analysis	old	vize_croquis	legacy	2
typechecker	Typechecker	test/dev	crates/vize_canon/src/virtual_ts/tests/options_api_setup_spread.rs	26	s0	S0	stage	vize_carton	compat	3
typechecker	Typechecker	test/dev	crates/vize_canon/src/virtual_ts/tests/options_api_setup_spread.rs	26	old_ast	old AST/parser	old	vize_armature	legacy	3
typechecker	Typechecker	test/dev	crates/vize_canon/src/virtual_ts/tests/options_api_setup_spread.rs	26	croquis	Croquis analysis	old	vize_croquis	legacy	6
typechecker	Typechecker	test/dev	crates/vize_canon/src/virtual_ts/tests/options_api_this_bridge/mixin_members.rs	10	s0	S0	stage	vize_carton	compat	1
typechecker	Typechecker	test/dev	crates/vize_canon/src/virtual_ts/tests/slot_component_bindings.rs	2	s0	S0	stage	vize_carton	compat	6
typechecker	Typechecker	test/dev	crates/vize_canon/src/virtual_ts/tests/slot_component_bindings.rs	2	old_ast	old AST/parser	old	vize_armature	legacy	5
typechecker	Typechecker	test/dev	crates/vize_canon/src/virtual_ts/tests/slot_component_bindings.rs	2	croquis	Croquis analysis	old	vize_croquis	legacy	1
typechecker	Typechecker	test/dev	crates/vize_canon/src/virtual_ts/tests/slot_outlet_spread.rs	10	s0	S0	stage	vize_carton	compat	1
typechecker	Typechecker	test/dev	crates/vize_canon/src/virtual_ts/tests/slot_outlet_spread.rs	10	old_ast	old AST/parser	old	vize_armature	legacy	1
typechecker	Typechecker	test/dev	crates/vize_canon/src/virtual_ts/tests/slot_outlet_spread.rs	10	croquis	Croquis analysis	old	vize_croquis	legacy	2
typechecker	Typechecker	test/dev	crates/vize_canon/src/virtual_ts/tests/template_ref_unwrap.rs	5	s0	S0	stage	vize_carton	compat	1
typechecker	Typechecker	test/dev	crates/vize_canon/src/virtual_ts/tests/template_ref_unwrap.rs	5	old_ast	old AST/parser	old	vize_armature	legacy	1
typechecker	Typechecker	test/dev	crates/vize_canon/src/virtual_ts/tests/template_ref_unwrap.rs	5	croquis	Croquis analysis	old	vize_croquis	legacy	1
typechecker	Typechecker	test/dev	crates/vize_canon/src/virtual_ts/tests/unused_refs.rs	4	s0	S0	stage	vize_carton	compat	4
typechecker	Typechecker	test/dev	crates/vize_canon/src/virtual_ts/tests/unused_refs.rs	4	old_ast	old AST/parser	old	vize_armature	legacy	4
typechecker	Typechecker	test/dev	crates/vize_canon/src/virtual_ts/tests/unused_refs.rs	4	croquis	Croquis analysis	old	vize_croquis	legacy	1
typechecker	Typechecker	test/dev	crates/vize_canon/src/virtual_ts/tests/vif_chain.rs	2	s0	S0	stage	vize_carton	compat	4
typechecker	Typechecker	test/dev	crates/vize_canon/src/virtual_ts/tests/vif_chain.rs	2	old_ast	old AST/parser	old	vize_armature	legacy	4
typechecker	Typechecker	test/dev	crates/vize_canon/src/virtual_ts/tests/vif_chain.rs	2	croquis	Croquis analysis	old	vize_croquis	legacy	1
typechecker	Typechecker	source	crates/vize_canon/src/virtual_ts/type_dependencies.rs	3	s0	S0	stage	vize_carton	compat	1
typechecker	Typechecker	source	crates/vize_canon/src/virtual_ts/type_dependencies.rs	3	raw_oxc	raw OXC	raw	oxc_allocator	raw	1
typechecker	Typechecker	source	crates/vize_canon/src/virtual_ts/type_dependencies.rs	3	raw_oxc	raw OXC	raw	oxc_parser	raw	1
typechecker	Typechecker	source	crates/vize_canon/src/virtual_ts/type_dependencies.rs	3	raw_oxc	raw OXC	raw	oxc_semantic	raw	1
typechecker	Typechecker	test/dev	crates/vize_canon/src/virtual_ts/types_tests.rs	2	s0	S0	stage	vize_carton	compat	1
typechecker	Typechecker	source	crates/vize_canon/src/virtual_ts/types.rs	8	s0	S0	stage	vize_carton	compat	1
typechecker	Typechecker	test/dev	crates/vize_canon/src/virtual_ts/unknown_props_tests.rs	5	s0	S0	stage	vize_carton	compat	2
typechecker	Typechecker	test/dev	crates/vize_canon/src/virtual_ts/unknown_props_tests.rs	5	old_ast	old AST/parser	old	vize_armature	legacy	1
typechecker	Typechecker	test/dev	crates/vize_canon/src/virtual_ts/unknown_props_tests.rs	5	croquis	Croquis analysis	old	vize_croquis	legacy	1
typechecker	Typechecker	test/dev	crates/vize_canon/tests/ambient_declarations.rs	67	raw_oxc	raw OXC	raw	oxc_allocator	raw	1
typechecker	Typechecker	test/dev	crates/vize_canon/tests/ambient_declarations.rs	67	raw_oxc	raw OXC	raw	oxc_parser	raw	1
typechecker	Typechecker	test/dev	crates/vize_canon/tests/auto_import_ref_unwrap.rs	13	s0	S0	stage	vize_s0	preferred	3
typechecker	Typechecker	test/dev	crates/vize_canon/tests/auto_import_ref_unwrap.rs	13	old_ast	old AST/parser	old	vize_armature	legacy	3
typechecker	Typechecker	test/dev	crates/vize_canon/tests/auto_import_ref_unwrap.rs	13	croquis	Croquis analysis	old	vize_croquis	legacy	1
typechecker	Typechecker	test/dev	crates/vize_canon/tests/component_event_arity.rs	4	s0	S0	stage	vize_s0	preferred	2
typechecker	Typechecker	test/dev	crates/vize_canon/tests/component_event_arity.rs	4	old_ast	old AST/parser	old	vize_armature	legacy	1
typechecker	Typechecker	test/dev	crates/vize_canon/tests/component_event_arity.rs	4	croquis	Croquis analysis	old	vize_croquis	legacy	1
typechecker	Typechecker	test/dev	crates/vize_canon/tests/davinci_projection_differential.rs	12	s0	S0	stage	vize_s0	preferred	1
typechecker	Typechecker	test/dev	crates/vize_canon/tests/davinci_projection_differential.rs	12	old_ast	old AST/parser	old	vize_armature	legacy	1
typechecker	Typechecker	test/dev	crates/vize_canon/tests/davinci_projection_differential.rs	12	croquis	Croquis analysis	old	vize_croquis	legacy	1
typechecker	Typechecker	test/dev	crates/vize_canon/tests/empty_template_interpolation.rs	2	s0	S0	stage	vize_s0	preferred	1
typechecker	Typechecker	test/dev	crates/vize_canon/tests/empty_template_interpolation.rs	2	raw_oxc	raw OXC	raw	oxc_allocator	raw	1
typechecker	Typechecker	test/dev	crates/vize_canon/tests/empty_template_interpolation.rs	2	raw_oxc	raw OXC	raw	oxc_parser	raw	1
typechecker	Typechecker	test/dev	crates/vize_canon/tests/escaped_regex_template_expression.rs	2	s0	S0	stage	vize_s0	preferred	1
typechecker	Typechecker	test/dev	crates/vize_canon/tests/escaped_regex_template_expression.rs	2	raw_oxc	raw OXC	raw	oxc_allocator	raw	1
typechecker	Typechecker	test/dev	crates/vize_canon/tests/escaped_regex_template_expression.rs	2	raw_oxc	raw OXC	raw	oxc_parser	raw	1
typechecker	Typechecker	test/dev	crates/vize_canon/tests/leading_semicolon_event_handler.rs	2	s0	S0	stage	vize_s0	preferred	1
typechecker	Typechecker	test/dev	crates/vize_canon/tests/leading_semicolon_event_handler.rs	2	raw_oxc	raw OXC	raw	oxc_allocator	raw	1
typechecker	Typechecker	test/dev	crates/vize_canon/tests/leading_semicolon_event_handler.rs	2	raw_oxc	raw OXC	raw	oxc_parser	raw	1
typechecker	Typechecker	test/dev	crates/vize_canon/tests/lsp_declaration_implementation.rs	4	s0	S0	stage	vize_s0	preferred	3
typechecker	Typechecker	test/dev	crates/vize_canon/tests/lsp_import_resolution.rs	4	s0	S0	stage	vize_s0	preferred	3
typechecker	Typechecker	test/dev	crates/vize_canon/tests/lsp_import_resolution/shared_editor_session.rs	41	s0	S0	stage	vize_s0	preferred	3
typechecker	Typechecker	test/dev	crates/vize_canon/tests/lsp_vue_references.rs	118	s0	S0	stage	vize_s0	preferred	2
typechecker	Typechecker	test/dev	crates/vize_canon/tests/nested_vif_narrowing.rs	4	s0	S0	stage	vize_s0	preferred	1
typechecker	Typechecker	test/dev	crates/vize_canon/tests/no_space_default_export.rs	2	s0	S0	stage	vize_s0	preferred	1
typechecker	Typechecker	test/dev	crates/vize_canon/tests/no_space_default_export.rs	2	raw_oxc	raw OXC	raw	oxc_allocator	raw	1
typechecker	Typechecker	test/dev	crates/vize_canon/tests/no_space_default_export.rs	2	raw_oxc	raw OXC	raw	oxc_parser	raw	1
typechecker	Typechecker	test/dev	crates/vize_canon/tests/options_api_runtime_props_value_scope.rs	2	s0	S0	stage	vize_s0	preferred	1
typechecker	Typechecker	test/dev	crates/vize_canon/tests/options_api_runtime_props_value_scope.rs	2	raw_oxc	raw OXC	raw	oxc_allocator	raw	1
typechecker	Typechecker	test/dev	crates/vize_canon/tests/options_api_runtime_props_value_scope.rs	2	raw_oxc	raw OXC	raw	oxc_parser	raw	1
typechecker	Typechecker	test/dev	crates/vize_canon/tests/patterned_typechecking.rs	315	s0	S0	stage	vize_s0	preferred	2
typechecker	Typechecker	test/dev	crates/vize_canon/tests/patterned_typechecking/component_props.rs	40	s0	S0	stage	vize_s0	preferred	2
typechecker	Typechecker	test/dev	crates/vize_canon/tests/patterned_typechecking/guards.rs	29	s0	S0	stage	vize_s0	preferred	3
typechecker	Typechecker	test/dev	crates/vize_canon/tests/plain_script_named_exports.rs	17	raw_oxc	raw OXC	raw	oxc_allocator	raw	1
typechecker	Typechecker	test/dev	crates/vize_canon/tests/plain_script_named_exports.rs	17	raw_oxc	raw OXC	raw	oxc_parser	raw	1
typechecker	Typechecker	test/dev	crates/vize_canon/tests/plain_script_namespace_hoisting.rs	70	raw_oxc	raw OXC	raw	oxc_allocator	raw	1
typechecker	Typechecker	test/dev	crates/vize_canon/tests/plain_script_namespace_hoisting.rs	70	raw_oxc	raw OXC	raw	oxc_parser	raw	1
typechecker	Typechecker	test/dev	crates/vize_canon/tests/recovered_parse_codegen.rs	38	s0	S0	stage	vize_s0	preferred	1
typechecker	Typechecker	test/dev	crates/vize_canon/tests/relative_declaration_contracts.rs	2	s0	S0	stage	vize_s0	preferred	1
typechecker	Typechecker	test/dev	crates/vize_canon/tests/relative_extensionless_vue_imports.rs	15	s0	S0	stage	vize_s0	preferred	1
typechecker	Typechecker	test/dev	crates/vize_canon/tests/reserved_enum_member.rs	2	s0	S0	stage	vize_s0	preferred	1
typechecker	Typechecker	test/dev	crates/vize_canon/tests/reserved_enum_member.rs	2	raw_oxc	raw OXC	raw	oxc_allocator	raw	1
typechecker	Typechecker	test/dev	crates/vize_canon/tests/reserved_enum_member.rs	2	raw_oxc	raw OXC	raw	oxc_parser	raw	1
typechecker	Typechecker	test/dev	crates/vize_canon/tests/reserved_template_literals.rs	2	s0	S0	stage	vize_s0	preferred	1
typechecker	Typechecker	test/dev	crates/vize_canon/tests/reserved_template_literals.rs	2	raw_oxc	raw OXC	raw	oxc_allocator	raw	1
typechecker	Typechecker	test/dev	crates/vize_canon/tests/reserved_template_literals.rs	2	raw_oxc	raw OXC	raw	oxc_parser	raw	1
typechecker	Typechecker	test/dev	crates/vize_canon/tests/runtime_function_prop_union.rs	43	raw_oxc	raw OXC	raw	oxc_allocator	raw	1
typechecker	Typechecker	test/dev	crates/vize_canon/tests/runtime_function_prop_union.rs	43	raw_oxc	raw OXC	raw	oxc_parser	raw	1
typechecker	Typechecker	test/dev	crates/vize_canon/tests/setup_scoped_type_exports.rs	107	raw_oxc	raw OXC	raw	oxc_allocator	raw	3
typechecker	Typechecker	test/dev	crates/vize_canon/tests/setup_scoped_type_exports.rs	107	raw_oxc	raw OXC	raw	oxc_parser	raw	3
typechecker	Typechecker	test/dev	crates/vize_canon/tests/support/auto_import_project.rs	128	s0	S0	stage	vize_s0	preferred	1
typechecker	Typechecker	test/dev	crates/vize_canon/tests/support/tier_l_fixture.rs	3	s0	S0	stage	vize_s0	preferred	1
typechecker	Typechecker	test/dev	crates/vize_canon/tests/support/tier_l_incremental_artifact.rs	6	s0	S0	stage	vize_s0	preferred	1
typechecker	Typechecker	test/dev	crates/vize_canon/tests/tier_l_incremental.rs	9	s0	S0	stage	vize_s0	preferred	1
typechecker	Typechecker	test/dev	crates/vize_canon/tests/tsconfig_option_diagnostics.rs	14	s0	S0	stage	vize_s0	preferred	1
