2026-10-09T17:32:07.6350809Z Current runner version: '2.337.0'
2026-10-09T17:32:07.6377932Z ##[group]Runner Image Provisioner
2026-10-09T17:32:07.6378807Z Hosted Compute Agent
2026-10-09T17:32:07.6379595Z Version: 20261002.596
2026-10-09T17:32:07.6380258Z Commit: c3d12f3313a95f25162a1503be624f3b0617f8c0
2026-10-09T17:32:07.6381044Z Build Date: 2026-10-02T22:28:27Z
2026-10-09T17:32:07.6381760Z Worker ID: {f8172c22-2f90-4e56-9776-e7e479b4facd}
2026-10-09T17:32:07.6382915Z Region: eastus
2026-10-09T17:32:07.6383561Z Cloud: Azure
2026-10-09T17:32:07.6384148Z ##[endgroup]
2026-10-09T17:32:07.6385817Z ##[group]Operating System
2026-10-09T17:32:07.6386503Z Ubuntu
2026-10-09T17:32:07.6387433Z 24.04.5
2026-10-09T17:32:07.6388098Z LTS
2026-10-09T17:32:07.6388635Z ##[endgroup]
2026-10-09T17:32:07.6389233Z ##[group]Runner Image
2026-10-09T17:32:07.6389912Z Image: ubuntu-24.04
2026-10-09T17:32:07.6390504Z Version: 20261004.327.1
2026-10-09T17:32:07.6392184Z Included Software: https://github.com/actions/runner-images/blob/ubuntu24/20261004.327/images/ubuntu/Ubuntu2404-Readme.md
2026-10-09T17:32:07.6393851Z Image Release: https://github.com/actions/runner-images/releases/tag/ubuntu24%2F20261004.327
2026-10-09T17:32:07.6394845Z ##[endgroup]
2026-10-09T17:32:07.6396078Z ##[group]GITHUB_TOKEN Permissions
2026-10-09T17:32:07.6398292Z Contents: read
2026-10-09T17:32:07.6399006Z Metadata: read
2026-10-09T17:32:07.6399637Z ##[endgroup]
2026-10-09T17:32:07.6401851Z Secret source: Actions
2026-10-09T17:32:07.6403203Z Cache mode: write
2026-10-09T17:32:07.6404214Z Prepare workflow directory
2026-10-09T17:32:07.6817609Z Prepare all required actions
2026-10-09T17:32:07.6867633Z Getting action download info
2026-10-09T17:32:07.9138829Z Download action repository 'actions/checkout@de0fac2e4500dabe0009e67214ff5f5447ce83dd' (SHA:de0fac2e4500dabe0009e67214ff5f5447ce83dd)
2026-10-09T17:32:08.0390851Z Download action repository 'voidzero-dev/setup-vp@ca1c46663915d6c1042ae23bd39ab85718bfb0fa' (SHA:ca1c46663915d6c1042ae23bd39ab85718bfb0fa)
2026-10-09T17:32:08.2301017Z Download action repository 'dtolnay/rust-toolchain@02cb101ec7c40f2c49e1d9714d64511d8e1b74de' (SHA:02cb101ec7c40f2c49e1d9714d64511d8e1b74de)
2026-10-09T17:32:08.4558318Z Complete job name: Run the official pinned release operator
2026-10-09T17:32:08.5363614Z ##[group]Run actions/checkout@de0fac2e4500dabe0009e67214ff5f5447ce83dd
2026-10-09T17:32:08.5364806Z with:
2026-10-09T17:32:08.5365311Z   ref: fbb31120ae0c6213f4d3ed2dbead67321e5a39a3
2026-10-09T17:32:08.5365904Z   fetch-depth: 0
2026-10-09T17:32:08.5366361Z   persist-credentials: false
2026-10-09T17:32:08.5366887Z   repository: ubugeeei-prod/vize
2026-10-09T17:32:08.5371010Z   token: ***
2026-10-09T17:32:08.5371442Z   ssh-strict: true
2026-10-09T17:32:08.5371876Z   ssh-user: git
2026-10-09T17:32:08.5372539Z   clean: true
2026-10-09T17:32:08.5372988Z   sparse-checkout-cone-mode: true
2026-10-09T17:32:08.5373513Z   fetch-tags: false
2026-10-09T17:32:08.5373954Z   show-progress: true
2026-10-09T17:32:08.5374402Z   lfs: false
2026-10-09T17:32:08.5374804Z   submodules: false
2026-10-09T17:32:08.5375359Z   set-safe-directory: true
2026-10-09T17:32:08.5376234Z env:
2026-10-09T17:32:08.5376684Z   FORCE_JAVASCRIPT_ACTIONS_TO_NODE24: true
2026-10-09T17:32:08.5377238Z ##[endgroup]
2026-10-09T17:32:08.6519277Z Syncing repository: ubugeeei-prod/vize
2026-10-09T17:32:08.6523032Z ##[group]Getting Git version info
2026-10-09T17:32:08.6524172Z Working directory is '/home/runner/work/vize/vize'
2026-10-09T17:32:08.6525679Z [command]/usr/bin/git version
2026-10-09T17:32:08.6626231Z git version 2.55.0
2026-10-09T17:32:08.6661319Z ##[endgroup]
2026-10-09T17:32:08.6672493Z Temporarily overriding HOME='/home/runner/work/_temp/6e8a35e6-ecf7-49ae-bdf5-4b024b595e76' before making global git config changes
2026-10-09T17:32:08.6675304Z Adding repository directory to the temporary git global config as a safe directory
2026-10-09T17:32:08.6680679Z [command]/usr/bin/git config --global --add safe.directory /home/runner/work/vize/vize
2026-10-09T17:32:08.6764684Z Deleting the contents of '/home/runner/work/vize/vize'
2026-10-09T17:32:08.6767829Z ##[group]Initializing the repository
2026-10-09T17:32:08.6775327Z [command]/usr/bin/git init /home/runner/work/vize/vize
2026-10-09T17:32:08.6949963Z hint: Using 'master' as the name for the initial branch. This default branch name
2026-10-09T17:32:08.6952449Z hint: will change to "main" in Git 3.0. To configure the initial branch name
2026-10-09T17:32:08.6954179Z hint: to use in all of your new repositories, which will suppress this warning,
2026-10-09T17:32:08.6955529Z hint: call:
2026-10-09T17:32:08.6956291Z hint:
2026-10-09T17:32:08.6957223Z hint: 	git config --global init.defaultBranch <name>
2026-10-09T17:32:08.6958532Z hint:
2026-10-09T17:32:08.6959842Z hint: Names commonly chosen instead of 'master' are 'main', 'trunk' and
2026-10-09T17:32:08.6961546Z hint: 'development'. The just-created branch can be renamed via this command:
2026-10-09T17:32:08.6963255Z hint:
2026-10-09T17:32:08.6964947Z hint: 	git branch -m <name>
2026-10-09T17:32:08.6965873Z hint:
2026-10-09T17:32:08.6967051Z hint: Disable this message with "git config set advice.defaultBranchName false"
2026-10-09T17:32:08.6968850Z Initialized empty Git repository in /home/runner/work/vize/vize/.git/
2026-10-09T17:32:08.6984959Z [command]/usr/bin/git remote add origin https://github.com/ubugeeei-prod/vize
2026-10-09T17:32:08.7067308Z ##[endgroup]
2026-10-09T17:32:08.7068678Z ##[group]Disabling automatic garbage collection
2026-10-09T17:32:08.7069767Z [command]/usr/bin/git config --local gc.auto 0
2026-10-09T17:32:08.7116133Z ##[endgroup]
2026-10-09T17:32:08.7118013Z ##[group]Setting up auth
2026-10-09T17:32:08.7119410Z Removing SSH command configuration
2026-10-09T17:32:08.7124072Z [command]/usr/bin/git config --local --name-only --get-regexp core\.sshCommand
2026-10-09T17:32:08.7172593Z [command]/usr/bin/git submodule foreach --recursive sh -c "git config --local --name-only --get-regexp 'core\.sshCommand' && git config --local --unset-all 'core.sshCommand' || :"
2026-10-09T17:32:08.7575024Z Removing HTTP extra header
2026-10-09T17:32:08.7582273Z [command]/usr/bin/git config --local --name-only --get-regexp http\.https\:\/\/github\.com\/\.extraheader
2026-10-09T17:32:08.7624980Z [command]/usr/bin/git submodule foreach --recursive sh -c "git config --local --name-only --get-regexp 'http\.https\:\/\/github\.com\/\.extraheader' && git config --local --unset-all 'http.https://github.com/.extraheader' || :"
2026-10-09T17:32:08.7858479Z Removing includeIf entries pointing to credentials config files
2026-10-09T17:32:08.7865569Z [command]/usr/bin/git config --local --name-only --get-regexp ^includeIf\.gitdir:
2026-10-09T17:32:08.7904637Z [command]/usr/bin/git submodule foreach --recursive git config --local --show-origin --name-only --get-regexp remote.origin.url
2026-10-09T17:32:08.8140620Z [command]/usr/bin/git config --file /home/runner/work/_temp/git-credentials-354f03b0-a7bb-4f0a-9be8-d0820c0e4292.config http.https://github.com/.extraheader AUTHORIZATION: basic ***
2026-10-09T17:32:08.8185916Z [command]/usr/bin/git config --local includeIf.gitdir:/home/runner/work/vize/vize/.git.path /home/runner/work/_temp/git-credentials-354f03b0-a7bb-4f0a-9be8-d0820c0e4292.config
2026-10-09T17:32:08.8223763Z [command]/usr/bin/git config --local includeIf.gitdir:/home/runner/work/vize/vize/.git/worktrees/*.path /home/runner/work/_temp/git-credentials-354f03b0-a7bb-4f0a-9be8-d0820c0e4292.config
2026-10-09T17:32:08.8264640Z [command]/usr/bin/git config --local includeIf.gitdir:/github/workspace/.git.path /github/runner_temp/git-credentials-354f03b0-a7bb-4f0a-9be8-d0820c0e4292.config
2026-10-09T17:32:08.8303740Z [command]/usr/bin/git config --local includeIf.gitdir:/github/workspace/.git/worktrees/*.path /github/runner_temp/git-credentials-354f03b0-a7bb-4f0a-9be8-d0820c0e4292.config
2026-10-09T17:32:08.8339591Z ##[endgroup]
2026-10-09T17:32:08.8340405Z ##[group]Fetching the repository
2026-10-09T17:32:08.8380300Z [command]/usr/bin/git -c protocol.version=2 fetch --no-tags --prune --no-recurse-submodules origin +refs/heads/*:refs/remotes/origin/* +refs/tags/*:refs/tags/*
2026-10-09T17:32:18.5998107Z From https://github.com/ubugeeei-prod/vize
2026-10-09T17:32:18.6000535Z  * [new branch]          agent/feat-platform-contract -> origin/agent/feat-platform-contract
2026-10-09T17:32:18.6003834Z  * [new branch]          agent/fix-hosted-sticky-cache-gate -> origin/agent/fix-hosted-sticky-cache-gate
2026-10-09T17:32:18.6006524Z  * [new branch]          atelier/module-shape    -> origin/atelier/module-shape
2026-10-09T17:32:18.6009551Z  * [new branch]          bench/regenerate-blacksmith-snapshot -> origin/bench/regenerate-blacksmith-snapshot
2026-10-09T17:32:18.6013232Z  * [new branch]          blacksmith-migration-1197c78 -> origin/blacksmith-migration-1197c78
2026-10-09T17:32:18.6016682Z  * [new branch]          canon/custom-directive-value-check -> origin/canon/custom-directive-value-check
2026-10-09T17:32:18.6020236Z  * [new branch]          canon/directive-name-anchors-v2 -> origin/canon/directive-name-anchors-v2
2026-10-09T17:32:18.6024441Z  * [new branch]          cc/davinci-completion-quality-ab92d7 -> origin/cc/davinci-completion-quality-ab92d7
2026-10-09T17:32:18.6028285Z  * [new branch]          cc/davinci-sfc-walk-witness -> origin/cc/davinci-sfc-walk-witness
2026-10-09T17:32:18.6031799Z  * [new branch]          cc/davinci-this-expression-shapes -> origin/cc/davinci-this-expression-shapes
2026-10-09T17:32:18.6036339Z  * [new branch]          chore/devalue-security-20261002 -> origin/chore/devalue-security-20261002
2026-10-09T17:32:18.6039832Z  * [new branch]          chore/node-forge-installed-census-20261002 -> origin/chore/node-forge-installed-census-20261002
2026-10-09T17:32:18.6043981Z  * [new branch]          chore/node-forge-installed-proof-20261002 -> origin/chore/node-forge-installed-proof-20261002
2026-10-09T17:32:18.6048212Z  * [new branch]          chore/node-forge-installed-proof-revised-20261002 -> origin/chore/node-forge-installed-proof-revised-20261002
2026-10-09T17:32:18.6053254Z  * [new branch]          ci/allocation-nextest-junit-transport-20261002 -> origin/ci/allocation-nextest-junit-transport-20261002
2026-10-09T17:32:18.6057767Z  * [new branch]          ci/apps-config-diagnostic-6830 -> origin/ci/apps-config-diagnostic-6830
2026-10-09T17:32:18.6061127Z  * [new branch]          ci/braces-lock-capture-main4c-20261003 -> origin/ci/braces-lock-capture-main4c-20261003
2026-10-09T17:32:18.6065088Z  * [new branch]          ci/canon-native-program-main7f-temp-20261003 -> origin/ci/canon-native-program-main7f-temp-20261003
2026-10-09T17:32:18.6069938Z  * [new branch]          ci/formatter-3290-queue-artifact-transport-20261003 -> origin/ci/formatter-3290-queue-artifact-transport-20261003
2026-10-09T17:32:18.6074876Z  * [new branch]          ci/formatter-5a56-control-artifact-transport-20261003 -> origin/ci/formatter-5a56-control-artifact-transport-20261003
2026-10-09T17:32:18.6079870Z  * [new branch]          ci/formatter-78cf-artifact-transport-20261003 -> origin/ci/formatter-78cf-artifact-transport-20261003
2026-10-09T17:32:18.6084534Z  * [new branch]          ci/formatter-934-artifact-transport-20261003 -> origin/ci/formatter-934-artifact-transport-20261003
2026-10-09T17:32:18.6088481Z  * [new branch]          ci/formatter-artifact-transport-20261002 -> origin/ci/formatter-artifact-transport-20261002
2026-10-09T17:32:18.6093869Z  * [new branch]          ci/formatter-bb1d-artifact-transport-20261002 -> origin/ci/formatter-bb1d-artifact-transport-20261002
2026-10-09T17:32:18.6098030Z  * [new branch]          ci/formatter-control-artifact-transport-20261002 -> origin/ci/formatter-control-artifact-transport-20261002
2026-10-09T17:32:18.6102248Z  * [new branch]          ci/formatter-history-bb1d-t1-capture-20261002 -> origin/ci/formatter-history-bb1d-t1-capture-20261002
2026-10-09T17:32:18.6106170Z  * [new branch]          ci/formatter-original-controls-78cf-20261003 -> origin/ci/formatter-original-controls-78cf-20261003
2026-10-09T17:32:18.6110052Z  * [new branch]          ci/formatter-original-controls-bb1d-20261002 -> origin/ci/formatter-original-controls-bb1d-20261002
2026-10-09T17:32:18.6115082Z  * [new branch]          ci/formatter-original-controls-canonical-bb1d-20261002 -> origin/ci/formatter-original-controls-canonical-bb1d-20261002
2026-10-09T17:32:18.6119830Z  * [new branch]          ci/js-browser-source-tier-diagnostic-6830 -> origin/ci/js-browser-source-tier-diagnostic-6830
2026-10-09T17:32:18.6123410Z  * [new branch]          ci/js-pr-focused-diagnostic-6830 -> origin/ci/js-pr-focused-diagnostic-6830
2026-10-09T17:32:18.6126530Z  * [new branch]          ci/l1-embedding-drop-junit-20261003 -> origin/ci/l1-embedding-drop-junit-20261003
2026-10-09T17:32:18.6130097Z  * [new branch]          ci/l1-span-main211-junit-transport-20261003 -> origin/ci/l1-span-main211-junit-transport-20261003
2026-10-09T17:32:18.6134083Z  * [new branch]          ci/l1-span-maind871-junit-transport-20261003 -> origin/ci/l1-span-maind871-junit-transport-20261003
2026-10-09T17:32:18.6138074Z  * [new branch]          ci/l1-span-mounted-child-diagnostic-20261003 -> origin/ci/l1-span-mounted-child-diagnostic-20261003
2026-10-09T17:32:18.6143423Z  * [new branch]          ci/l1-span-nextest-junit-transport-20261003 -> origin/ci/l1-span-nextest-junit-transport-20261003
2026-10-09T17:32:18.6149389Z  * [new branch]          ci/linter-component-name-artifact-transport-20261002 -> origin/ci/linter-component-name-artifact-transport-20261002
2026-10-09T17:32:18.6153643Z  * [new branch]          ci/lsp-artifact-transport-20261002 -> origin/ci/lsp-artifact-transport-20261002
2026-10-09T17:32:18.6157053Z  * [new branch]          ci/patina-native-img-alt-2bc-capture-20261003 -> origin/ci/patina-native-img-alt-2bc-capture-20261003
2026-10-09T17:32:18.6160413Z  * [new branch]          ci/pinned-vue-runtime-bundle-cache -> origin/ci/pinned-vue-runtime-bundle-cache
2026-10-09T17:32:18.6163984Z  * [new branch]          ci/reuse-pinned-vue-runtime-bundles -> origin/ci/reuse-pinned-vue-runtime-bundles
2026-10-09T17:32:18.6167812Z  * [new branch]          ci/rust-l1-source-diagnostic-6830 -> origin/ci/rust-l1-source-diagnostic-6830
2026-10-09T17:32:18.6170798Z  * [new branch]          ci/rust-pr-focused-diagnostic-6830 -> origin/ci/rust-pr-focused-diagnostic-6830
2026-10-09T17:32:18.6174488Z  * [new branch]          ci/rust-source-fast-diagnostic-6830 -> origin/ci/rust-source-fast-diagnostic-6830
2026-10-09T17:32:18.6177687Z  * [new branch]          ci/selected-tooling-tier-core-20260927 -> origin/ci/selected-tooling-tier-core-20260927
2026-10-09T17:32:18.6181451Z  * [new branch]          ci/source-parallel-diagnostic-6830 -> origin/ci/source-parallel-diagnostic-6830
2026-10-09T17:32:18.6185157Z  * [new branch]          ci/source-reports-diagnostic-6830 -> origin/ci/source-reports-diagnostic-6830
2026-10-09T17:32:18.6188024Z  * [new branch]          ci/source-stack-diagnostic-6830 -> origin/ci/source-stack-diagnostic-6830
2026-10-09T17:32:18.6268046Z  * [new branch]          ci/stacked-pr-checks-20260927 -> origin/ci/stacked-pr-checks-20260927
2026-10-09T17:32:18.6273389Z  * [new branch]          ci/tooling-merge-shards-6830-diagnostic -> origin/ci/tooling-merge-shards-6830-diagnostic
2026-10-09T17:32:18.6279121Z  * [new branch]          ci/tooling-pr-capabilities-6830-diagnostic -> origin/ci/tooling-pr-capabilities-6830-diagnostic
2026-10-09T17:32:18.6284834Z  * [new branch]          ci/tooling-pr-fast-diagnostic-6830 -> origin/ci/tooling-pr-fast-diagnostic-6830
2026-10-09T17:32:18.6288553Z  * [new branch]          ci/vue2-oracle-capture-20261003 -> origin/ci/vue2-oracle-capture-20261003
2026-10-09T17:32:18.6291714Z  * [new branch]          ci/wasmtime-lock-capture-main688-20261003 -> origin/ci/wasmtime-lock-capture-main688-20261003
2026-10-09T17:32:18.6295215Z  * [new branch]          codex/align-fuzz-stage-aliases -> origin/codex/align-fuzz-stage-aliases
2026-10-09T17:32:18.6297716Z  * [new branch]          codex/blacksmith-ci-cache -> origin/codex/blacksmith-ci-cache
2026-10-09T17:32:18.6299983Z  * [new branch]          codex/cloudflare-workers -> origin/codex/cloudflare-workers
2026-10-09T17:32:18.6303078Z  * [new branch]          codex/complexity-score-model -> origin/codex/complexity-score-model
2026-10-09T17:32:18.6305476Z  * [new branch]          codex/curator-s1-alias  -> origin/codex/curator-s1-alias
2026-10-09T17:32:18.6307955Z  * [new branch]          codex/davinci-hoist-cache-20260831 -> origin/codex/davinci-hoist-cache-20260831
2026-10-09T17:32:18.6310961Z  * [new branch]          codex/davinci-next-slice-20260901 -> origin/codex/davinci-next-slice-20260901
2026-10-09T17:32:18.6313980Z  * [new branch]          codex/davinci-style-normalize -> origin/codex/davinci-style-normalize
2026-10-09T17:32:18.6316906Z  * [new branch]          codex/fix-canon-sfc-import-suppressions -> origin/codex/fix-canon-sfc-import-suppressions
2026-10-09T17:32:18.6320364Z  * [new branch]          codex/fix-patina-vuetify-tags-nuxt-preset -> origin/codex/fix-patina-vuetify-tags-nuxt-preset
2026-10-09T17:32:18.6324401Z  * [new branch]          codex/fix-sfc-define-emits-call-signature-1177 -> origin/codex/fix-sfc-define-emits-call-signature-1177
2026-10-09T17:32:18.6327590Z  * [new branch]          codex/indexed-access-props-4487 -> origin/codex/indexed-access-props-4487
2026-10-09T17:32:18.6330520Z  * [new branch]          codex/p2-8-totality-witnesses-20260901 -> origin/codex/p2-8-totality-witnesses-20260901
2026-10-09T17:32:18.6333737Z  * [new branch]          codex/perf-toolchain-throughput -> origin/codex/perf-toolchain-throughput
2026-10-09T17:32:18.6336711Z  * [new branch]          codex/persist-corsa-incremental-session -> origin/codex/persist-corsa-incremental-session
2026-10-09T17:32:18.6339788Z  * [new branch]          codex/test-canon-full-corpus-parity -> origin/codex/test-canon-full-corpus-parity
2026-10-09T17:32:18.6343432Z  * [new branch]          cursor/bc-5cbaf78e-fbd8-4ef2-aacc-2350e18a0dfa-e52e -> origin/cursor/bc-5cbaf78e-fbd8-4ef2-aacc-2350e18a0dfa-e52e
2026-10-09T17:32:18.6347246Z  * [new branch]          cursor/bc-5de44fbd-ee4b-40a3-b69f-4907ef84a7b5-416c -> origin/cursor/bc-5de44fbd-ee4b-40a3-b69f-4907ef84a7b5-416c
2026-10-09T17:32:18.6350998Z  * [new branch]          cursor/bc-75605413-ba0c-4a10-949d-92e64588ed8a-9a00 -> origin/cursor/bc-75605413-ba0c-4a10-949d-92e64588ed8a-9a00
2026-10-09T17:32:18.6355366Z  * [new branch]          cursor/bc-b8c6d98a-c444-48a8-bb38-7b35a9379b05-57f7 -> origin/cursor/bc-b8c6d98a-c444-48a8-bb38-7b35a9379b05-57f7
2026-10-09T17:32:18.6358801Z  * [new branch]          davinci-infra-rearchitecture-46c467 -> origin/davinci-infra-rearchitecture-46c467
2026-10-09T17:32:18.6361276Z  * [new branch]          davinci-main-sync       -> origin/davinci-main-sync
2026-10-09T17:32:18.6363589Z  * [new branch]          davinci-moonbit-x-bump  -> origin/davinci-moonbit-x-bump
2026-10-09T17:32:18.6365682Z  * [new branch]          davinci-p2-9-legacy     -> origin/davinci-p2-9-legacy
2026-10-09T17:32:18.6367741Z  * [new branch]          davinci-phase-2-recut   -> origin/davinci-phase-2-recut
2026-10-09T17:32:18.6370070Z  * [new branch]          davinci/c-5-spolvero-provenance -> origin/davinci/c-5-spolvero-provenance
2026-10-09T17:32:18.6372776Z  * [new branch]          davinci/p2-11-integration -> origin/davinci/p2-11-integration
2026-10-09T17:32:18.6374961Z  * [new branch]          davinci/p3-11-ivm-matrix -> origin/davinci/p3-11-ivm-matrix
2026-10-09T17:32:18.6377026Z  * [new branch]          davinci/p3-17-s2-speed  -> origin/davinci/p3-17-s2-speed
2026-10-09T17:32:18.6379206Z  * [new branch]          davinci/p3-8-ssr-create-slots -> origin/davinci/p3-8-ssr-create-slots
2026-10-09T17:32:18.6381523Z  * [new branch]          davinci/p3-8-ssr-directives -> origin/davinci/p3-8-ssr-directives
2026-10-09T17:32:18.6383880Z  * [new branch]          davinci/p3-8-ssr-dynamic -> origin/davinci/p3-8-ssr-dynamic
2026-10-09T17:32:18.6385953Z  * [new branch]          davinci/p3-8-ssr-slots  -> origin/davinci/p3-8-ssr-slots
2026-10-09T17:32:18.6388249Z  * [new branch]          davinci/p3-9-delete-sfc-recovery -> origin/davinci/p3-9-delete-sfc-recovery
2026-10-09T17:32:18.6390759Z  * [new branch]          davinci/p3-9-vapor-token-maps -> origin/davinci/p3-9-vapor-token-maps
2026-10-09T17:32:18.6393698Z  * [new branch]          davinci/p4-14b-catalog-tables -> origin/davinci/p4-14b-catalog-tables
2026-10-09T17:32:18.6396216Z  * [new branch]          davinci/p4-14b-cross-file-catalog -> origin/davinci/p4-14b-cross-file-catalog
2026-10-09T17:32:18.6398536Z  * [new branch]          davinci/p4-14c-explain  -> origin/davinci/p4-14c-explain
2026-10-09T17:32:18.6400632Z  * [new branch]          davinci/p4-14c-witness-why -> origin/davinci/p4-14c-witness-why
2026-10-09T17:32:18.6402975Z  * [new branch]          davinci/p4-5b-s2-projection -> origin/davinci/p4-5b-s2-projection
2026-10-09T17:32:18.6405209Z  * [new branch]          davinci/p4-7b-facade-switch -> origin/davinci/p4-7b-facade-switch
2026-10-09T17:32:18.6407791Z  * [new branch]          davinci/p4-9a-template-cfg-complexity -> origin/davinci/p4-9a-template-cfg-complexity
2026-10-09T17:32:18.6410494Z  * [new branch]          davinci/p5-8a-corsa-session-key -> origin/davinci/p5-8a-corsa-session-key
2026-10-09T17:32:18.6413363Z  * [new branch]          debug/canon-misskey-perf-20260929 -> origin/debug/canon-misskey-perf-20260929
2026-10-09T17:32:18.6416077Z  * [new branch]          diagnostic/issue6832-dom-no-capture -> origin/diagnostic/issue6832-dom-no-capture
2026-10-09T17:32:18.6419009Z  * [new branch]          diagnostic/issue6832-ssr-vapor-no-capture -> origin/diagnostic/issue6832-ssr-vapor-no-capture
2026-10-09T17:32:18.6422192Z  * [new branch]          diagnostic/l1-after-7152-6835-20260929 -> origin/diagnostic/l1-after-7152-6835-20260929
2026-10-09T17:32:18.6424907Z  * [new branch]          docs/davinci-dynamic-bind-record -> origin/docs/davinci-dynamic-bind-record
2026-10-09T17:32:18.6427443Z  * [new branch]          docs/davinci-level-restructure -> origin/docs/davinci-level-restructure
2026-10-09T17:32:18.6429973Z  * [new branch]          docs/davinci-script-jsx-s1-task -> origin/docs/davinci-script-jsx-s1-task
2026-10-09T17:32:18.6432416Z  * [new branch]          docs/fix-report-support -> origin/docs/fix-report-support
2026-10-09T17:32:18.6435314Z  * [new branch]          docs/formatter-7876-original-closure-20261009 -> origin/docs/formatter-7876-original-closure-20261009
2026-10-09T17:32:18.6438409Z  * [new branch]          docs/l1-tokenizer-gate-6835-20260929 -> origin/docs/l1-tokenizer-gate-6835-20260929
2026-10-09T17:32:18.6440883Z  * [new branch]          feat/brand-open-v-identity -> origin/feat/brand-open-v-identity
2026-10-09T17:32:18.6443541Z  * [new branch]          feat/cli-dump-roundtrip-ci07ac-prep -> origin/feat/cli-dump-roundtrip-ci07ac-prep
2026-10-09T17:32:18.6446099Z  * [new branch]          feat/davinci-component-names -> origin/feat/davinci-component-names
2026-10-09T17:32:18.6448447Z  * [new branch]          feat/davinci-dom-module-reach -> origin/feat/davinci-dom-module-reach
2026-10-09T17:32:18.6450890Z  * [new branch]          feat/davinci-stateful-reference -> origin/feat/davinci-stateful-reference
2026-10-09T17:32:18.6454036Z  * [new branch]          feat/davinci-vapor-reactivity-integration -> origin/feat/davinci-vapor-reactivity-integration
2026-10-09T17:32:18.6456933Z  * [new branch]          feat/experimental-self-reference -> origin/feat/experimental-self-reference
2026-10-09T17:32:18.6459353Z  * [new branch]          feat/l1-native-lint-tag-kind -> origin/feat/l1-native-lint-tag-kind
2026-10-09T17:32:18.6461778Z  * [new branch]          feat/l1-v-pre-lexing-6836-20260928 -> origin/feat/l1-v-pre-lexing-6836-20260928
2026-10-09T17:32:18.6464768Z  * [new branch]          feat/l2-native-jsx-static-names-20261003 -> origin/feat/l2-native-jsx-static-names-20261003
2026-10-09T17:32:18.6467788Z  * [new branch]          feat/l2-ordinary-empty-component-20261003 -> origin/feat/l2-ordinary-empty-component-20261003
2026-10-09T17:32:18.6470521Z  * [new branch]          feat/l4-original-click-handler -> origin/feat/l4-original-click-handler
2026-10-09T17:32:18.6473354Z  * [new branch]          feat/maestro-lsp-capability-parity -> origin/feat/maestro-lsp-capability-parity
2026-10-09T17:32:18.6476615Z  * [new branch]          feat/native-binding-compat-main-f634-20261002 -> origin/feat/native-binding-compat-main-f634-20261002
2026-10-09T17:32:18.6479709Z  * [new branch]          feat/patina-configurable-rules-clean -> origin/feat/patina-configurable-rules-clean
2026-10-09T17:32:18.6482462Z  * [new branch]          feat/ui-data-component-styles -> origin/feat/ui-data-component-styles
2026-10-09T17:32:18.6484474Z  * [new branch]          feat/ui-qr              -> origin/feat/ui-qr
2026-10-09T17:32:18.6486378Z  * [new branch]          fix-1533-jsx-preamble-tests -> origin/fix-1533-jsx-preamble-tests
2026-10-09T17:32:18.6489013Z  * [new branch]          fix-ci-rust-shard-partial-reruns-20261004 -> origin/fix-ci-rust-shard-partial-reruns-20261004
2026-10-09T17:32:18.6491573Z  * [new branch]          fix/a11y-switch-20260929 -> origin/fix/a11y-switch-20260929
2026-10-09T17:32:18.6494075Z  * [new branch]          fix/aliased-prop-check-20260929 -> origin/fix/aliased-prop-check-20260929
2026-10-09T17:32:18.6496694Z  * [new branch]          fix/armature-release-semver-20260929 -> origin/fix/armature-release-semver-20260929
2026-10-09T17:32:18.6499333Z  * [new branch]          fix/atelier-pr7142-clean-20260929 -> origin/fix/atelier-pr7142-clean-20260929
2026-10-09T17:32:18.6502214Z  * [new branch]          fix/canon-empty-component-props -> origin/fix/canon-empty-component-props
2026-10-09T17:32:18.6504793Z  * [new branch]          fix/canon-graphql-module-identity -> origin/fix/canon-graphql-module-identity
2026-10-09T17:32:18.6507556Z  * [new branch]          fix/canon-nuxt-template-false-positives -> origin/fix/canon-nuxt-template-false-positives
2026-10-09T17:32:18.6510397Z  * [new branch]          fix/canon-nuxt-template-globals -> origin/fix/canon-nuxt-template-globals
2026-10-09T17:32:18.6513228Z  * [new branch]          fix/canon-preserve-enum-export-member -> origin/fix/canon-preserve-enum-export-member
2026-10-09T17:32:18.6515782Z  * [new branch]          fix/canon-whole-props-target -> origin/fix/canon-whole-props-target
2026-10-09T17:32:18.6518400Z  * [new branch]          fix/check-register-default-imports -> origin/fix/check-register-default-imports
2026-10-09T17:32:18.6520703Z  * [new branch]          fix/check-vue-jsx-types -> origin/fix/check-vue-jsx-types
2026-10-09T17:32:18.6523087Z  * [new branch]          fix/comment-default-slot-20260929 -> origin/fix/comment-default-slot-20260929
2026-10-09T17:32:18.6525611Z  * [new branch]          fix/compiler-macros-emit-snapshot -> origin/fix/compiler-macros-emit-snapshot
2026-10-09T17:32:18.6528094Z  * [new branch]          fix/config-jsxtypecheck-typings -> origin/fix/config-jsxtypecheck-typings
2026-10-09T17:32:18.6530633Z  * [new branch]          fix/content-mapper-ts63936-protocol -> origin/fix/content-mapper-ts63936-protocol
2026-10-09T17:32:18.6533461Z  * [new branch]          fix/corsa-nuxt2-composition-api -> origin/fix/corsa-nuxt2-composition-api
2026-10-09T17:32:18.6536184Z  * [new branch]          fix/davinci-corpus-residuals-2-20260901 -> origin/fix/davinci-corpus-residuals-2-20260901
2026-10-09T17:32:18.6539351Z  * [new branch]          fix/davinci-final-dom-corpus-residuals-20260902 -> origin/fix/davinci-final-dom-corpus-residuals-20260902
2026-10-09T17:32:18.6542463Z  * [new branch]          fix/devalue-security-final-20261002 -> origin/fix/devalue-security-final-20261002
2026-10-09T17:32:18.6544875Z  * [new branch]          fix/dynamic-name-provenance -> origin/fix/dynamic-name-provenance
2026-10-09T17:32:18.6547033Z  * [new branch]          fix/elk-dev-hydration-route -> origin/fix/elk-dev-hydration-route
2026-10-09T17:32:18.6549181Z  * [new branch]          fix/entities-child-20260929 -> origin/fix/entities-child-20260929
2026-10-09T17:32:18.6551498Z  * [new branch]          fix/glyph-root-relative-art-paths -> origin/fix/glyph-root-relative-art-paths
2026-10-09T17:32:18.6554599Z  * [new branch]          fix/lint-cross-file-severity-7935-20261007 -> origin/fix/lint-cross-file-severity-7935-20261007
2026-10-09T17:32:18.6558001Z  * [new branch]          fix/lsp-open-buffer-alias-definition-20261009 -> origin/fix/lsp-open-buffer-alias-definition-20261009
2026-10-09T17:32:18.6561235Z  * [new branch]          fix/maestro-component-prop-reference-bounds -> origin/fix/maestro-component-prop-reference-bounds
2026-10-09T17:32:18.6564555Z  * [new branch]          fix/maestro-component-prop-references-4480 -> origin/fix/maestro-component-prop-references-4480
2026-10-09T17:32:18.6567058Z  * [new branch]          fix/main-post6406-gates -> origin/fix/main-post6406-gates
2026-10-09T17:32:18.6569072Z  * [new branch]          fix/monorepo-tsconfig-7274 -> origin/fix/monorepo-tsconfig-7274
2026-10-09T17:32:18.6571410Z  * [new branch]          fix/musea-unresolved-story-spreads -> origin/fix/musea-unresolved-story-spreads
2026-10-09T17:32:18.6574043Z  * [new branch]          fix/native-vue-jsdoc-reads -> origin/fix/native-vue-jsdoc-reads
2026-10-09T17:32:18.6576172Z  * [new branch]          fix/npmx-head-fixture-drift -> origin/fix/npmx-head-fixture-drift
2026-10-09T17:32:18.6578610Z  * [new branch]          fix/nuxt-project-sfc-style-requests -> origin/fix/nuxt-project-sfc-style-requests
2026-10-09T17:32:18.6581642Z  * [new branch]          fix/oxlint-original-html-native-operation-7903 -> origin/fix/oxlint-original-html-native-operation-7903
2026-10-09T17:32:18.6585123Z  * [new branch]          fix/patina-allocation-nextest-protocol-20261002 -> origin/fix/patina-allocation-nextest-protocol-20261002
2026-10-09T17:32:18.6588192Z  * [new branch]          fix/patina-default-traversal-6506-6507 -> origin/fix/patina-default-traversal-6506-6507
2026-10-09T17:32:18.6590721Z  * [new branch]          fix/patina-lint-regressions -> origin/fix/patina-lint-regressions
2026-10-09T17:32:18.6593233Z  * [new branch]          fix/patina-model-modifiers-4448 -> origin/fix/patina-model-modifiers-4448
2026-10-09T17:32:18.6595607Z  * [new branch]          fix/patina-transition-appear -> origin/fix/patina-transition-appear
2026-10-09T17:32:18.6597920Z  * [new branch]          fix/priority-readiness-issues -> origin/fix/priority-readiness-issues
2026-10-09T17:32:18.6600423Z  * [new branch]          fix/real-project-lsp-corsa-pin -> origin/fix/real-project-lsp-corsa-pin
2026-10-09T17:32:18.6602852Z  * [new branch]          fix/reka-ui-typecheck-gate -> origin/fix/reka-ui-typecheck-gate
2026-10-09T17:32:18.6605429Z  * [new branch]          fix/release-nix-parser-adapter-20261003 -> origin/fix/release-nix-parser-adapter-20261003
2026-10-09T17:32:18.6608011Z  * [new branch]          fix/root-whitespace-20260929 -> origin/fix/root-whitespace-20260929
2026-10-09T17:32:18.6610327Z  * [new branch]          fix/scoped-css-parity-20260929 -> origin/fix/scoped-css-parity-20260929
2026-10-09T17:32:18.6613035Z  * [new branch]          fix/setup-component-tag-unref-ci -> origin/fix/setup-component-tag-unref-ci
2026-10-09T17:32:18.6615449Z  * [new branch]          fix/sfc-script-first-ordering -> origin/fix/sfc-script-first-ordering
2026-10-09T17:32:18.6617805Z  * [new branch]          fix/solution-style-alias-anchor -> origin/fix/solution-style-alias-anchor
2026-10-09T17:32:18.6620129Z  * [new branch]          fix/static-prop-value-checks -> origin/fix/static-prop-value-checks
2026-10-09T17:32:18.6622548Z  * [new branch]          fix/typecheck-ambient-imports -> origin/fix/typecheck-ambient-imports
2026-10-09T17:32:18.6624793Z  * [new branch]          fix/typecheck-corpus-scope -> origin/fix/typecheck-corpus-scope
2026-10-09T17:32:18.6626965Z  * [new branch]          fix/use-route-query-weakmap -> origin/fix/use-route-query-weakmap
2026-10-09T17:32:18.6629372Z  * [new branch]          fix/vite-slotted-nesting-combinator -> origin/fix/vite-slotted-nesting-combinator
2026-10-09T17:32:18.6631849Z  * [new branch]          fix/vue-lsp-canonical-queries -> origin/fix/vue-lsp-canonical-queries
2026-10-09T17:32:18.6634903Z  * [new branch]          fix/vue-lsp-imports-and-template-definition -> origin/fix/vue-lsp-imports-and-template-definition
2026-10-09T17:32:18.6637681Z  * [new branch]          fix/zed-art-vue-grammar -> origin/fix/zed-art-vue-grammar
2026-10-09T17:32:18.6639769Z  * [new branch]          fix/zed-editors-path-grammar -> origin/fix/zed-editors-path-grammar
2026-10-09T17:32:18.6643372Z  * [new branch]          gh-readonly-queue/main/pr-7113-6890ea1b20d4bcccbe9ef1f4cc5e0a1973725135 -> origin/gh-readonly-queue/main/pr-7113-6890ea1b20d4bcccbe9ef1f4cc5e0a1973725135
2026-10-09T17:32:18.6647898Z  * [new branch]          gh-readonly-queue/main/pr-8131-ef84821d30fa0d8538b2472fef34418e75380523 -> origin/gh-readonly-queue/main/pr-8131-ef84821d30fa0d8538b2472fef34418e75380523
2026-10-09T17:32:18.6652718Z  * [new branch]          gh-readonly-queue/main/pr-8160-8c7727613de6213e0a52cde96eeb295d01c9bef5 -> origin/gh-readonly-queue/main/pr-8160-8c7727613de6213e0a52cde96eeb295d01c9bef5
2026-10-09T17:32:18.6657215Z  * [new branch]          gh-readonly-queue/main/pr-8167-05e71578d9254c8356d594e7bc76038f2f2ee38b -> origin/gh-readonly-queue/main/pr-8167-05e71578d9254c8356d594e7bc76038f2f2ee38b
2026-10-09T17:32:18.6660355Z  * [new branch]          l1-container-move       -> origin/l1-container-move
2026-10-09T17:32:18.6662157Z  * [new branch]          main                    -> origin/main
2026-10-09T17:32:18.6664765Z  * [new branch]          observe/lsp-composed-resource-3952-20261008 -> origin/observe/lsp-composed-resource-3952-20261008
2026-10-09T17:32:18.6668675Z  * [new branch]          observe/lsp-source-baseline-3952-20261008 -> origin/observe/lsp-source-baseline-3952-20261008
2026-10-09T17:32:18.6671536Z  * [new branch]          perf/bulk-native-diagnostics-20261005 -> origin/perf/bulk-native-diagnostics-20261005
2026-10-09T17:32:18.6674600Z  * [new branch]          perf/check-import-occurrence-cache -> origin/perf/check-import-occurrence-cache
2026-10-09T17:32:18.6677271Z  * [new branch]          perf/davinci-handler-admission-floor -> origin/perf/davinci-handler-admission-floor
2026-10-09T17:32:18.6679997Z  * [new branch]          perf/davinci-recent-expression-reuse -> origin/perf/davinci-recent-expression-reuse
2026-10-09T17:32:18.6682968Z  * [new branch]          perf/dynamic-props-7136-source-20260929 -> origin/perf/dynamic-props-7136-source-20260929
2026-10-09T17:32:18.6686372Z  * [new branch]          perf/generated-name-sets-7136-20260929 -> origin/perf/generated-name-sets-7136-20260929
2026-10-09T17:32:18.6689755Z  * [new branch]          perf/generated-name-sets-lazy-only-7136-20260929 -> origin/perf/generated-name-sets-lazy-only-7136-20260929
2026-10-09T17:32:18.6693105Z  * [new branch]          perf/html-hot-noinline-7136-20260929 -> origin/perf/html-hot-noinline-7136-20260929
2026-10-09T17:32:18.6696275Z  * [new branch]          perf/html-hot-tags-7136-source-20260929 -> origin/perf/html-hot-tags-7136-source-20260929
2026-10-09T17:32:18.6699219Z  * [new branch]          perf/l1-best-fresh-7136-20260929 -> origin/perf/l1-best-fresh-7136-20260929
2026-10-09T17:32:18.6701704Z  * [new branch]          perf/l1-compile-host-7136-ab-20260929 -> origin/perf/l1-compile-host-7136-ab-20260929
2026-10-09T17:32:18.6704602Z  * [new branch]          perf/l1-cumulative-after-7150-20260929 -> origin/perf/l1-cumulative-after-7150-20260929
2026-10-09T17:32:18.6707212Z  * [new branch]          perf/l1-host-math-7136-ab-20260929 -> origin/perf/l1-host-math-7136-ab-20260929
2026-10-09T17:32:18.6709700Z  * [new branch]          perf/l1-lazy-ir-spans-7136-20260929 -> origin/perf/l1-lazy-ir-spans-7136-20260929
2026-10-09T17:32:18.6712701Z  * [new branch]          perf/l1-package-host-7136-ab-20260929 -> origin/perf/l1-package-host-7136-ab-20260929
2026-10-09T17:32:18.6715397Z  * [new branch]          perf/l1-template-cache-7136-20260929 -> origin/perf/l1-template-cache-7136-20260929
2026-10-09T17:32:18.6718542Z  * [new branch]          perf/l1-template-has-bind-7136-20260929 -> origin/perf/l1-template-has-bind-7136-20260929
2026-10-09T17:32:18.6721257Z  * [new branch]          perf/l1-template-inline-7136-20260929 -> origin/perf/l1-template-inline-7136-20260929
2026-10-09T17:32:18.6724505Z  * [new branch]          perf/l1-template-single-scan-7136-20260929 -> origin/perf/l1-template-single-scan-7136-20260929
2026-10-09T17:32:18.6726865Z  * [new branch]          perf/l2-hot-paths       -> origin/perf/l2-hot-paths
2026-10-09T17:32:18.6728999Z  * [new branch]          perf/mathml-prefix-7136-ab-20260929 -> origin/perf/mathml-prefix-7136-ab-20260929
2026-10-09T17:32:18.6731340Z  * [new branch]          perf/phf-7136-source-20260929 -> origin/perf/phf-7136-source-20260929
2026-10-09T17:32:18.6734188Z  * [new branch]          perf/typecheck-retained-template-reads -> origin/perf/typecheck-retained-template-reads
2026-10-09T17:32:18.6736918Z  * [new branch]          perf/vapor-inline-only-6835-20260929 -> origin/perf/vapor-inline-only-6835-20260929
2026-10-09T17:32:18.6739464Z  * [new branch]          perf/vapor-precursor-6835-20260929 -> origin/perf/vapor-precursor-6835-20260929
2026-10-09T17:32:18.6742163Z  * [new branch]          perf/vapor-spans-only-6835-20260929 -> origin/perf/vapor-spans-only-6835-20260929
2026-10-09T17:32:18.6744982Z  * [new branch]          proof/compiler-api15-artifact-dd6-20261002 -> origin/proof/compiler-api15-artifact-dd6-20261002
2026-10-09T17:32:18.6748164Z  * [new branch]          proof/compiler-api15-artifact-labels-dd6-20261002 -> origin/proof/compiler-api15-artifact-labels-dd6-20261002
2026-10-09T17:32:18.6751115Z  * [new branch]          proof/compiler-history-dd6-20261002 -> origin/proof/compiler-history-dd6-20261002
2026-10-09T17:32:18.6754032Z  * [new branch]          proof/l1-native-authority-20261002 -> origin/proof/l1-native-authority-20261002
2026-10-09T17:32:18.6756497Z  * [new branch]          proof/tsx-jsx-fixture-candidates -> origin/proof/tsx-jsx-fixture-candidates
2026-10-09T17:32:18.6759322Z  * [new branch]          provenance/compiler-ssr-original-c2451-20261002 -> origin/provenance/compiler-ssr-original-c2451-20261002
2026-10-09T17:32:18.6762771Z  * [new branch]          provenance/compiler-vapor-original-b11eb-20261002 -> origin/provenance/compiler-vapor-original-b11eb-20261002
2026-10-09T17:32:18.6766056Z  * [new branch]          provenance/formatter-history-capture-20261001 -> origin/provenance/formatter-history-capture-20261001
2026-10-09T17:32:18.6769549Z  * [new branch]          provenance/formatter-history-full-evidence-20261001 -> origin/provenance/formatter-history-full-evidence-20261001
2026-10-09T17:32:18.6773467Z  * [new branch]          provenance/formatter-history-observer-source-20261002 -> origin/provenance/formatter-history-observer-source-20261002
2026-10-09T17:32:18.6776766Z  * [new branch]          provenance/oxc-fc702c1-source-copy-20261002 -> origin/provenance/oxc-fc702c1-source-copy-20261002
2026-10-09T17:32:18.6780111Z  * [new branch]          provenance/sfc-map-diagnostic-history-capture-72293b11b -> origin/provenance/sfc-map-diagnostic-history-capture-72293b11b
2026-10-09T17:32:18.6783572Z  * [new branch]          provenance/ssr-history-capture-22decfc11 -> origin/provenance/ssr-history-capture-22decfc11
2026-10-09T17:32:18.6786466Z  * [new branch]          provenance/vapor-history-capture-941ff5b2d -> origin/provenance/vapor-history-capture-941ff5b2d
2026-10-09T17:32:18.6789725Z  * [new branch]          recovery/native-jsx-owning-body-94-before-d36-20261003 -> origin/recovery/native-jsx-owning-body-94-before-d36-20261003
2026-10-09T17:32:18.6793798Z  * [new branch]          recovery/native-jsx-owning-body-af-before-7f-20261003 -> origin/recovery/native-jsx-owning-body-af-before-7f-20261003
2026-10-09T17:32:18.6796799Z  * [new branch]          recovery/sfc-feature-313-20261003 -> origin/recovery/sfc-feature-313-20261003
2026-10-09T17:32:18.6799195Z  * [new branch]          recovery/sfc-feature-5392-20261003 -> origin/recovery/sfc-feature-5392-20261003
2026-10-09T17:32:18.6801591Z  * [new branch]          recovery/sfc-feature-7dc-20261003 -> origin/recovery/sfc-feature-7dc-20261003
2026-10-09T17:32:18.6804051Z  * [new branch]          refactor/dump-api-ci07ac-prep -> origin/refactor/dump-api-ci07ac-prep
2026-10-09T17:32:18.6806598Z  * [new branch]          refactor/hash-domains-ci07ac-prep -> origin/refactor/hash-domains-ci07ac-prep
2026-10-09T17:32:18.6809168Z  * [new branch]          refactor/l2-dump-protocol-ci07ac-prep -> origin/refactor/l2-dump-protocol-ci07ac-prep
2026-10-09T17:32:18.6811843Z  * [new branch]          refactor/l3-dump-protocol-ci07ac-prep -> origin/refactor/l3-dump-protocol-ci07ac-prep
2026-10-09T17:32:18.6814717Z  * [new branch]          refactor/l3-formal-namespace-6832 -> origin/refactor/l3-formal-namespace-6832
2026-10-09T17:32:18.6817244Z  * [new branch]          refactor/physical-l3-foundation-lint -> origin/refactor/physical-l3-foundation-lint
2026-10-09T17:32:18.6819747Z  * [new branch]          refactor/stage-path-types-main16e -> origin/refactor/stage-path-types-main16e
2026-10-09T17:32:18.6822411Z  * [new branch]          refactor/tools-benchmark-dispatcher -> origin/refactor/tools-benchmark-dispatcher
2026-10-09T17:32:18.6825400Z  * [new branch]          release-archive/v0.436.0/source-f2bc5442d1b6-20261008 -> origin/release-archive/v0.436.0/source-f2bc5442d1b6-20261008
2026-10-09T17:32:18.6828188Z  * [new branch]          release-archive/v0.437.0-pr8312 -> origin/release-archive/v0.437.0-pr8312
2026-10-09T17:32:18.6830453Z  * [new branch]          release-archive/v0.437.0-pr8314 -> origin/release-archive/v0.437.0-pr8314
2026-10-09T17:32:18.6832704Z  * [new branch]          release-evidence/v0.348.0 -> origin/release-evidence/v0.348.0
2026-10-09T17:32:18.6834771Z  * [new branch]          release-integration/v0.435.2 -> origin/release-integration/v0.435.2
2026-10-09T17:32:18.6836728Z  * [new branch]          release-pin/v0.435.1    -> origin/release-pin/v0.435.1
2026-10-09T17:32:18.6838479Z  * [new branch]          release-pin/v0.435.2    -> origin/release-pin/v0.435.2
2026-10-09T17:32:18.6840231Z  * [new branch]          release-pin/v0.436.0    -> origin/release-pin/v0.436.0
2026-10-09T17:32:18.6842113Z  * [new branch]          release-pin/v0.437.0    -> origin/release-pin/v0.437.0
2026-10-09T17:32:18.6844369Z  * [new branch]          release/v0.429.2-compat-probe-2-20260929 -> origin/release/v0.429.2-compat-probe-2-20260929
2026-10-09T17:32:18.6847178Z  * [new branch]          release/v0.429.2-compat-probe-20260929 -> origin/release/v0.429.2-compat-probe-20260929
2026-10-09T17:32:18.6849317Z  * [new branch]          release/v0.430.2        -> origin/release/v0.430.2
2026-10-09T17:32:18.6850957Z  * [new branch]          release/v0.435.1        -> origin/release/v0.435.1
2026-10-09T17:32:18.6852927Z  * [new branch]          release/v0.435.2        -> origin/release/v0.435.2
2026-10-09T17:32:18.6854596Z  * [new branch]          release/v0.436.0        -> origin/release/v0.436.0
2026-10-09T17:32:18.6856241Z  * [new branch]          release/v0.437.0        -> origin/release/v0.437.0
2026-10-09T17:32:18.6858623Z  * [new branch]          temp/native-js-setup-actual21-runtime-20261003 -> origin/temp/native-js-setup-actual21-runtime-20261003
2026-10-09T17:32:18.6861515Z  * [new branch]          test/canon-required-props-ci-20260927 -> origin/test/canon-required-props-ci-20260927
2026-10-09T17:32:18.6864081Z  * [new branch]          test/compiler-e2e-require-cli -> origin/test/compiler-e2e-require-cli
2026-10-09T17:32:18.6866698Z  * [new branch]          test/compiler-history-inventory-dd6-20261002 -> origin/test/compiler-history-inventory-dd6-20261002
2026-10-09T17:32:18.6869534Z  * [new branch]          test/corpus-ssr-syscall-trace-20261008 -> origin/test/corpus-ssr-syscall-trace-20261008
2026-10-09T17:32:18.6872446Z  * [new branch]          test/davinci-canon-scaling-candidate -> origin/test/davinci-canon-scaling-candidate
2026-10-09T17:32:18.6875126Z  * [new branch]          test/davinci-canon-scaling-comparison -> origin/test/davinci-canon-scaling-comparison
2026-10-09T17:32:18.6877716Z  * [new branch]          test/davinci-corpus-preflight-4831 -> origin/test/davinci-corpus-preflight-4831
2026-10-09T17:32:18.6880445Z  * [new branch]          test/differential-tooling-receipts-main16e -> origin/test/differential-tooling-receipts-main16e
2026-10-09T17:32:18.6883707Z  * [new branch]          test/editor-member-hover-custody-20261006 -> origin/test/editor-member-hover-custody-20261006
2026-10-09T17:32:18.6886496Z  * [new branch]          test/fixtures-rule-map-severity-preset -> origin/test/fixtures-rule-map-severity-preset
2026-10-09T17:32:18.6889511Z  * [new branch]          test/lint-baseline-range-evidence-main7f-20261003 -> origin/test/lint-baseline-range-evidence-main7f-20261003
2026-10-09T17:32:18.6893083Z  * [new branch]          test/linter-component-name-capture-4c-20261002 -> origin/test/linter-component-name-capture-4c-20261002
2026-10-09T17:32:18.6895879Z  * [new branch]          test/lsp-full-source-e648-20261003 -> origin/test/lsp-full-source-e648-20261003
2026-10-09T17:32:18.6898284Z  * [new branch]          test/lsp-full-source-f634-20261002 -> origin/test/lsp-full-source-f634-20261002
2026-10-09T17:32:18.6900993Z  * [new branch]          test/lsp-installed-alias-replay-8011-20261008 -> origin/test/lsp-installed-alias-replay-8011-20261008
2026-10-09T17:32:18.6904340Z  * [new branch]          test/lsp-installed-event-slot-replay-8010-20261008 -> origin/test/lsp-installed-event-slot-replay-8010-20261008
2026-10-09T17:32:18.6907364Z  * [new branch]          test/lsp-native-jsx-tsx-source-20261003 -> origin/test/lsp-native-jsx-tsx-source-20261003
2026-10-09T17:32:18.6910311Z  * [new branch]          test/lsp-native-program-source-1850119-20261003 -> origin/test/lsp-native-program-source-1850119-20261003
2026-10-09T17:32:18.6913573Z  * [new branch]          test/lsp-native-project-source-860dfb-20261003 -> origin/test/lsp-native-project-source-860dfb-20261003
2026-10-09T17:32:18.6916627Z  * [new branch]          test/lsp-nuxt-ambient-owning-source-20261003 -> origin/test/lsp-nuxt-ambient-owning-source-20261003
2026-10-09T17:32:18.6919465Z  * [new branch]          test/lsp-original-event-rename-20261008 -> origin/test/lsp-original-event-rename-20261008
2026-10-09T17:32:18.6922518Z  * [new branch]          test/lsp-session-source-links-current-20261002 -> origin/test/lsp-session-source-links-current-20261002
2026-10-09T17:32:18.6925831Z  * [new branch]          test/original-typed-parameter-checker-20261004 -> origin/test/original-typed-parameter-checker-20261004
2026-10-09T17:32:18.6928825Z  * [new branch]          test/original400-driver-7f1cb15d-20261005 -> origin/test/original400-driver-7f1cb15d-20261005
2026-10-09T17:32:18.6931410Z  * [new branch]          test/patina-focus-current-output -> origin/test/patina-focus-current-output
2026-10-09T17:32:18.6934120Z  * [new branch]          test/pnpm-workspace-7834-baseline -> origin/test/pnpm-workspace-7834-baseline
2026-10-09T17:32:18.6936407Z  * [new branch]          tmp/issue-3569-linux-snapshots -> origin/tmp/issue-3569-linux-snapshots
2026-10-09T17:32:18.6938365Z  * [new branch]          ui/chart-components     -> origin/ui/chart-components
2026-10-09T17:32:18.6940022Z  * [new branch]          ui/data-grid            -> origin/ui/data-grid
2026-10-09T17:32:18.6941710Z  * [new branch]          ui/date-time-pickers    -> origin/ui/date-time-pickers
2026-10-09T17:32:18.6943648Z  * [new branch]          ui/date-time-scheduler  -> origin/ui/date-time-scheduler
2026-10-09T17:32:18.6945326Z  * [new branch]          ui/form-3               -> origin/ui/form-3
2026-10-09T17:32:18.6946937Z  * [new branch]          ui/form-inputs-text     -> origin/ui/form-inputs-text
2026-10-09T17:32:18.6948638Z  * [new branch]          ui/layout-windows       -> origin/ui/layout-windows
2026-10-09T17:32:18.6950236Z  * [new branch]          ui/media-2              -> origin/ui/media-2
2026-10-09T17:32:18.6951793Z  * [new branch]          ui/menu-family          -> origin/ui/menu-family
2026-10-09T17:32:18.6953786Z  * [new branch]          ui/overlay-feedback-2   -> origin/ui/overlay-feedback-2
2026-10-09T17:32:18.6955471Z  * [new branch]          ui/rich-text            -> origin/ui/rich-text
2026-10-09T17:32:18.6957168Z  * [new branch]          ui/structure-nav-menus  -> origin/ui/structure-nav-menus
2026-10-09T17:32:18.6959113Z  * [new branch]          ui/tags-input           -> origin/ui/tags-input
2026-10-09T17:32:18.6961135Z  * [new branch]          verify/canon-computed-6921-20260927 -> origin/verify/canon-computed-6921-20260927
2026-10-09T17:32:18.6963850Z  * [new branch]          verify/canon-slot-outlet-6922-20260927 -> origin/verify/canon-slot-outlet-6922-20260927
2026-10-09T17:32:18.6966634Z  * [new branch]          verify/native6962-physical-l3-gates-20260927 -> origin/verify/native6962-physical-l3-gates-20260927
2026-10-09T17:32:18.6968827Z  * [new tag]             v0.0.1-alpha.10         -> v0.0.1-alpha.10
2026-10-09T17:32:18.6970279Z  * [new tag]             v0.0.1-alpha.100        -> v0.0.1-alpha.100
2026-10-09T17:32:18.6971736Z  * [new tag]             v0.0.1-alpha.101        -> v0.0.1-alpha.101
2026-10-09T17:32:18.6973517Z  * [new tag]             v0.0.1-alpha.102        -> v0.0.1-alpha.102
2026-10-09T17:32:18.6974973Z  * [new tag]             v0.0.1-alpha.103        -> v0.0.1-alpha.103
2026-10-09T17:32:18.6976441Z  * [new tag]             v0.0.1-alpha.104        -> v0.0.1-alpha.104
2026-10-09T17:32:18.6977893Z  * [new tag]             v0.0.1-alpha.105        -> v0.0.1-alpha.105
2026-10-09T17:32:18.6979361Z  * [new tag]             v0.0.1-alpha.106        -> v0.0.1-alpha.106
2026-10-09T17:32:18.6980817Z  * [new tag]             v0.0.1-alpha.107        -> v0.0.1-alpha.107
2026-10-09T17:32:18.6982418Z  * [new tag]             v0.0.1-alpha.108        -> v0.0.1-alpha.108
2026-10-09T17:32:18.6983871Z  * [new tag]             v0.0.1-alpha.109        -> v0.0.1-alpha.109
2026-10-09T17:32:18.6985315Z  * [new tag]             v0.0.1-alpha.11         -> v0.0.1-alpha.11
2026-10-09T17:32:18.6986768Z  * [new tag]             v0.0.1-alpha.110        -> v0.0.1-alpha.110
2026-10-09T17:32:18.6988227Z  * [new tag]             v0.0.1-alpha.111        -> v0.0.1-alpha.111
2026-10-09T17:32:18.6989692Z  * [new tag]             v0.0.1-alpha.112        -> v0.0.1-alpha.112
2026-10-09T17:32:18.6991214Z  * [new tag]             v0.0.1-alpha.113        -> v0.0.1-alpha.113
2026-10-09T17:32:18.6992852Z  * [new tag]             v0.0.1-alpha.114        -> v0.0.1-alpha.114
2026-10-09T17:32:18.6994502Z  * [new tag]             v0.0.1-alpha.115        -> v0.0.1-alpha.115
2026-10-09T17:32:18.6995969Z  * [new tag]             v0.0.1-alpha.116        -> v0.0.1-alpha.116
2026-10-09T17:32:18.6997404Z  * [new tag]             v0.0.1-alpha.117        -> v0.0.1-alpha.117
2026-10-09T17:32:18.6998866Z  * [new tag]             v0.0.1-alpha.118        -> v0.0.1-alpha.118
2026-10-09T17:32:18.7000338Z  * [new tag]             v0.0.1-alpha.119        -> v0.0.1-alpha.119
2026-10-09T17:32:18.7001774Z  * [new tag]             v0.0.1-alpha.12         -> v0.0.1-alpha.12
2026-10-09T17:32:18.7003406Z  * [new tag]             v0.0.1-alpha.120        -> v0.0.1-alpha.120
2026-10-09T17:32:18.7004877Z  * [new tag]             v0.0.1-alpha.121        -> v0.0.1-alpha.121
2026-10-09T17:32:18.7006313Z  * [new tag]             v0.0.1-alpha.13         -> v0.0.1-alpha.13
2026-10-09T17:32:18.7007764Z  * [new tag]             v0.0.1-alpha.14         -> v0.0.1-alpha.14
2026-10-09T17:32:18.7009177Z  * [new tag]             v0.0.1-alpha.15         -> v0.0.1-alpha.15
2026-10-09T17:32:18.7010589Z  * [new tag]             v0.0.1-alpha.16         -> v0.0.1-alpha.16
2026-10-09T17:32:18.7012283Z  * [new tag]             v0.0.1-alpha.17         -> v0.0.1-alpha.17
2026-10-09T17:32:18.7013739Z  * [new tag]             v0.0.1-alpha.18         -> v0.0.1-alpha.18
2026-10-09T17:32:18.7015172Z  * [new tag]             v0.0.1-alpha.19         -> v0.0.1-alpha.19
2026-10-09T17:32:18.7016596Z  * [new tag]             v0.0.1-alpha.2          -> v0.0.1-alpha.2
2026-10-09T17:32:18.7017988Z  * [new tag]             v0.0.1-alpha.20         -> v0.0.1-alpha.20
2026-10-09T17:32:18.7019395Z  * [new tag]             v0.0.1-alpha.21         -> v0.0.1-alpha.21
2026-10-09T17:32:18.7020802Z  * [new tag]             v0.0.1-alpha.22         -> v0.0.1-alpha.22
2026-10-09T17:32:18.7022355Z  * [new tag]             v0.0.1-alpha.23         -> v0.0.1-alpha.23
2026-10-09T17:32:18.7023973Z  * [new tag]             v0.0.1-alpha.24         -> v0.0.1-alpha.24
2026-10-09T17:32:18.7025390Z  * [new tag]             v0.0.1-alpha.25         -> v0.0.1-alpha.25
2026-10-09T17:32:18.7026805Z  * [new tag]             v0.0.1-alpha.26         -> v0.0.1-alpha.26
2026-10-09T17:32:18.7028206Z  * [new tag]             v0.0.1-alpha.27         -> v0.0.1-alpha.27
2026-10-09T17:32:18.7029615Z  * [new tag]             v0.0.1-alpha.28         -> v0.0.1-alpha.28
2026-10-09T17:32:18.7031020Z  * [new tag]             v0.0.1-alpha.29         -> v0.0.1-alpha.29
2026-10-09T17:32:18.7032737Z  * [new tag]             v0.0.1-alpha.3          -> v0.0.1-alpha.3
2026-10-09T17:32:18.7034157Z  * [new tag]             v0.0.1-alpha.30         -> v0.0.1-alpha.30
2026-10-09T17:32:18.7035570Z  * [new tag]             v0.0.1-alpha.31         -> v0.0.1-alpha.31
2026-10-09T17:32:18.7036972Z  * [new tag]             v0.0.1-alpha.32         -> v0.0.1-alpha.32
2026-10-09T17:32:18.7038394Z  * [new tag]             v0.0.1-alpha.33         -> v0.0.1-alpha.33
2026-10-09T17:32:18.7039803Z  * [new tag]             v0.0.1-alpha.34         -> v0.0.1-alpha.34
2026-10-09T17:32:18.7041225Z  * [new tag]             v0.0.1-alpha.35         -> v0.0.1-alpha.35
2026-10-09T17:32:18.7042843Z  * [new tag]             v0.0.1-alpha.36         -> v0.0.1-alpha.36
2026-10-09T17:32:18.7044254Z  * [new tag]             v0.0.1-alpha.37         -> v0.0.1-alpha.37
2026-10-09T17:32:18.7045651Z  * [new tag]             v0.0.1-alpha.38         -> v0.0.1-alpha.38
2026-10-09T17:32:18.7047084Z  * [new tag]             v0.0.1-alpha.39         -> v0.0.1-alpha.39
2026-10-09T17:32:18.7048477Z  * [new tag]             v0.0.1-alpha.4          -> v0.0.1-alpha.4
2026-10-09T17:32:18.7049870Z  * [new tag]             v0.0.1-alpha.40         -> v0.0.1-alpha.40
2026-10-09T17:32:18.7051265Z  * [new tag]             v0.0.1-alpha.41         -> v0.0.1-alpha.41
2026-10-09T17:32:18.7052975Z  * [new tag]             v0.0.1-alpha.42         -> v0.0.1-alpha.42
2026-10-09T17:32:18.7054416Z  * [new tag]             v0.0.1-alpha.43         -> v0.0.1-alpha.43
2026-10-09T17:32:18.7055984Z  * [new tag]             v0.0.1-alpha.44         -> v0.0.1-alpha.44
2026-10-09T17:32:18.7057404Z  * [new tag]             v0.0.1-alpha.45         -> v0.0.1-alpha.45
2026-10-09T17:32:18.7058816Z  * [new tag]             v0.0.1-alpha.46         -> v0.0.1-alpha.46
2026-10-09T17:32:18.7060219Z  * [new tag]             v0.0.1-alpha.47         -> v0.0.1-alpha.47
2026-10-09T17:32:18.7061633Z  * [new tag]             v0.0.1-alpha.48         -> v0.0.1-alpha.48
2026-10-09T17:32:18.7063195Z  * [new tag]             v0.0.1-alpha.49         -> v0.0.1-alpha.49
2026-10-09T17:32:18.7064605Z  * [new tag]             v0.0.1-alpha.5          -> v0.0.1-alpha.5
2026-10-09T17:32:18.7065997Z  * [new tag]             v0.0.1-alpha.50         -> v0.0.1-alpha.50
2026-10-09T17:32:18.7067402Z  * [new tag]             v0.0.1-alpha.51         -> v0.0.1-alpha.51
2026-10-09T17:32:18.7068826Z  * [new tag]             v0.0.1-alpha.52         -> v0.0.1-alpha.52
2026-10-09T17:32:18.7070228Z  * [new tag]             v0.0.1-alpha.53         -> v0.0.1-alpha.53
2026-10-09T17:32:18.7071643Z  * [new tag]             v0.0.1-alpha.54         -> v0.0.1-alpha.54
2026-10-09T17:32:18.7073187Z  * [new tag]             v0.0.1-alpha.55         -> v0.0.1-alpha.55
2026-10-09T17:32:18.7074582Z  * [new tag]             v0.0.1-alpha.56         -> v0.0.1-alpha.56
2026-10-09T17:32:18.7076018Z  * [new tag]             v0.0.1-alpha.6          -> v0.0.1-alpha.6
2026-10-09T17:32:18.7077458Z  * [new tag]             v0.0.1-alpha.66         -> v0.0.1-alpha.66
2026-10-09T17:32:18.7079730Z  * [new tag]             v0.0.1-alpha.67         -> v0.0.1-alpha.67
2026-10-09T17:32:18.7081294Z  * [new tag]             v0.0.1-alpha.68         -> v0.0.1-alpha.68
2026-10-09T17:32:18.7082859Z  * [new tag]             v0.0.1-alpha.69         -> v0.0.1-alpha.69
2026-10-09T17:32:18.7084254Z  * [new tag]             v0.0.1-alpha.7          -> v0.0.1-alpha.7
2026-10-09T17:32:18.7085895Z  * [new tag]             v0.0.1-alpha.70         -> v0.0.1-alpha.70
2026-10-09T17:32:18.7087307Z  * [new tag]             v0.0.1-alpha.71         -> v0.0.1-alpha.71
2026-10-09T17:32:18.7088712Z  * [new tag]             v0.0.1-alpha.72         -> v0.0.1-alpha.72
2026-10-09T17:32:18.7090149Z  * [new tag]             v0.0.1-alpha.73         -> v0.0.1-alpha.73
2026-10-09T17:32:18.7091542Z  * [new tag]             v0.0.1-alpha.74         -> v0.0.1-alpha.74
2026-10-09T17:32:18.7093299Z  * [new tag]             v0.0.1-alpha.75         -> v0.0.1-alpha.75
2026-10-09T17:32:18.7094706Z  * [new tag]             v0.0.1-alpha.76         -> v0.0.1-alpha.76
2026-10-09T17:32:18.7096096Z  * [new tag]             v0.0.1-alpha.77         -> v0.0.1-alpha.77
2026-10-09T17:32:18.7097492Z  * [new tag]             v0.0.1-alpha.78         -> v0.0.1-alpha.78
2026-10-09T17:32:18.7098888Z  * [new tag]             v0.0.1-alpha.79         -> v0.0.1-alpha.79
2026-10-09T17:32:18.7100306Z  * [new tag]             v0.0.1-alpha.80         -> v0.0.1-alpha.80
2026-10-09T17:32:18.7101704Z  * [new tag]             v0.0.1-alpha.81         -> v0.0.1-alpha.81
2026-10-09T17:32:18.7103274Z  * [new tag]             v0.0.1-alpha.82         -> v0.0.1-alpha.82
2026-10-09T17:32:18.7104661Z  * [new tag]             v0.0.1-alpha.83         -> v0.0.1-alpha.83
2026-10-09T17:32:18.7106062Z  * [new tag]             v0.0.1-alpha.84         -> v0.0.1-alpha.84
2026-10-09T17:32:18.7107472Z  * [new tag]             v0.0.1-alpha.85         -> v0.0.1-alpha.85
2026-10-09T17:32:18.7108887Z  * [new tag]             v0.0.1-alpha.86         -> v0.0.1-alpha.86
2026-10-09T17:32:18.7110281Z  * [new tag]             v0.0.1-alpha.87         -> v0.0.1-alpha.87
2026-10-09T17:32:18.7111672Z  * [new tag]             v0.0.1-alpha.88         -> v0.0.1-alpha.88
2026-10-09T17:32:18.7113377Z  * [new tag]             v0.0.1-alpha.89         -> v0.0.1-alpha.89
2026-10-09T17:32:18.7114786Z  * [new tag]             v0.0.1-alpha.90         -> v0.0.1-alpha.90
2026-10-09T17:32:18.7116202Z  * [new tag]             v0.0.1-alpha.91         -> v0.0.1-alpha.91
2026-10-09T17:32:18.7117776Z  * [new tag]             v0.0.1-alpha.92         -> v0.0.1-alpha.92
2026-10-09T17:32:18.7119187Z  * [new tag]             v0.0.1-alpha.93         -> v0.0.1-alpha.93
2026-10-09T17:32:18.7120566Z  * [new tag]             v0.0.1-alpha.94         -> v0.0.1-alpha.94
2026-10-09T17:32:18.7122123Z  * [new tag]             v0.0.1-alpha.95         -> v0.0.1-alpha.95
2026-10-09T17:32:18.7123540Z  * [new tag]             v0.0.1-alpha.96         -> v0.0.1-alpha.96
2026-10-09T17:32:18.7124922Z  * [new tag]             v0.0.1-alpha.97         -> v0.0.1-alpha.97
2026-10-09T17:32:18.7126305Z  * [new tag]             v0.0.1-alpha.98         -> v0.0.1-alpha.98
2026-10-09T17:32:18.7127689Z  * [new tag]             v0.0.1-alpha.99         -> v0.0.1-alpha.99
2026-10-09T17:32:18.7129031Z  * [new tag]             v0.1.0                  -> v0.1.0
2026-10-09T17:32:18.7130323Z  * [new tag]             v0.1.0-alpha            -> v0.1.0-alpha
2026-10-09T17:32:18.7131645Z  * [new tag]             v0.10.0                 -> v0.10.0
2026-10-09T17:32:18.7133315Z  * [new tag]             v0.10.0-alpha           -> v0.10.0-alpha
2026-10-09T17:32:18.7134653Z  * [new tag]             v0.100.0                -> v0.100.0
2026-10-09T17:32:18.7135930Z  * [new tag]             v0.101.0                -> v0.101.0
2026-10-09T17:32:18.7137200Z  * [new tag]             v0.102.0                -> v0.102.0
2026-10-09T17:32:18.7138476Z  * [new tag]             v0.103.0                -> v0.103.0
2026-10-09T17:32:18.7139737Z  * [new tag]             v0.104.0                -> v0.104.0
2026-10-09T17:32:18.7140989Z  * [new tag]             v0.105.0                -> v0.105.0
2026-10-09T17:32:18.7142647Z  * [new tag]             v0.106.0                -> v0.106.0
2026-10-09T17:32:18.7143968Z  * [new tag]             v0.107.0                -> v0.107.0
2026-10-09T17:32:18.7145248Z  * [new tag]             v0.108.0                -> v0.108.0
2026-10-09T17:32:18.7146717Z  * [new tag]             v0.109.0                -> v0.109.0
2026-10-09T17:32:18.7147977Z  * [new tag]             v0.11.0                 -> v0.11.0
2026-10-09T17:32:18.7149235Z  * [new tag]             v0.110.0                -> v0.110.0
2026-10-09T17:32:18.7150498Z  * [new tag]             v0.111.0                -> v0.111.0
2026-10-09T17:32:18.7151774Z  * [new tag]             v0.112.0                -> v0.112.0
2026-10-09T17:32:18.7153246Z  * [new tag]             v0.113.0                -> v0.113.0
2026-10-09T17:32:18.7154525Z  * [new tag]             v0.114.0                -> v0.114.0
2026-10-09T17:32:18.7155788Z  * [new tag]             v0.115.0                -> v0.115.0
2026-10-09T17:32:18.7157055Z  * [new tag]             v0.116.0                -> v0.116.0
2026-10-09T17:32:18.7158320Z  * [new tag]             v0.117.0                -> v0.117.0
2026-10-09T17:32:18.7159584Z  * [new tag]             v0.118.0                -> v0.118.0
2026-10-09T17:32:18.7160864Z  * [new tag]             v0.119.0                -> v0.119.0
2026-10-09T17:32:18.7162273Z  * [new tag]             v0.12.0                 -> v0.12.0
2026-10-09T17:32:18.7163546Z  * [new tag]             v0.120.0                -> v0.120.0
2026-10-09T17:32:18.7164808Z  * [new tag]             v0.122.0                -> v0.122.0
2026-10-09T17:32:18.7166073Z  * [new tag]             v0.123.0                -> v0.123.0
2026-10-09T17:32:18.7167352Z  * [new tag]             v0.124.0                -> v0.124.0
2026-10-09T17:32:18.7168615Z  * [new tag]             v0.125.0                -> v0.125.0
2026-10-09T17:32:18.7169887Z  * [new tag]             v0.126.0                -> v0.126.0
2026-10-09T17:32:18.7171150Z  * [new tag]             v0.127.0                -> v0.127.0
2026-10-09T17:32:18.7172706Z  * [new tag]             v0.128.0                -> v0.128.0
2026-10-09T17:32:18.7174000Z  * [new tag]             v0.129.0                -> v0.129.0
2026-10-09T17:32:18.7175250Z  * [new tag]             v0.13.0                 -> v0.13.0
2026-10-09T17:32:18.7176537Z  * [new tag]             v0.130.0                -> v0.130.0
2026-10-09T17:32:18.7177981Z  * [new tag]             v0.131.0                -> v0.131.0
2026-10-09T17:32:18.7179287Z  * [new tag]             v0.132.0                -> v0.132.0
2026-10-09T17:32:18.7180550Z  * [new tag]             v0.133.0                -> v0.133.0
2026-10-09T17:32:18.7181824Z  * [new tag]             v0.134.0                -> v0.134.0
2026-10-09T17:32:18.7183289Z  * [new tag]             v0.135.0                -> v0.135.0
2026-10-09T17:32:18.7184577Z  * [new tag]             v0.136.0                -> v0.136.0
2026-10-09T17:32:18.7185861Z  * [new tag]             v0.137.0                -> v0.137.0
2026-10-09T17:32:18.7187140Z  * [new tag]             v0.138.0                -> v0.138.0
2026-10-09T17:32:18.7188415Z  * [new tag]             v0.139.0                -> v0.139.0
2026-10-09T17:32:18.7189670Z  * [new tag]             v0.14.0                 -> v0.14.0
2026-10-09T17:32:18.7190988Z  * [new tag]             v0.140.0                -> v0.140.0
2026-10-09T17:32:18.7192544Z  * [new tag]             v0.141.0                -> v0.141.0
2026-10-09T17:32:18.7193857Z  * [new tag]             v0.142.0                -> v0.142.0
2026-10-09T17:32:18.7195130Z  * [new tag]             v0.143.0                -> v0.143.0
2026-10-09T17:32:18.7196408Z  * [new tag]             v0.144.0                -> v0.144.0
2026-10-09T17:32:18.7197675Z  * [new tag]             v0.145.0                -> v0.145.0
2026-10-09T17:32:18.7198946Z  * [new tag]             v0.146.0                -> v0.146.0
2026-10-09T17:32:18.7200201Z  * [new tag]             v0.147.0                -> v0.147.0
2026-10-09T17:32:18.7201482Z  * [new tag]             v0.148.0                -> v0.148.0
2026-10-09T17:32:18.7202900Z  * [new tag]             v0.149.0                -> v0.149.0
2026-10-09T17:32:18.7204155Z  * [new tag]             v0.15.0                 -> v0.15.0
2026-10-09T17:32:18.7205606Z  * [new tag]             v0.150.0                -> v0.150.0
2026-10-09T17:32:18.7206893Z  * [new tag]             v0.151.0                -> v0.151.0
2026-10-09T17:32:18.7208168Z  * [new tag]             v0.152.0                -> v0.152.0
2026-10-09T17:32:18.7209441Z  * [new tag]             v0.153.0                -> v0.153.0
2026-10-09T17:32:18.7210714Z  * [new tag]             v0.154.0                -> v0.154.0
2026-10-09T17:32:18.7212326Z  * [new tag]             v0.155.0                -> v0.155.0
2026-10-09T17:32:18.7213633Z  * [new tag]             v0.156.0                -> v0.156.0
2026-10-09T17:32:18.7214909Z  * [new tag]             v0.157.0                -> v0.157.0
2026-10-09T17:32:18.7216177Z  * [new tag]             v0.158.0                -> v0.158.0
2026-10-09T17:32:18.7217441Z  * [new tag]             v0.159.0                -> v0.159.0
2026-10-09T17:32:18.7218711Z  * [new tag]             v0.16.0                 -> v0.16.0
2026-10-09T17:32:18.7219976Z  * [new tag]             v0.160.0                -> v0.160.0
2026-10-09T17:32:18.7221265Z  * [new tag]             v0.161.0                -> v0.161.0
2026-10-09T17:32:18.7222688Z  * [new tag]             v0.162.0                -> v0.162.0
2026-10-09T17:32:18.7223959Z  * [new tag]             v0.163.0                -> v0.163.0
2026-10-09T17:32:18.7225222Z  * [new tag]             v0.164.0                -> v0.164.0
2026-10-09T17:32:18.7226507Z  * [new tag]             v0.165.0                -> v0.165.0
2026-10-09T17:32:18.7227786Z  * [new tag]             v0.166.0                -> v0.166.0
2026-10-09T17:32:18.7229048Z  * [new tag]             v0.167.0                -> v0.167.0
2026-10-09T17:32:18.7230313Z  * [new tag]             v0.168.0                -> v0.168.0
2026-10-09T17:32:18.7231569Z  * [new tag]             v0.169.0                -> v0.169.0
2026-10-09T17:32:18.7232979Z  * [new tag]             v0.17.0                 -> v0.17.0
2026-10-09T17:32:18.7234233Z  * [new tag]             v0.170.0                -> v0.170.0
2026-10-09T17:32:18.7235527Z  * [new tag]             v0.171.0                -> v0.171.0
2026-10-09T17:32:18.7236801Z  * [new tag]             v0.172.0                -> v0.172.0
2026-10-09T17:32:18.7238229Z  * [new tag]             v0.173.0                -> v0.173.0
2026-10-09T17:32:18.7239541Z  * [new tag]             v0.174.0                -> v0.174.0
2026-10-09T17:32:18.7240807Z  * [new tag]             v0.175.0                -> v0.175.0
2026-10-09T17:32:18.7242208Z  * [new tag]             v0.177.0                -> v0.177.0
2026-10-09T17:32:18.7243489Z  * [new tag]             v0.178.0                -> v0.178.0
2026-10-09T17:32:18.7244760Z  * [new tag]             v0.179.0                -> v0.179.0
2026-10-09T17:32:18.7246011Z  * [new tag]             v0.18.0                 -> v0.18.0
2026-10-09T17:32:18.7247271Z  * [new tag]             v0.180.0                -> v0.180.0
2026-10-09T17:32:18.7248540Z  * [new tag]             v0.181.0                -> v0.181.0
2026-10-09T17:32:18.7249807Z  * [new tag]             v0.182.0                -> v0.182.0
2026-10-09T17:32:18.7251088Z  * [new tag]             v0.183.0                -> v0.183.0
2026-10-09T17:32:18.7252667Z  * [new tag]             v0.184.0                -> v0.184.0
2026-10-09T17:32:18.7253972Z  * [new tag]             v0.185.0                -> v0.185.0
2026-10-09T17:32:18.7255249Z  * [new tag]             v0.186.0                -> v0.186.0
2026-10-09T17:32:18.7256516Z  * [new tag]             v0.187.0                -> v0.187.0
2026-10-09T17:32:18.7257791Z  * [new tag]             v0.188.0                -> v0.188.0
2026-10-09T17:32:18.7259069Z  * [new tag]             v0.189.0                -> v0.189.0
2026-10-09T17:32:18.7260336Z  * [new tag]             v0.19.0                 -> v0.19.0
2026-10-09T17:32:18.7261602Z  * [new tag]             v0.190.0                -> v0.190.0
2026-10-09T17:32:18.7263083Z  * [new tag]             v0.191.0                -> v0.191.0
2026-10-09T17:32:18.7264372Z  * [new tag]             v0.192.0                -> v0.192.0
2026-10-09T17:32:18.7265928Z  * [new tag]             v0.193.0                -> v0.193.0
2026-10-09T17:32:18.7267196Z  * [new tag]             v0.194.0                -> v0.194.0
2026-10-09T17:32:18.7268478Z  * [new tag]             v0.195.0                -> v0.195.0
2026-10-09T17:32:18.7269746Z  * [new tag]             v0.196.0                -> v0.196.0
2026-10-09T17:32:18.7271015Z  * [new tag]             v0.197.0                -> v0.197.0
2026-10-09T17:32:18.7272610Z  * [new tag]             v0.198.0                -> v0.198.0
2026-10-09T17:32:18.7273908Z  * [new tag]             v0.199.0                -> v0.199.0
2026-10-09T17:32:18.7275176Z  * [new tag]             v0.2.0                  -> v0.2.0
2026-10-09T17:32:18.7276439Z  * [new tag]             v0.20.0                 -> v0.20.0
2026-10-09T17:32:18.7277701Z  * [new tag]             v0.200.0                -> v0.200.0
2026-10-09T17:32:18.7278989Z  * [new tag]             v0.201.0                -> v0.201.0
2026-10-09T17:32:18.7280276Z  * [new tag]             v0.202.0                -> v0.202.0
2026-10-09T17:32:18.7281552Z  * [new tag]             v0.203.0                -> v0.203.0
2026-10-09T17:32:18.7283003Z  * [new tag]             v0.204.0                -> v0.204.0
2026-10-09T17:32:18.7284278Z  * [new tag]             v0.206.0                -> v0.206.0
2026-10-09T17:32:18.7285552Z  * [new tag]             v0.208.0                -> v0.208.0
2026-10-09T17:32:18.7286825Z  * [new tag]             v0.209.0                -> v0.209.0
2026-10-09T17:32:18.7288092Z  * [new tag]             v0.21.0                 -> v0.21.0
2026-10-09T17:32:18.7289365Z  * [new tag]             v0.210.0                -> v0.210.0
2026-10-09T17:32:18.7290688Z  * [new tag]             v0.210.1                -> v0.210.1
2026-10-09T17:32:18.7292220Z  * [new tag]             v0.211.0                -> v0.211.0
2026-10-09T17:32:18.7293571Z  * [new tag]             v0.212.0                -> v0.212.0
2026-10-09T17:32:18.7294866Z  * [new tag]             v0.213.0                -> v0.213.0
2026-10-09T17:32:18.7296156Z  * [new tag]             v0.214.0                -> v0.214.0
2026-10-09T17:32:18.7297430Z  * [new tag]             v0.215.0                -> v0.215.0
2026-10-09T17:32:18.7298904Z  * [new tag]             v0.216.0                -> v0.216.0
2026-10-09T17:32:18.7300189Z  * [new tag]             v0.217.0                -> v0.217.0
2026-10-09T17:32:18.7301460Z  * [new tag]             v0.218.0                -> v0.218.0
2026-10-09T17:32:18.7303065Z  * [new tag]             v0.218.1                -> v0.218.1
2026-10-09T17:32:18.7304352Z  * [new tag]             v0.219.0                -> v0.219.0
2026-10-09T17:32:18.7305613Z  * [new tag]             v0.22.0                 -> v0.22.0
2026-10-09T17:32:18.7306872Z  * [new tag]             v0.220.0                -> v0.220.0
2026-10-09T17:32:18.7308158Z  * [new tag]             v0.221.0                -> v0.221.0
2026-10-09T17:32:18.7309438Z  * [new tag]             v0.222.0                -> v0.222.0
2026-10-09T17:32:18.7310726Z  * [new tag]             v0.223.0                -> v0.223.0
2026-10-09T17:32:18.7312150Z  * [new tag]             v0.224.0                -> v0.224.0
2026-10-09T17:32:18.7313483Z  * [new tag]             v0.225.0                -> v0.225.0
2026-10-09T17:32:18.7314780Z  * [new tag]             v0.226.0                -> v0.226.0
2026-10-09T17:32:18.7316051Z  * [new tag]             v0.228.0                -> v0.228.0
2026-10-09T17:32:18.7317334Z  * [new tag]             v0.229.0                -> v0.229.0
2026-10-09T17:32:18.7318590Z  * [new tag]             v0.23.0                 -> v0.23.0
2026-10-09T17:32:18.7319852Z  * [new tag]             v0.230.0                -> v0.230.0
2026-10-09T17:32:18.7321120Z  * [new tag]             v0.232.0                -> v0.232.0
2026-10-09T17:32:18.7322532Z  * [new tag]             v0.233.0                -> v0.233.0
2026-10-09T17:32:18.7323828Z  * [new tag]             v0.234.0                -> v0.234.0
2026-10-09T17:32:18.7325110Z  * [new tag]             v0.235.0                -> v0.235.0
2026-10-09T17:32:18.7326569Z  * [new tag]             v0.236.0                -> v0.236.0
2026-10-09T17:32:18.7327854Z  * [new tag]             v0.237.0                -> v0.237.0
2026-10-09T17:32:18.7329126Z  * [new tag]             v0.238.0                -> v0.238.0
2026-10-09T17:32:18.7330397Z  * [new tag]             v0.239.0                -> v0.239.0
2026-10-09T17:32:18.7331690Z  * [new tag]             v0.24.0                 -> v0.24.0
2026-10-09T17:32:18.7333282Z  * [new tag]             v0.240.0                -> v0.240.0
2026-10-09T17:32:18.7334575Z  * [new tag]             v0.241.0                -> v0.241.0
2026-10-09T17:32:18.7335858Z  * [new tag]             v0.242.0                -> v0.242.0
2026-10-09T17:32:18.7337123Z  * [new tag]             v0.243.0                -> v0.243.0
2026-10-09T17:32:18.7338402Z  * [new tag]             v0.249.0                -> v0.249.0
2026-10-09T17:32:18.7339666Z  * [new tag]             v0.25.0                 -> v0.25.0
2026-10-09T17:32:18.7340972Z  * [new tag]             v0.250.0                -> v0.250.0
2026-10-09T17:32:18.7342404Z  * [new tag]             v0.251.0                -> v0.251.0
2026-10-09T17:32:18.7343705Z  * [new tag]             v0.252.0                -> v0.252.0
2026-10-09T17:32:18.7344999Z  * [new tag]             v0.253.0                -> v0.253.0
2026-10-09T17:32:18.7346279Z  * [new tag]             v0.254.0                -> v0.254.0
2026-10-09T17:32:18.7347570Z  * [new tag]             v0.255.0                -> v0.255.0
2026-10-09T17:32:18.7348861Z  * [new tag]             v0.256.0                -> v0.256.0
2026-10-09T17:32:18.7350144Z  * [new tag]             v0.257.0                -> v0.257.0
2026-10-09T17:32:18.7351422Z  * [new tag]             v0.258.0                -> v0.258.0
2026-10-09T17:32:18.7353033Z  * [new tag]             v0.259.0                -> v0.259.0
2026-10-09T17:32:18.7354316Z  * [new tag]             v0.26.0                 -> v0.26.0
2026-10-09T17:32:18.7355600Z  * [new tag]             v0.260.0                -> v0.260.0
2026-10-09T17:32:18.7356876Z  * [new tag]             v0.261.0                -> v0.261.0
2026-10-09T17:32:18.7358321Z  * [new tag]             v0.262.0                -> v0.262.0
2026-10-09T17:32:18.7359620Z  * [new tag]             v0.263.0                -> v0.263.0
2026-10-09T17:32:18.7360919Z  * [new tag]             v0.264.0                -> v0.264.0
2026-10-09T17:32:18.7362407Z  * [new tag]             v0.265.0                -> v0.265.0
2026-10-09T17:32:18.7363694Z  * [new tag]             v0.266.0                -> v0.266.0
2026-10-09T17:32:18.7364967Z  * [new tag]             v0.267.0                -> v0.267.0
2026-10-09T17:32:18.7366235Z  * [new tag]             v0.268.0                -> v0.268.0
2026-10-09T17:32:18.7367502Z  * [new tag]             v0.269.0                -> v0.269.0
2026-10-09T17:32:18.7368776Z  * [new tag]             v0.270.0                -> v0.270.0
2026-10-09T17:32:18.7370047Z  * [new tag]             v0.271.0                -> v0.271.0
2026-10-09T17:32:18.7371340Z  * [new tag]             v0.272.0                -> v0.272.0
2026-10-09T17:32:18.7372947Z  * [new tag]             v0.272.1                -> v0.272.1
2026-10-09T17:32:18.7374234Z  * [new tag]             v0.273.0                -> v0.273.0
2026-10-09T17:32:18.7375526Z  * [new tag]             v0.273.1                -> v0.273.1
2026-10-09T17:32:18.7376810Z  * [new tag]             v0.274.0                -> v0.274.0
2026-10-09T17:32:18.7378083Z  * [new tag]             v0.275.0                -> v0.275.0
2026-10-09T17:32:18.7379358Z  * [new tag]             v0.276.0                -> v0.276.0
2026-10-09T17:32:18.7380633Z  * [new tag]             v0.277.0                -> v0.277.0
2026-10-09T17:32:18.7381908Z  * [new tag]             v0.278.0                -> v0.278.0
2026-10-09T17:32:18.7383361Z  * [new tag]             v0.279.0                -> v0.279.0
2026-10-09T17:32:18.7384646Z  * [new tag]             v0.28.0                 -> v0.28.0
2026-10-09T17:32:18.7386094Z  * [new tag]             v0.280.0                -> v0.280.0
2026-10-09T17:32:18.7387370Z  * [new tag]             v0.281.0                -> v0.281.0
2026-10-09T17:32:18.7388659Z  * [new tag]             v0.282.0                -> v0.282.0
2026-10-09T17:32:18.7389948Z  * [new tag]             v0.283.0                -> v0.283.0
2026-10-09T17:32:18.7391264Z  * [new tag]             v0.284.0                -> v0.284.0
2026-10-09T17:32:18.7392683Z  * [new tag]             v0.285.0                -> v0.285.0
2026-10-09T17:32:18.7393959Z  * [new tag]             v0.286.0                -> v0.286.0
2026-10-09T17:32:18.7395233Z  * [new tag]             v0.287.0                -> v0.287.0
2026-10-09T17:32:18.7396503Z  * [new tag]             v0.288.0                -> v0.288.0
2026-10-09T17:32:18.7397777Z  * [new tag]             v0.289.0                -> v0.289.0
2026-10-09T17:32:18.7399032Z  * [new tag]             v0.29.0                 -> v0.29.0
2026-10-09T17:32:18.7400307Z  * [new tag]             v0.290.0                -> v0.290.0
2026-10-09T17:32:18.7401576Z  * [new tag]             v0.291.0                -> v0.291.0
2026-10-09T17:32:18.7402991Z  * [new tag]             v0.292.0                -> v0.292.0
2026-10-09T17:32:18.7404273Z  * [new tag]             v0.293.0                -> v0.293.0
2026-10-09T17:32:18.7405553Z  * [new tag]             v0.294.0                -> v0.294.0
2026-10-09T17:32:18.7406827Z  * [new tag]             v0.295.0                -> v0.295.0
2026-10-09T17:32:18.7408107Z  * [new tag]             v0.296.0                -> v0.296.0
2026-10-09T17:32:18.7409394Z  * [new tag]             v0.296.1                -> v0.296.1
2026-10-09T17:32:18.7410678Z  * [new tag]             v0.297.0                -> v0.297.0
2026-10-09T17:32:18.7412213Z  * [new tag]             v0.298.0                -> v0.298.0
2026-10-09T17:32:18.7413532Z  * [new tag]             v0.299.0                -> v0.299.0
2026-10-09T17:32:18.7414812Z  * [new tag]             v0.299.1                -> v0.299.1
2026-10-09T17:32:18.7416091Z  * [new tag]             v0.3.0                  -> v0.3.0
2026-10-09T17:32:18.7417348Z  * [new tag]             v0.30.0                 -> v0.30.0
2026-10-09T17:32:18.7418818Z  * [new tag]             v0.300.0                -> v0.300.0
2026-10-09T17:32:18.7420115Z  * [new tag]             v0.301.0                -> v0.301.0
2026-10-09T17:32:18.7421394Z  * [new tag]             v0.302.0                -> v0.302.0
2026-10-09T17:32:18.7422840Z  * [new tag]             v0.303.0                -> v0.303.0
2026-10-09T17:32:18.7424135Z  * [new tag]             v0.304.0                -> v0.304.0
2026-10-09T17:32:18.7425416Z  * [new tag]             v0.305.0                -> v0.305.0
2026-10-09T17:32:18.7426703Z  * [new tag]             v0.306.0                -> v0.306.0
2026-10-09T17:32:18.7427978Z  * [new tag]             v0.307.0                -> v0.307.0
2026-10-09T17:32:18.7429259Z  * [new tag]             v0.308.0                -> v0.308.0
2026-10-09T17:32:18.7430545Z  * [new tag]             v0.309.0                -> v0.309.0
2026-10-09T17:32:18.7431818Z  * [new tag]             v0.31.0                 -> v0.31.0
2026-10-09T17:32:18.7433387Z  * [new tag]             v0.310.0                -> v0.310.0
2026-10-09T17:32:18.7434689Z  * [new tag]             v0.311.0                -> v0.311.0
2026-10-09T17:32:18.7435963Z  * [new tag]             v0.312.0                -> v0.312.0
2026-10-09T17:32:18.7437265Z  * [new tag]             v0.313.0                -> v0.313.0
2026-10-09T17:32:18.7438537Z  * [new tag]             v0.313.1                -> v0.313.1
2026-10-09T17:32:18.7439816Z  * [new tag]             v0.314.0                -> v0.314.0
2026-10-09T17:32:18.7441090Z  * [new tag]             v0.315.0                -> v0.315.0
2026-10-09T17:32:18.7442511Z  * [new tag]             v0.315.1                -> v0.315.1
2026-10-09T17:32:18.7443797Z  * [new tag]             v0.316.0                -> v0.316.0
2026-10-09T17:32:18.7445068Z  * [new tag]             v0.317.0                -> v0.317.0
2026-10-09T17:32:18.7446557Z  * [new tag]             v0.318.0                -> v0.318.0
2026-10-09T17:32:18.7447839Z  * [new tag]             v0.32.0                 -> v0.32.0
2026-10-09T17:32:18.7449122Z  * [new tag]             v0.321.0                -> v0.321.0
2026-10-09T17:32:18.7450408Z  * [new tag]             v0.322.0                -> v0.322.0
2026-10-09T17:32:18.7451687Z  * [new tag]             v0.323.0                -> v0.323.0
2026-10-09T17:32:18.7453315Z  * [new tag]             v0.325.0                -> v0.325.0
2026-10-09T17:32:18.7454607Z  * [new tag]             v0.327.0                -> v0.327.0
2026-10-09T17:32:18.7455861Z  * [new tag]             v0.33.0                 -> v0.33.0
2026-10-09T17:32:18.7457130Z  * [new tag]             v0.331.0                -> v0.331.0
2026-10-09T17:32:18.7458424Z  * [new tag]             v0.332.0                -> v0.332.0
2026-10-09T17:32:18.7459708Z  * [new tag]             v0.333.0                -> v0.333.0
2026-10-09T17:32:18.7460990Z  * [new tag]             v0.334.0                -> v0.334.0
2026-10-09T17:32:18.7462395Z  * [new tag]             v0.335.0                -> v0.335.0
2026-10-09T17:32:18.7463691Z  * [new tag]             v0.336.0                -> v0.336.0
2026-10-09T17:32:18.7464962Z  * [new tag]             v0.337.0                -> v0.337.0
2026-10-09T17:32:18.7466228Z  * [new tag]             v0.338.0                -> v0.338.0
2026-10-09T17:32:18.7467506Z  * [new tag]             v0.339.0                -> v0.339.0
2026-10-09T17:32:18.7468751Z  * [new tag]             v0.34.0                 -> v0.34.0
2026-10-09T17:32:18.7470003Z  * [new tag]             v0.340.0                -> v0.340.0
2026-10-09T17:32:18.7471277Z  * [new tag]             v0.341.0                -> v0.341.0
2026-10-09T17:32:18.7472693Z  * [new tag]             v0.342.0                -> v0.342.0
2026-10-09T17:32:18.7473975Z  * [new tag]             v0.343.0                -> v0.343.0
2026-10-09T17:32:18.7475254Z  * [new tag]             v0.344.0                -> v0.344.0
2026-10-09T17:32:18.7476516Z  * [new tag]             v0.345.0                -> v0.345.0
2026-10-09T17:32:18.7496025Z  * [new tag]             v0.346.0                -> v0.346.0
2026-10-09T17:32:18.7497372Z  * [new tag]             v0.347.0                -> v0.347.0
2026-10-09T17:32:18.7498652Z  * [new tag]             v0.347.1                -> v0.347.1
2026-10-09T17:32:18.7499926Z  * [new tag]             v0.347.2                -> v0.347.2
2026-10-09T17:32:18.7501192Z  * [new tag]             v0.347.3                -> v0.347.3
2026-10-09T17:32:18.7502663Z  * [new tag]             v0.347.4                -> v0.347.4
2026-10-09T17:32:18.7503920Z  * [new tag]             v0.347.5                -> v0.347.5
2026-10-09T17:32:18.7505162Z  * [new tag]             v0.347.6                -> v0.347.6
2026-10-09T17:32:18.7506395Z  * [new tag]             v0.347.7                -> v0.347.7
2026-10-09T17:32:18.7507645Z  * [new tag]             v0.35.0                 -> v0.35.0
2026-10-09T17:32:18.7508900Z  * [new tag]             v0.350.2                -> v0.350.2
2026-10-09T17:32:18.7510149Z  * [new tag]             v0.351.0                -> v0.351.0
2026-10-09T17:32:18.7511412Z  * [new tag]             v0.352.0                -> v0.352.0
2026-10-09T17:32:18.7512988Z  * [new tag]             v0.353.0                -> v0.353.0
2026-10-09T17:32:18.7514241Z  * [new tag]             v0.354.0                -> v0.354.0
2026-10-09T17:32:18.7515515Z  * [new tag]             v0.355.0                -> v0.355.0
2026-10-09T17:32:18.7516766Z  * [new tag]             v0.356.0                -> v0.356.0
2026-10-09T17:32:18.7518013Z  * [new tag]             v0.357.0                -> v0.357.0
2026-10-09T17:32:18.7519267Z  * [new tag]             v0.358.0                -> v0.358.0
2026-10-09T17:32:18.7520506Z  * [new tag]             v0.359.0                -> v0.359.0
2026-10-09T17:32:18.7521740Z  * [new tag]             v0.36.0                 -> v0.36.0
2026-10-09T17:32:18.7523366Z  * [new tag]             v0.360.0                -> v0.360.0
2026-10-09T17:32:18.7524611Z  * [new tag]             v0.361.0                -> v0.361.0
2026-10-09T17:32:18.7525873Z  * [new tag]             v0.362.0                -> v0.362.0
2026-10-09T17:32:18.7527130Z  * [new tag]             v0.363.0                -> v0.363.0
2026-10-09T17:32:18.7528363Z  * [new tag]             v0.365.0                -> v0.365.0
2026-10-09T17:32:18.7529616Z  * [new tag]             v0.366.0                -> v0.366.0
2026-10-09T17:32:18.7530862Z  * [new tag]             v0.367.0                -> v0.367.0
2026-10-09T17:32:18.7532388Z  * [new tag]             v0.368.0                -> v0.368.0
2026-10-09T17:32:18.7533679Z  * [new tag]             v0.369.0                -> v0.369.0
2026-10-09T17:32:18.7534933Z  * [new tag]             v0.37.0                 -> v0.37.0
2026-10-09T17:32:18.7536173Z  * [new tag]             v0.370.0                -> v0.370.0
2026-10-09T17:32:18.7537419Z  * [new tag]             v0.371.0                -> v0.371.0
2026-10-09T17:32:18.7538670Z  * [new tag]             v0.372.0                -> v0.372.0
2026-10-09T17:32:18.7539930Z  * [new tag]             v0.373.0                -> v0.373.0
2026-10-09T17:32:18.7541178Z  * [new tag]             v0.374.0                -> v0.374.0
2026-10-09T17:32:18.7542592Z  * [new tag]             v0.375.0                -> v0.375.0
2026-10-09T17:32:18.7543841Z  * [new tag]             v0.376.0                -> v0.376.0
2026-10-09T17:32:18.7545133Z  * [new tag]             v0.377.0                -> v0.377.0
2026-10-09T17:32:18.7546384Z  * [new tag]             v0.378.0                -> v0.378.0
2026-10-09T17:32:18.7547635Z  * [new tag]             v0.379.0                -> v0.379.0
2026-10-09T17:32:18.7548865Z  * [new tag]             v0.38.0                 -> v0.38.0
2026-10-09T17:32:18.7550111Z  * [new tag]             v0.380.0                -> v0.380.0
2026-10-09T17:32:18.7551361Z  * [new tag]             v0.381.0                -> v0.381.0
2026-10-09T17:32:18.7552773Z  * [new tag]             v0.384.0                -> v0.384.0
2026-10-09T17:32:18.7554022Z  * [new tag]             v0.385.0                -> v0.385.0
2026-10-09T17:32:18.7555441Z  * [new tag]             v0.386.0                -> v0.386.0
2026-10-09T17:32:18.7556711Z  * [new tag]             v0.387.0                -> v0.387.0
2026-10-09T17:32:18.7557957Z  * [new tag]             v0.388.0                -> v0.388.0
2026-10-09T17:32:18.7559198Z  * [new tag]             v0.389.0                -> v0.389.0
2026-10-09T17:32:18.7560432Z  * [new tag]             v0.39.0                 -> v0.39.0
2026-10-09T17:32:18.7561670Z  * [new tag]             v0.390.0                -> v0.390.0
2026-10-09T17:32:18.7563077Z  * [new tag]             v0.391.0                -> v0.391.0
2026-10-09T17:32:18.7564314Z  * [new tag]             v0.4.0                  -> v0.4.0
2026-10-09T17:32:18.7565530Z  * [new tag]             v0.40.0                 -> v0.40.0
2026-10-09T17:32:18.7566771Z  * [new tag]             v0.404.11               -> v0.404.11
2026-10-09T17:32:18.7568017Z  * [new tag]             v0.404.12               -> v0.404.12
2026-10-09T17:32:18.7569293Z  * [new tag]             v0.404.13               -> v0.404.13
2026-10-09T17:32:18.7570539Z  * [new tag]             v0.404.14               -> v0.404.14
2026-10-09T17:32:18.7571786Z  * [new tag]             v0.404.8                -> v0.404.8
2026-10-09T17:32:18.7573346Z  * [new tag]             v0.404.9                -> v0.404.9
2026-10-09T17:32:18.7574609Z  * [new tag]             v0.405.0                -> v0.405.0
2026-10-09T17:32:18.7575866Z  * [new tag]             v0.406.0                -> v0.406.0
2026-10-09T17:32:18.7577119Z  * [new tag]             v0.407.0                -> v0.407.0
2026-10-09T17:32:18.7578364Z  * [new tag]             v0.408.0                -> v0.408.0
2026-10-09T17:32:18.7579604Z  * [new tag]             v0.409.0                -> v0.409.0
2026-10-09T17:32:18.7580834Z  * [new tag]             v0.41.0                 -> v0.41.0
2026-10-09T17:32:18.7582403Z  * [new tag]             v0.412.0                -> v0.412.0
2026-10-09T17:32:18.7583682Z  * [new tag]             v0.413.0                -> v0.413.0
2026-10-09T17:32:18.7584962Z  * [new tag]             v0.414.0                -> v0.414.0
2026-10-09T17:32:18.7586218Z  * [new tag]             v0.415.0                -> v0.415.0
2026-10-09T17:32:18.7587461Z  * [new tag]             v0.416.0                -> v0.416.0
2026-10-09T17:32:18.7588710Z  * [new tag]             v0.417.0                -> v0.417.0
2026-10-09T17:32:18.7589952Z  * [new tag]             v0.418.0                -> v0.418.0
2026-10-09T17:32:18.7591264Z  * [new tag]             v0.419.0                -> v0.419.0
2026-10-09T17:32:18.7592824Z  * [new tag]             v0.42.0                 -> v0.42.0
2026-10-09T17:32:18.7594068Z  * [new tag]             v0.420.0                -> v0.420.0
2026-10-09T17:32:18.7595314Z  * [new tag]             v0.421.0                -> v0.421.0
2026-10-09T17:32:18.7596575Z  * [new tag]             v0.422.0                -> v0.422.0
2026-10-09T17:32:18.7597832Z  * [new tag]             v0.423.0                -> v0.423.0
2026-10-09T17:32:18.7599116Z  * [new tag]             v0.423.1                -> v0.423.1
2026-10-09T17:32:18.7600364Z  * [new tag]             v0.423.2                -> v0.423.2
2026-10-09T17:32:18.7601619Z  * [new tag]             v0.424.0                -> v0.424.0
2026-10-09T17:32:18.7603028Z  * [new tag]             v0.424.1                -> v0.424.1
2026-10-09T17:32:18.7604291Z  * [new tag]             v0.424.10               -> v0.424.10
2026-10-09T17:32:18.7605560Z  * [new tag]             v0.424.11               -> v0.424.11
2026-10-09T17:32:18.7606810Z  * [new tag]             v0.424.2                -> v0.424.2
2026-10-09T17:32:18.7608052Z  * [new tag]             v0.424.3                -> v0.424.3
2026-10-09T17:32:18.7609290Z  * [new tag]             v0.424.4                -> v0.424.4
2026-10-09T17:32:18.7610525Z  * [new tag]             v0.424.5                -> v0.424.5
2026-10-09T17:32:18.7611795Z  * [new tag]             v0.424.6                -> v0.424.6
2026-10-09T17:32:18.7613636Z  * [new tag]             v0.424.7                -> v0.424.7
2026-10-09T17:32:18.7614923Z  * [new tag]             v0.424.8                -> v0.424.8
2026-10-09T17:32:18.7616171Z  * [new tag]             v0.424.9                -> v0.424.9
2026-10-09T17:32:18.7617423Z  * [new tag]             v0.425.1                -> v0.425.1
2026-10-09T17:32:18.7618660Z  * [new tag]             v0.426.0                -> v0.426.0
2026-10-09T17:32:18.7619911Z  * [new tag]             v0.426.1                -> v0.426.1
2026-10-09T17:32:18.7621215Z  * [new tag]             v0.426.2                -> v0.426.2
2026-10-09T17:32:18.7622658Z  * [new tag]             v0.426.3                -> v0.426.3
2026-10-09T17:32:18.7623902Z  * [new tag]             v0.427.0                -> v0.427.0
2026-10-09T17:32:18.7625133Z  * [new tag]             v0.428.0                -> v0.428.0
2026-10-09T17:32:18.7626390Z  * [new tag]             v0.428.1                -> v0.428.1
2026-10-09T17:32:18.7627638Z  * [new tag]             v0.429.0                -> v0.429.0
2026-10-09T17:32:18.7628882Z  * [new tag]             v0.429.1                -> v0.429.1
2026-10-09T17:32:18.7630118Z  * [new tag]             v0.429.2                -> v0.429.2
2026-10-09T17:32:18.7631348Z  * [new tag]             v0.43.0                 -> v0.43.0
2026-10-09T17:32:18.7632737Z  * [new tag]             v0.430.1                -> v0.430.1
2026-10-09T17:32:18.7634036Z  * [new tag]             v0.431.0                -> v0.431.0
2026-10-09T17:32:18.7635289Z  * [new tag]             v0.432.0                -> v0.432.0
2026-10-09T17:32:18.7636535Z  * [new tag]             v0.433.0                -> v0.433.0
2026-10-09T17:32:18.7637779Z  * [new tag]             v0.434.0                -> v0.434.0
2026-10-09T17:32:18.7639030Z  * [new tag]             v0.435.0                -> v0.435.0
2026-10-09T17:32:18.7640454Z  * [new tag]             v0.44.0                 -> v0.44.0
2026-10-09T17:32:18.7641688Z  * [new tag]             v0.45.0                 -> v0.45.0
2026-10-09T17:32:18.7643080Z  * [new tag]             v0.46.0                 -> v0.46.0
2026-10-09T17:32:18.7644318Z  * [new tag]             v0.47.0                 -> v0.47.0
2026-10-09T17:32:18.7645542Z  * [new tag]             v0.48.0                 -> v0.48.0
2026-10-09T17:32:18.7646769Z  * [new tag]             v0.49.0                 -> v0.49.0
2026-10-09T17:32:18.7647996Z  * [new tag]             v0.5.0                  -> v0.5.0
2026-10-09T17:32:18.7649199Z  * [new tag]             v0.50.0                 -> v0.50.0
2026-10-09T17:32:18.7650425Z  * [new tag]             v0.51.0                 -> v0.51.0
2026-10-09T17:32:18.7651651Z  * [new tag]             v0.52.0                 -> v0.52.0
2026-10-09T17:32:18.7653175Z  * [new tag]             v0.53.0                 -> v0.53.0
2026-10-09T17:32:18.7654410Z  * [new tag]             v0.54.0                 -> v0.54.0
2026-10-09T17:32:18.7655653Z  * [new tag]             v0.55.0                 -> v0.55.0
2026-10-09T17:32:18.7656880Z  * [new tag]             v0.56.0                 -> v0.56.0
2026-10-09T17:32:18.7658108Z  * [new tag]             v0.57.0                 -> v0.57.0
2026-10-09T17:32:18.7659330Z  * [new tag]             v0.58.0                 -> v0.58.0
2026-10-09T17:32:18.7660549Z  * [new tag]             v0.59.0                 -> v0.59.0
2026-10-09T17:32:18.7661765Z  * [new tag]             v0.6.0                  -> v0.6.0
2026-10-09T17:32:18.7663146Z  * [new tag]             v0.60.0                 -> v0.60.0
2026-10-09T17:32:18.7664382Z  * [new tag]             v0.61.0                 -> v0.61.0
2026-10-09T17:32:18.7665605Z  * [new tag]             v0.62.0                 -> v0.62.0
2026-10-09T17:32:18.7666820Z  * [new tag]             v0.63.0                 -> v0.63.0
2026-10-09T17:32:18.7668034Z  * [new tag]             v0.64.0                 -> v0.64.0
2026-10-09T17:32:18.7669270Z  * [new tag]             v0.65.0                 -> v0.65.0
2026-10-09T17:32:18.7670500Z  * [new tag]             v0.66.0                 -> v0.66.0
2026-10-09T17:32:18.7671880Z  * [new tag]             v0.67.0                 -> v0.67.0
2026-10-09T17:32:18.7673419Z  * [new tag]             v0.68.0                 -> v0.68.0
2026-10-09T17:32:18.7674650Z  * [new tag]             v0.69.0                 -> v0.69.0
2026-10-09T17:32:18.7675875Z  * [new tag]             v0.7.0                  -> v0.7.0
2026-10-09T17:32:18.7677093Z  * [new tag]             v0.70.0                 -> v0.70.0
2026-10-09T17:32:18.7678309Z  * [new tag]             v0.71.0                 -> v0.71.0
2026-10-09T17:32:18.7679525Z  * [new tag]             v0.72.0                 -> v0.72.0
2026-10-09T17:32:18.7680737Z  * [new tag]             v0.73.0                 -> v0.73.0
2026-10-09T17:32:18.7682099Z  * [new tag]             v0.74.0                 -> v0.74.0
2026-10-09T17:32:18.7683349Z  * [new tag]             v0.75.0                 -> v0.75.0
2026-10-09T17:32:18.7684586Z  * [new tag]             v0.76.0                 -> v0.76.0
2026-10-09T17:32:18.7685813Z  * [new tag]             v0.77.0                 -> v0.77.0
2026-10-09T17:32:18.7687051Z  * [new tag]             v0.78.0                 -> v0.78.0
2026-10-09T17:32:18.7688278Z  * [new tag]             v0.79.0                 -> v0.79.0
2026-10-09T17:32:18.7689495Z  * [new tag]             v0.8.0                  -> v0.8.0
2026-10-09T17:32:18.7690748Z  * [new tag]             v0.80.0                 -> v0.80.0
2026-10-09T17:32:18.7692243Z  * [new tag]             v0.81.0                 -> v0.81.0
2026-10-09T17:32:18.7693545Z  * [new tag]             v0.82.0                 -> v0.82.0
2026-10-09T17:32:18.7694777Z  * [new tag]             v0.83.0                 -> v0.83.0
2026-10-09T17:32:18.7696005Z  * [new tag]             v0.84.0                 -> v0.84.0
2026-10-09T17:32:18.7697253Z  * [new tag]             v0.85.0                 -> v0.85.0
2026-10-09T17:32:18.7698668Z  * [new tag]             v0.86.0                 -> v0.86.0
2026-10-09T17:32:18.7699902Z  * [new tag]             v0.87.0                 -> v0.87.0
2026-10-09T17:32:18.7701153Z  * [new tag]             v0.88.0                 -> v0.88.0
2026-10-09T17:32:18.7702569Z  * [new tag]             v0.89.0                 -> v0.89.0
2026-10-09T17:32:18.7703799Z  * [new tag]             v0.9.0                  -> v0.9.0
2026-10-09T17:32:18.7705092Z  * [new tag]             v0.9.0-alpha            -> v0.9.0-alpha
2026-10-09T17:32:18.7706381Z  * [new tag]             v0.90.0                 -> v0.90.0
2026-10-09T17:32:18.7707622Z  * [new tag]             v0.91.0                 -> v0.91.0
2026-10-09T17:32:18.7708852Z  * [new tag]             v0.92.0                 -> v0.92.0
2026-10-09T17:32:18.7710079Z  * [new tag]             v0.93.0                 -> v0.93.0
2026-10-09T17:32:18.7711322Z  * [new tag]             v0.94.0                 -> v0.94.0
2026-10-09T17:32:18.7712687Z  * [new tag]             v0.95.0                 -> v0.95.0
2026-10-09T17:32:18.7713940Z  * [new tag]             v0.96.0                 -> v0.96.0
2026-10-09T17:32:18.7715165Z  * [new tag]             v0.97.0                 -> v0.97.0
2026-10-09T17:32:18.7718388Z [command]/usr/bin/git rev-parse --verify --quiet fbb31120ae0c6213f4d3ed2dbead67321e5a39a3^{object}
2026-10-09T17:32:18.7720153Z fbb31120ae0c6213f4d3ed2dbead67321e5a39a3
2026-10-09T17:32:18.7722915Z ##[endgroup]
2026-10-09T17:32:18.7724287Z ##[group]Determining the checkout info
2026-10-09T17:32:18.7725794Z ##[endgroup]
2026-10-09T17:32:18.7726692Z [command]/usr/bin/git sparse-checkout disable
2026-10-09T17:32:18.7729303Z [command]/usr/bin/git config --local --unset-all extensions.worktreeConfig
2026-10-09T17:32:18.7732577Z ##[group]Checking out the ref
2026-10-09T17:32:18.7734116Z [command]/usr/bin/git checkout --progress --force fbb31120ae0c6213f4d3ed2dbead67321e5a39a3
2026-10-09T17:32:19.6516780Z Updating files:  53% (14322/26549)
2026-10-09T17:32:19.6672657Z Updating files:  54% (14337/26549)
2026-10-09T17:32:19.6827775Z Updating files:  55% (14602/26549)
2026-10-09T17:32:19.6982677Z Updating files:  56% (14868/26549)
2026-10-09T17:32:19.7138542Z Updating files:  57% (15133/26549)
2026-10-09T17:32:19.7302941Z Updating files:  58% (15399/26549)
2026-10-09T17:32:19.7455916Z Updating files:  59% (15664/26549)
2026-10-09T17:32:19.7613540Z Updating files:  60% (15930/26549)
2026-10-09T17:32:19.7755275Z Updating files:  61% (16195/26549)
2026-10-09T17:32:19.7908039Z Updating files:  62% (16461/26549)
2026-10-09T17:32:19.8051264Z Updating files:  63% (16726/26549)
2026-10-09T17:32:19.8199253Z Updating files:  64% (16992/26549)
2026-10-09T17:32:19.8470452Z Updating files:  65% (17257/26549)
2026-10-09T17:32:19.8648894Z Updating files:  66% (17523/26549)
2026-10-09T17:32:19.8787134Z Updating files:  67% (17788/26549)
2026-10-09T17:32:19.8967462Z Updating files:  68% (18054/26549)
2026-10-09T17:32:19.9106138Z Updating files:  69% (18319/26549)
2026-10-09T17:32:19.9268787Z Updating files:  70% (18585/26549)
2026-10-09T17:32:19.9450119Z Updating files:  71% (18850/26549)
2026-10-09T17:32:19.9593079Z Updating files:  72% (19116/26549)
2026-10-09T17:32:19.9755866Z Updating files:  73% (19381/26549)
2026-10-09T17:32:20.0006382Z Updating files:  74% (19647/26549)
2026-10-09T17:32:20.0117049Z Updating files:  75% (19912/26549)
2026-10-09T17:32:20.0225334Z Updating files:  76% (20178/26549)
2026-10-09T17:32:20.0337794Z Updating files:  77% (20443/26549)
2026-10-09T17:32:20.0473477Z Updating files:  78% (20709/26549)
2026-10-09T17:32:20.0628779Z Updating files:  79% (20974/26549)
2026-10-09T17:32:20.0787847Z Updating files:  80% (21240/26549)
2026-10-09T17:32:20.0986153Z Updating files:  81% (21505/26549)
2026-10-09T17:32:20.1131754Z Updating files:  82% (21771/26549)
2026-10-09T17:32:20.1280885Z Updating files:  83% (22036/26549)
2026-10-09T17:32:20.1450170Z Updating files:  84% (22302/26549)
2026-10-09T17:32:20.1580953Z Updating files:  85% (22567/26549)
2026-10-09T17:32:20.1749911Z Updating files:  86% (22833/26549)
2026-10-09T17:32:20.1976268Z Updating files:  87% (23098/26549)
2026-10-09T17:32:20.2165494Z Updating files:  88% (23364/26549)
2026-10-09T17:32:20.2358832Z Updating files:  89% (23629/26549)
2026-10-09T17:32:20.2810504Z Updating files:  90% (23895/26549)
2026-10-09T17:32:20.2944671Z Updating files:  91% (24160/26549)
2026-10-09T17:32:20.3127883Z Updating files:  92% (24426/26549)
2026-10-09T17:32:20.3317382Z Updating files:  93% (24691/26549)
2026-10-09T17:32:20.3491859Z Updating files:  94% (24957/26549)
2026-10-09T17:32:20.3672600Z Updating files:  95% (25222/26549)
2026-10-09T17:32:20.3876909Z Updating files:  96% (25488/26549)
2026-10-09T17:32:20.4089013Z Updating files:  97% (25753/26549)
2026-10-09T17:32:20.4298526Z Updating files:  98% (26019/26549)
2026-10-09T17:32:20.4515688Z Updating files:  99% (26284/26549)
2026-10-09T17:32:20.4516548Z Updating files: 100% (26549/26549)
2026-10-09T17:32:20.4517028Z Updating files: 100% (26549/26549), done.
2026-10-09T17:32:20.4861594Z Note: switching to 'fbb31120ae0c6213f4d3ed2dbead67321e5a39a3'.
2026-10-09T17:32:20.4862531Z 
2026-10-09T17:32:20.4862848Z You are in 'detached HEAD' state. You can look around, make experimental
2026-10-09T17:32:20.4863649Z changes and commit them, and you can discard any commits you make in this
2026-10-09T17:32:20.4864402Z state without impacting any branches by switching back to a branch.
2026-10-09T17:32:20.4864831Z 
2026-10-09T17:32:20.4865142Z If you want to create a new branch to retain commits you create, you may
2026-10-09T17:32:20.4865870Z do so (now or later) by using -c with the switch command. Example:
2026-10-09T17:32:20.4866274Z 
2026-10-09T17:32:20.4866466Z   git switch -c <new-branch-name>
2026-10-09T17:32:20.4866754Z 
2026-10-09T17:32:20.4866943Z Or undo this operation with:
2026-10-09T17:32:20.4867206Z 
2026-10-09T17:32:20.4867380Z   git switch -
2026-10-09T17:32:20.4867596Z 
2026-10-09T17:32:20.4867936Z Turn off this advice by setting config variable advice.detachedHead to false
2026-10-09T17:32:20.4868753Z 
2026-10-09T17:32:20.4869170Z HEAD is now at fbb31120a fix(patina): enable no-with-defaults in opinionated (#8340)
2026-10-09T17:32:20.4940913Z ##[endgroup]
2026-10-09T17:32:20.4992320Z [command]/usr/bin/git log -1 --format=%H
2026-10-09T17:32:20.5022784Z fbb31120ae0c6213f4d3ed2dbead67321e5a39a3
2026-10-09T17:32:20.5053116Z ##[group]Removing auth
2026-10-09T17:32:20.5053972Z Removing SSH command configuration
2026-10-09T17:32:20.5054923Z [command]/usr/bin/git config --local --name-only --get-regexp core\.sshCommand
2026-10-09T17:32:20.5077674Z [command]/usr/bin/git submodule foreach --recursive sh -c "git config --local --name-only --get-regexp 'core\.sshCommand' && git config --local --unset-all 'core.sshCommand' || :"
2026-10-09T17:32:20.5355338Z Removing HTTP extra header
2026-10-09T17:32:20.5361806Z [command]/usr/bin/git config --local --name-only --get-regexp http\.https\:\/\/github\.com\/\.extraheader
2026-10-09T17:32:20.5411375Z [command]/usr/bin/git submodule foreach --recursive sh -c "git config --local --name-only --get-regexp 'http\.https\:\/\/github\.com\/\.extraheader' && git config --local --unset-all 'http.https://github.com/.extraheader' || :"
2026-10-09T17:32:20.5693980Z Removing includeIf entries pointing to credentials config files
2026-10-09T17:32:20.5698148Z [command]/usr/bin/git config --local --name-only --get-regexp ^includeIf\.gitdir:
2026-10-09T17:32:20.5741302Z includeif.gitdir:/home/runner/work/vize/vize/.git.path
2026-10-09T17:32:20.5754039Z includeif.gitdir:/home/runner/work/vize/vize/.git/worktrees/*.path
2026-10-09T17:32:20.5754726Z includeif.gitdir:/github/workspace/.git.path
2026-10-09T17:32:20.5755359Z includeif.gitdir:/github/workspace/.git/worktrees/*.path
2026-10-09T17:32:20.5757343Z [command]/usr/bin/git config --local --get-all includeif.gitdir:/home/runner/work/vize/vize/.git.path
2026-10-09T17:32:20.5786918Z /home/runner/work/_temp/git-credentials-354f03b0-a7bb-4f0a-9be8-d0820c0e4292.config
2026-10-09T17:32:20.5802269Z [command]/usr/bin/git config --local --unset includeif.gitdir:/home/runner/work/vize/vize/.git.path /home/runner/work/_temp/git-credentials-354f03b0-a7bb-4f0a-9be8-d0820c0e4292.config
2026-10-09T17:32:20.5863860Z [command]/usr/bin/git config --local --get-all includeif.gitdir:/home/runner/work/vize/vize/.git/worktrees/*.path
2026-10-09T17:32:20.5895249Z /home/runner/work/_temp/git-credentials-354f03b0-a7bb-4f0a-9be8-d0820c0e4292.config
2026-10-09T17:32:20.5905485Z [command]/usr/bin/git config --local --unset includeif.gitdir:/home/runner/work/vize/vize/.git/worktrees/*.path /home/runner/work/_temp/git-credentials-354f03b0-a7bb-4f0a-9be8-d0820c0e4292.config
2026-10-09T17:32:20.5964421Z [command]/usr/bin/git config --local --get-all includeif.gitdir:/github/workspace/.git.path
2026-10-09T17:32:20.6015641Z /github/runner_temp/git-credentials-354f03b0-a7bb-4f0a-9be8-d0820c0e4292.config
2026-10-09T17:32:20.6033321Z [command]/usr/bin/git config --local --unset includeif.gitdir:/github/workspace/.git.path /github/runner_temp/git-credentials-354f03b0-a7bb-4f0a-9be8-d0820c0e4292.config
2026-10-09T17:32:20.6085596Z [command]/usr/bin/git config --local --get-all includeif.gitdir:/github/workspace/.git/worktrees/*.path
2026-10-09T17:32:20.6108303Z /github/runner_temp/git-credentials-354f03b0-a7bb-4f0a-9be8-d0820c0e4292.config
2026-10-09T17:32:20.6129711Z [command]/usr/bin/git config --local --unset includeif.gitdir:/github/workspace/.git/worktrees/*.path /github/runner_temp/git-credentials-354f03b0-a7bb-4f0a-9be8-d0820c0e4292.config
2026-10-09T17:32:20.6162830Z [command]/usr/bin/git submodule foreach --recursive git config --local --show-origin --name-only --get-regexp remote.origin.url
2026-10-09T17:32:20.6477345Z Removing credentials config '/home/runner/work/_temp/git-credentials-354f03b0-a7bb-4f0a-9be8-d0820c0e4292.config'
2026-10-09T17:32:20.6500230Z ##[endgroup]
2026-10-09T17:32:20.6804519Z ##[group]Run voidzero-dev/setup-vp@ca1c46663915d6c1042ae23bd39ab85718bfb0fa
2026-10-09T17:32:20.6805237Z with:
2026-10-09T17:32:20.6805614Z   node-version-file: package.json
2026-10-09T17:32:20.6806101Z   run-install: false
2026-10-09T17:32:20.6806497Z   version: latest
2026-10-09T17:32:20.6806861Z   cache: false
2026-10-09T17:32:20.6807211Z env:
2026-10-09T17:32:20.6807588Z   FORCE_JAVASCRIPT_ACTIONS_TO_NODE24: true
2026-10-09T17:32:20.6808090Z ##[endgroup]
2026-10-09T17:32:20.8204054Z Resolved Node.js version '24.14.0' from package.json
2026-10-09T17:32:20.8213631Z Installing Vite+@latest...
2026-10-09T17:32:20.8273438Z [command]/usr/bin/bash -c set -o pipefail; curl -fsSL --connect-timeout 5 --max-time 15 https://viteplus.dev/install.sh | bash
2026-10-09T17:32:21.8266289Z info: installing vite-plus@1.1.0...
2026-10-09T17:32:21.8269297Z info: Preparing Node.js and pnpm...
2026-10-09T17:32:23.2561804Z info: Installing dependencies...
2026-10-09T17:32:25.5550831Z ✓ Dependencies installed.
2026-10-09T17:32:25.5570149Z Setup:
2026-10-09T17:32:25.5570855Z   Preparing vite-plus environment.
2026-10-09T17:32:25.5571189Z 
2026-10-09T17:32:25.5613031Z Created Shims:
2026-10-09T17:32:25.5613757Z   /home/runner/.vite-plus/bin/node
2026-10-09T17:32:25.5614929Z   /home/runner/.vite-plus/bin/npm
2026-10-09T17:32:25.5615484Z   /home/runner/.vite-plus/bin/npx
2026-10-09T17:32:25.5615887Z   /home/runner/.vite-plus/bin/pnpm
2026-10-09T17:32:25.5616386Z   /home/runner/.vite-plus/bin/pnpx
2026-10-09T17:32:25.5616867Z   /home/runner/.vite-plus/bin/pn
2026-10-09T17:32:25.5617357Z   /home/runner/.vite-plus/bin/pnx
2026-10-09T17:32:25.5617835Z   /home/runner/.vite-plus/bin/yarn
2026-10-09T17:32:25.5618345Z   /home/runner/.vite-plus/bin/yarnpkg
2026-10-09T17:32:25.5618872Z   /home/runner/.vite-plus/bin/bun
2026-10-09T17:32:25.5619367Z   /home/runner/.vite-plus/bin/bunx
2026-10-09T17:32:25.5619848Z   /home/runner/.vite-plus/bin/vpx
2026-10-09T17:32:25.5620309Z   /home/runner/.vite-plus/bin/vpr
2026-10-09T17:32:25.5620520Z 
2026-10-09T17:32:25.5620640Z Next Steps:
2026-10-09T17:32:25.5620881Z   For Bash, run:
2026-10-09T17:32:25.5621146Z   . "/home/runner/.vite-plus/env"
2026-10-09T17:32:25.5621353Z 
2026-10-09T17:32:25.5623054Z   If your ~/.bashrc does not already load Vite+, add this command for interactive non-login Bash sessions.
2026-10-09T17:32:25.5624109Z   Login Bash shells must also load the command through their login profile.
2026-10-09T17:32:25.5624642Z 
2026-10-09T17:32:25.5625069Z   Restart an already-running IDE to load its environment. Run `vp env doctor` to verify.
2026-10-09T17:32:25.5626070Z ✓ Vite+ setup complete.
2026-10-09T17:32:25.5706881Z Setting up Node.js 24.14.0 via vp env use...
2026-10-09T17:32:25.5720947Z [command]/home/runner/.vite-plus/bin/vp env use 24.14.0
2026-10-09T17:32:25.5771244Z Installing Node.js v24.14.0...
2026-10-09T17:32:26.7605607Z Using Node.js v24.14.0 (resolved from 24.14.0)
2026-10-09T17:32:26.7700100Z vp v1.1.0
2026-10-09T17:32:26.7700380Z 
2026-10-09T17:32:26.7700582Z Local vite-plus:
2026-10-09T17:32:26.7701001Z   vite-plus  Not found
2026-10-09T17:32:26.7701272Z 
2026-10-09T17:32:26.7701411Z Tools:
2026-10-09T17:32:26.7701757Z   vite             Not found
2026-10-09T17:32:26.7702516Z   rolldown         Not found
2026-10-09T17:32:26.7702945Z   vitest           Not found
2026-10-09T17:32:26.7703364Z   oxfmt            Not found
2026-10-09T17:32:26.7703779Z   oxlint           Not found
2026-10-09T17:32:26.7704205Z   oxlint-tsgolint  Not found
2026-10-09T17:32:26.7704627Z   tsdown           Not found
2026-10-09T17:32:26.7704900Z 
2026-10-09T17:32:26.7705047Z Environment:
2026-10-09T17:32:26.7705436Z   Package manager  pnpm v12.1.0
2026-10-09T17:32:26.7705952Z   Node.js          v24.14.0 (.session-node-version)
2026-10-09T17:32:26.8011346Z ##[group]Run dtolnay/rust-toolchain@02cb101ec7c40f2c49e1d9714d64511d8e1b74de
2026-10-09T17:32:26.8011789Z with:
2026-10-09T17:32:26.8012184Z   toolchain: 1.99.0
2026-10-09T17:32:26.8012407Z env:
2026-10-09T17:32:26.8012637Z   FORCE_JAVASCRIPT_ACTIONS_TO_NODE24: true
2026-10-09T17:32:26.8012923Z ##[endgroup]
2026-10-09T17:32:26.8081146Z ##[start-action display=Parse toolchain version;id=__dtolnay_rust-toolchain.parse]
2026-10-09T17:32:26.8207759Z ##[group]Run if [[ -z $toolchain ]]; then
2026-10-09T17:32:26.8208207Z [36;1mif [[ -z $toolchain ]]; then[0m
2026-10-09T17:32:26.8208793Z [36;1m  # GitHub does not enforce `required: true` inputs itself. https://github.com/actions/runner/issues/1070[0m
2026-10-09T17:32:26.8209368Z [36;1m  echo "'toolchain' is a required input" >&2[0m
2026-10-09T17:32:26.8209690Z [36;1m  exit 1[0m
2026-10-09T17:32:26.8210054Z [36;1melif [[ $toolchain =~ ^stable' '[0-9]+' '(year|month|week|day)s?' 'ago$ ]]; then[0m
2026-10-09T17:32:26.8210541Z [36;1m  if [[ Linux == macOS ]]; then[0m
2026-10-09T17:32:26.8211094Z [36;1m    echo "toolchain=1.$((($(date -v-$(sed 's/stable \([0-9]*\) \(.\).*/\1\2/' <<< $toolchain) +%s)/60/60/24-16569)/7/6))" >> $GITHUB_OUTPUT[0m
2026-10-09T17:32:26.8211624Z [36;1m  else[0m
2026-10-09T17:32:26.8212428Z [36;1m    echo "toolchain=1.$((($(date --date "${toolchain#stable }" +%s)/60/60/24-16569)/7/6))" >> $GITHUB_OUTPUT[0m
2026-10-09T17:32:26.8212940Z [36;1m  fi[0m
2026-10-09T17:32:26.8213268Z [36;1melif [[ $toolchain =~ ^stable' 'minus' '[0-9]+' 'releases?$ ]]; then[0m
2026-10-09T17:32:26.8213816Z [36;1m  echo "toolchain=1.$((($(date +%s)/60/60/24-16569)/7/6-${toolchain//[^0-9]/}))" >> $GITHUB_OUTPUT[0m
2026-10-09T17:32:26.8214291Z [36;1melif [[ $toolchain =~ ^1\.[0-9]+$ ]]; then[0m
2026-10-09T17:32:26.8214827Z [36;1m  echo "toolchain=1.$((i=${toolchain#1.}, c=($(date +%s)/60/60/24-16569)/7/6, i+9*i*(10*i<=c)+90*i*(100*i<=c)))" >> $GITHUB_OUTPUT[0m
2026-10-09T17:32:26.8215348Z [36;1melse[0m
2026-10-09T17:32:26.8215607Z [36;1m  echo "toolchain=$toolchain" >> $GITHUB_OUTPUT[0m
2026-10-09T17:32:26.8215906Z [36;1mfi[0m
2026-10-09T17:32:26.8476661Z shell: /usr/bin/bash --noprofile --norc -e -o pipefail {0}
2026-10-09T17:32:26.8477196Z env:
2026-10-09T17:32:26.8477519Z   FORCE_JAVASCRIPT_ACTIONS_TO_NODE24: true
2026-10-09T17:32:26.8477935Z   toolchain: 1.99.0
2026-10-09T17:32:26.8478238Z ##[endgroup]
2026-10-09T17:32:26.8642379Z ##[end-action id=__dtolnay_rust-toolchain.parse;outcome=success;conclusion=success;duration_ms=55]
2026-10-09T17:32:26.8660937Z ##[start-action display=Construct rustup command line;id=__dtolnay_rust-toolchain.flags]
2026-10-09T17:32:26.8703817Z ##[group]Run echo "targets=$(for t in ${targets//,/ }; do echo -n ' --target' $t; done)" >> $GITHUB_OUTPUT
2026-10-09T17:32:26.8704965Z [36;1mecho "targets=$(for t in ${targets//,/ }; do echo -n ' --target' $t; done)" >> $GITHUB_OUTPUT[0m
2026-10-09T17:32:26.8706122Z [36;1mecho "components=$(for c in ${components//,/ }; do echo -n ' --component' $c; done)" >> $GITHUB_OUTPUT[0m
2026-10-09T17:32:26.8707016Z [36;1mecho "downgrade=" >> $GITHUB_OUTPUT[0m
2026-10-09T17:32:26.8792943Z shell: /usr/bin/bash --noprofile --norc -e -o pipefail {0}
2026-10-09T17:32:26.8793434Z env:
2026-10-09T17:32:26.8793723Z   FORCE_JAVASCRIPT_ACTIONS_TO_NODE24: true
2026-10-09T17:32:26.8794097Z   targets: 
2026-10-09T17:32:26.8794343Z   components: 
2026-10-09T17:32:26.8794604Z ##[endgroup]
2026-10-09T17:32:26.8909257Z ##[end-action id=__dtolnay_rust-toolchain.flags;outcome=success;conclusion=success;duration_ms=24]
2026-10-09T17:32:26.8913323Z ##[start-action display=Set $CARGO_HOME;id=__dtolnay_rust-toolchain.__run]
2026-10-09T17:32:26.8944101Z ##[group]Run echo CARGO_HOME=${CARGO_HOME:-"$HOME/.cargo"} >> $GITHUB_ENV
2026-10-09T17:32:26.8944964Z [36;1mecho CARGO_HOME=${CARGO_HOME:-"$HOME/.cargo"} >> $GITHUB_ENV[0m
2026-10-09T17:32:26.9032799Z shell: /usr/bin/bash --noprofile --norc -e -o pipefail {0}
2026-10-09T17:32:26.9033379Z env:
2026-10-09T17:32:26.9034038Z   FORCE_JAVASCRIPT_ACTIONS_TO_NODE24: true
2026-10-09T17:32:26.9034532Z ##[endgroup]
2026-10-09T17:32:26.9166997Z ##[end-action id=__dtolnay_rust-toolchain.__run;outcome=success;conclusion=success;duration_ms=25]
2026-10-09T17:32:26.9170778Z ##[start-action display=Install rustup if needed;id=__dtolnay_rust-toolchain.__run_2]
2026-10-09T17:32:26.9210161Z ##[group]Run if ! command -v rustup &>/dev/null; then
2026-10-09T17:32:26.9210784Z [36;1mif ! command -v rustup &>/dev/null; then[0m
2026-10-09T17:32:26.9212383Z [36;1m  curl --proto '=https' --tlsv1.2 --retry 10 --retry-connrefused --location --silent --show-error --fail https://sh.rustup.rs | sh -s -- --default-toolchain none -y[0m
2026-10-09T17:32:26.9213713Z [36;1m  echo "$CARGO_HOME/bin" >> $GITHUB_PATH[0m
2026-10-09T17:32:26.9214206Z [36;1mfi[0m
2026-10-09T17:32:26.9300974Z shell: /usr/bin/bash --noprofile --norc -e -o pipefail {0}
2026-10-09T17:32:26.9301562Z env:
2026-10-09T17:32:26.9302410Z   FORCE_JAVASCRIPT_ACTIONS_TO_NODE24: true
2026-10-09T17:32:26.9302894Z   CARGO_HOME: /home/runner/.cargo
2026-10-09T17:32:26.9303231Z ##[endgroup]
2026-10-09T17:32:26.9407359Z ##[end-action id=__dtolnay_rust-toolchain.__run_2;outcome=success;conclusion=success;duration_ms=23]
2026-10-09T17:32:26.9411253Z ##[start-action display=Install rustup if needed on windows;id=__dtolnay_rust-toolchain.__run_3]
2026-10-09T17:32:26.9423010Z ##[end-action id=__dtolnay_rust-toolchain.__run_3;outcome=skipped;conclusion=skipped;duration_ms=0]
2026-10-09T17:32:26.9439259Z ##[start-action display=rustup toolchain install 1.99.0;id=__dtolnay_rust-toolchain.__run_4]
2026-10-09T17:32:26.9466109Z ##[group]Run rustup toolchain install 1.99.0 --profile minimal --no-self-update --force-non-host
2026-10-09T17:32:26.9466920Z [36;1mrustup toolchain install 1.99.0 --profile minimal --no-self-update --force-non-host[0m
2026-10-09T17:32:26.9533698Z shell: /usr/bin/bash --noprofile --norc -e -o pipefail {0}
2026-10-09T17:32:26.9534081Z env:
2026-10-09T17:32:26.9534333Z   FORCE_JAVASCRIPT_ACTIONS_TO_NODE24: true
2026-10-09T17:32:26.9534657Z   CARGO_HOME: /home/runner/.cargo
2026-10-09T17:32:26.9534940Z   RUSTUP_PERMIT_COPY_RENAME: 1
2026-10-09T17:32:26.9535204Z ##[endgroup]
2026-10-09T17:32:27.0056360Z info: syncing channel updates for 1.99.0-x86_64-unknown-linux-gnu
2026-10-09T17:32:27.1318516Z info: latest update on 2026-10-01 for version 1.99.0 (b940084d7 2026-09-28)
2026-10-09T17:32:27.1319293Z info: downloading 3 components
2026-10-09T17:32:35.1043494Z 
2026-10-09T17:32:35.1111103Z   1.99.0-x86_64-unknown-linux-gnu installed - rustc 1.99.0 (b940084d7 2026-09-28)
2026-10-09T17:32:35.1111707Z 
2026-10-09T17:32:35.1182212Z ##[end-action id=__dtolnay_rust-toolchain.__run_4;outcome=success;conclusion=success;duration_ms=8174]
2026-10-09T17:32:35.1189263Z ##[start-action display=rustup default 1.99.0;id=__dtolnay_rust-toolchain.__run_5]
2026-10-09T17:32:35.1209640Z ##[group]Run rustup default 1.99.0 --force-non-host
2026-10-09T17:32:35.1210039Z [36;1mrustup default 1.99.0 --force-non-host[0m
2026-10-09T17:32:35.1277327Z shell: /usr/bin/bash --noprofile --norc -e -o pipefail {0}
2026-10-09T17:32:35.1277687Z env:
2026-10-09T17:32:35.1277920Z   FORCE_JAVASCRIPT_ACTIONS_TO_NODE24: true
2026-10-09T17:32:35.1278232Z   CARGO_HOME: /home/runner/.cargo
2026-10-09T17:32:35.1278492Z ##[endgroup]
2026-10-09T17:32:35.1412683Z info: using existing install for 1.99.0-x86_64-unknown-linux-gnu
2026-10-09T17:32:35.1418275Z info: default toolchain set to 1.99.0-x86_64-unknown-linux-gnu
2026-10-09T17:32:35.1418681Z 
2026-10-09T17:32:35.1484511Z   1.99.0-x86_64-unknown-linux-gnu unchanged - rustc 1.99.0 (b940084d7 2026-09-28)
2026-10-09T17:32:35.1485947Z info: note that the toolchain '1.99.0-x86_64-unknown-linux-gnu' is currently in use (overridden by '/home/runner/work/vize/vize/rust-toolchain.toml')
2026-10-09T17:32:35.1486890Z 
2026-10-09T17:32:35.1503081Z ##[end-action id=__dtolnay_rust-toolchain.__run_5;outcome=success;conclusion=success;duration_ms=31]
2026-10-09T17:32:35.1505986Z ##[start-action display=Create cachekey;id=__dtolnay_rust-toolchain.rustc-version]
2026-10-09T17:32:35.1526282Z ##[group]Run DATE=$(rustc +1.99.0 --version --verbose | sed -ne 's/^commit-date: \(20[0-9][0-9]\)-\([01][0-9]\)-\([0-3][0-9]\)$/\1\2\3/p')
2026-10-09T17:32:35.1527182Z [36;1mDATE=$(rustc +1.99.0 --version --verbose | sed -ne 's/^commit-date: \(20[0-9][0-9]\)-\([01][0-9]\)-\([0-3][0-9]\)$/\1\2\3/p')[0m
2026-10-09T17:32:35.1527872Z [36;1mHASH=$(rustc +1.99.0 --version --verbose | sed -ne 's/^commit-hash: //p')[0m
2026-10-09T17:32:35.1528417Z [36;1mecho "cachekey=$(echo $DATE$HASH | head -c12)" >> $GITHUB_OUTPUT[0m
2026-10-09T17:32:35.1596212Z shell: /usr/bin/bash --noprofile --norc -e -o pipefail {0}
2026-10-09T17:32:35.1596583Z env:
2026-10-09T17:32:35.1596820Z   FORCE_JAVASCRIPT_ACTIONS_TO_NODE24: true
2026-10-09T17:32:35.1597141Z   CARGO_HOME: /home/runner/.cargo
2026-10-09T17:32:35.1597409Z ##[endgroup]
2026-10-09T17:32:35.1958024Z ##[end-action id=__dtolnay_rust-toolchain.rustc-version;outcome=success;conclusion=success;duration_ms=45]
2026-10-09T17:32:35.1960928Z ##[start-action display=Disable incremental compilation;id=__dtolnay_rust-toolchain.__run_6]
2026-10-09T17:32:35.1980448Z ##[group]Run if [ -z "${CARGO_INCREMENTAL+set}" ]; then
2026-10-09T17:32:35.1980853Z [36;1mif [ -z "${CARGO_INCREMENTAL+set}" ]; then[0m
2026-10-09T17:32:35.1981196Z [36;1m  echo CARGO_INCREMENTAL=0 >> $GITHUB_ENV[0m
2026-10-09T17:32:35.1981488Z [36;1mfi[0m
2026-10-09T17:32:35.2051287Z shell: /usr/bin/bash --noprofile --norc -e -o pipefail {0}
2026-10-09T17:32:35.2051664Z env:
2026-10-09T17:32:35.2052109Z   FORCE_JAVASCRIPT_ACTIONS_TO_NODE24: true
2026-10-09T17:32:35.2052505Z   CARGO_HOME: /home/runner/.cargo
2026-10-09T17:32:35.2052776Z ##[endgroup]
2026-10-09T17:32:35.2154896Z ##[end-action id=__dtolnay_rust-toolchain.__run_6;outcome=success;conclusion=success;duration_ms=19]
2026-10-09T17:32:35.2157425Z ##[start-action display=Enable colors in Cargo output;id=__dtolnay_rust-toolchain.__run_7]
2026-10-09T17:32:35.2176078Z ##[group]Run if [ -z "${CARGO_TERM_COLOR+set}" ]; then
2026-10-09T17:32:35.2176478Z [36;1mif [ -z "${CARGO_TERM_COLOR+set}" ]; then[0m
2026-10-09T17:32:35.2176844Z [36;1m  echo CARGO_TERM_COLOR=always >> $GITHUB_ENV[0m
2026-10-09T17:32:35.2177151Z [36;1mfi[0m
2026-10-09T17:32:35.2262769Z shell: /usr/bin/bash --noprofile --norc -e -o pipefail {0}
2026-10-09T17:32:35.2263165Z env:
2026-10-09T17:32:35.2263420Z   FORCE_JAVASCRIPT_ACTIONS_TO_NODE24: true
2026-10-09T17:32:35.2263953Z   CARGO_HOME: /home/runner/.cargo
2026-10-09T17:32:35.2264241Z   CARGO_INCREMENTAL: 0
2026-10-09T17:32:35.2264489Z ##[endgroup]
2026-10-09T17:32:35.2367971Z ##[end-action id=__dtolnay_rust-toolchain.__run_7;outcome=success;conclusion=success;duration_ms=20]
2026-10-09T17:32:35.2370503Z ##[start-action display=Enable Cargo sparse registry;id=__dtolnay_rust-toolchain.__run_8]
2026-10-09T17:32:35.2391061Z ##[group]Run # implemented in 1.66, stabilized in 1.68, made default in 1.70
2026-10-09T17:32:35.2391701Z [36;1m# implemented in 1.66, stabilized in 1.68, made default in 1.70[0m
2026-10-09T17:32:35.2392837Z [36;1mif [ -z "${CARGO_REGISTRIES_CRATES_IO_PROTOCOL+set}" -o -f "/home/runner/work/_temp"/.implicit_cargo_registries_crates_io_protocol ]; then[0m
2026-10-09T17:32:35.2393656Z [36;1m  if rustc +1.99.0 --version --verbose | grep -q '^release: 1\.6[89]\.'; then[0m
2026-10-09T17:32:35.2394282Z [36;1m    touch "/home/runner/work/_temp"/.implicit_cargo_registries_crates_io_protocol || true[0m
2026-10-09T17:32:35.2394899Z [36;1m    echo CARGO_REGISTRIES_CRATES_IO_PROTOCOL=sparse >> $GITHUB_ENV[0m
2026-10-09T17:32:35.2395437Z [36;1m  elif rustc +1.99.0 --version --verbose | grep -q '^release: 1\.6[67]\.'; then[0m
2026-10-09T17:32:35.2396051Z [36;1m    touch "/home/runner/work/_temp"/.implicit_cargo_registries_crates_io_protocol || true[0m
2026-10-09T17:32:35.2396625Z [36;1m    echo CARGO_REGISTRIES_CRATES_IO_PROTOCOL=git >> $GITHUB_ENV[0m
2026-10-09T17:32:35.2397005Z [36;1m  fi[0m
2026-10-09T17:32:35.2397209Z [36;1mfi[0m
2026-10-09T17:32:35.2466486Z shell: /usr/bin/bash --noprofile --norc -e -o pipefail {0}
2026-10-09T17:32:35.2466855Z env:
2026-10-09T17:32:35.2467087Z   FORCE_JAVASCRIPT_ACTIONS_TO_NODE24: true
2026-10-09T17:32:35.2467395Z   CARGO_HOME: /home/runner/.cargo
2026-10-09T17:32:35.2467674Z   CARGO_INCREMENTAL: 0
2026-10-09T17:32:35.2467918Z   CARGO_TERM_COLOR: always
2026-10-09T17:32:35.2468170Z ##[endgroup]
2026-10-09T17:32:35.2802564Z ##[end-action id=__dtolnay_rust-toolchain.__run_8;outcome=success;conclusion=success;duration_ms=43]
2026-10-09T17:32:35.2805483Z ##[start-action display=Work around spurious network errors in curl 8.0;id=__dtolnay_rust-toolchain.__run_9]
2026-10-09T17:32:35.2825323Z ##[group]Run # https://rust-lang.zulipchat.com/#narrow/stream/246057-t-cargo/topic/timeout.20investigation
2026-10-09T17:32:35.2826139Z [36;1m# https://rust-lang.zulipchat.com/#narrow/stream/246057-t-cargo/topic/timeout.20investigation[0m
2026-10-09T17:32:35.2826820Z [36;1mif rustc +1.99.0 --version --verbose | grep -q '^release: 1\.7[01]\.'; then[0m
2026-10-09T17:32:35.2827323Z [36;1m  echo CARGO_HTTP_MULTIPLEXING=false >> $GITHUB_ENV[0m
2026-10-09T17:32:35.2827663Z [36;1mfi[0m
2026-10-09T17:32:35.2896970Z shell: /usr/bin/bash --noprofile --norc -e -o pipefail {0}
2026-10-09T17:32:35.2897349Z env:
2026-10-09T17:32:35.2897586Z   FORCE_JAVASCRIPT_ACTIONS_TO_NODE24: true
2026-10-09T17:32:35.2897908Z   CARGO_HOME: /home/runner/.cargo
2026-10-09T17:32:35.2898191Z   CARGO_INCREMENTAL: 0
2026-10-09T17:32:35.2898449Z   CARGO_TERM_COLOR: always
2026-10-09T17:32:35.2898714Z ##[endgroup]
2026-10-09T17:32:35.3118126Z ##[end-action id=__dtolnay_rust-toolchain.__run_9;outcome=success;conclusion=success;duration_ms=31]
2026-10-09T17:32:35.3123076Z ##[start-action display=rustc +1.99.0 --version --verbose;id=__dtolnay_rust-toolchain.__run_10]
2026-10-09T17:32:35.3143268Z ##[group]Run rustc +1.99.0 --version --verbose
2026-10-09T17:32:35.3143649Z [36;1mrustc +1.99.0 --version --verbose[0m
2026-10-09T17:32:35.3213701Z shell: /usr/bin/bash --noprofile --norc -e -o pipefail {0}
2026-10-09T17:32:35.3214081Z env:
2026-10-09T17:32:35.3214324Z   FORCE_JAVASCRIPT_ACTIONS_TO_NODE24: true
2026-10-09T17:32:35.3214670Z   CARGO_HOME: /home/runner/.cargo
2026-10-09T17:32:35.3214965Z   CARGO_INCREMENTAL: 0
2026-10-09T17:32:35.3215222Z   CARGO_TERM_COLOR: always
2026-10-09T17:32:35.3215475Z ##[endgroup]
2026-10-09T17:32:35.3414049Z rustc 1.99.0 (b940084d7 2026-09-28)
2026-10-09T17:32:35.3415081Z binary: rustc
2026-10-09T17:32:35.3416254Z commit-hash: b940084d7eb6a299eb4bfeb8e34901bc051e7ac4
2026-10-09T17:32:35.3417029Z commit-date: 2026-09-28
2026-10-09T17:32:35.3417585Z host: x86_64-unknown-linux-gnu
2026-10-09T17:32:35.3418164Z release: 1.99.0
2026-10-09T17:32:35.3418647Z LLVM version: 23.1.1
2026-10-09T17:32:35.3433455Z ##[end-action id=__dtolnay_rust-toolchain.__run_10;outcome=success;conclusion=success;duration_ms=30]
2026-10-09T17:32:35.3503465Z Prepare all required actions
2026-10-09T17:32:35.3542225Z ##[group]Run ./.github/actions/setup-rust-script
2026-10-09T17:32:35.3542556Z env:
2026-10-09T17:32:35.3542791Z   FORCE_JAVASCRIPT_ACTIONS_TO_NODE24: true
2026-10-09T17:32:35.3543085Z   CARGO_HOME: /home/runner/.cargo
2026-10-09T17:32:35.3543344Z   CARGO_INCREMENTAL: 0
2026-10-09T17:32:35.3543573Z   CARGO_TERM_COLOR: always
2026-10-09T17:32:35.3543806Z ##[endgroup]
2026-10-09T17:32:35.3547766Z ##[start-action display=Configure Windows Rust linker;id=__self.__run]
2026-10-09T17:32:35.3551759Z ##[end-action id=__self.__run;outcome=skipped;conclusion=skipped;duration_ms=0]
2026-10-09T17:32:35.3554128Z ##[start-action display=Install rust-script;id=__self.__run_2]
2026-10-09T17:32:35.3570646Z ##[group]Run set -euo pipefail
2026-10-09T17:32:35.3570962Z [36;1mset -euo pipefail[0m
2026-10-09T17:32:35.3571226Z [36;1mrust_script_version="0.34.0"[0m
2026-10-09T17:32:35.3571596Z [36;1mif command -v rust-script >/dev/null 2>&1; then[0m
2026-10-09T17:32:35.3572419Z [36;1m  installed_version="$(rust-script --version | sed -E 's/^rust-script[[:space:]]+([^[:space:]]+).*/\1/')"[0m
2026-10-09T17:32:35.3573017Z [36;1m  if [ "$installed_version" = "$rust_script_version" ]; then[0m
2026-10-09T17:32:35.3573380Z [36;1m    rust-script --version[0m
2026-10-09T17:32:35.3573652Z [36;1m    exit 0[0m
2026-10-09T17:32:35.3573860Z [36;1m  fi[0m
2026-10-09T17:32:35.3574236Z [36;1m  echo "Found rust-script ${installed_version}; installing ${rust_script_version}" >&2[0m
2026-10-09T17:32:35.3574671Z [36;1mfi[0m
2026-10-09T17:32:35.3574923Z [36;1mcargo_bin="${CARGO_HOME:-$HOME/.cargo}/bin"[0m
2026-10-09T17:32:35.3575363Z [36;1mcargo install rust-script --version "$rust_script_version" --locked --force[0m
2026-10-09T17:32:35.3575803Z [36;1mexport PATH="$cargo_bin:$PATH"[0m
2026-10-09T17:32:35.3576117Z [36;1mecho "$cargo_bin" >> "$GITHUB_PATH"[0m
2026-10-09T17:32:35.3576657Z [36;1minstalled_version="$(rust-script --version | sed -E 's/^rust-script[[:space:]]+([^[:space:]]+).*/\1/')"[0m
2026-10-09T17:32:35.3577244Z [36;1mif [ "$installed_version" != "$rust_script_version" ]; then[0m
2026-10-09T17:32:35.3577792Z [36;1m  echo "::error::expected rust-script ${rust_script_version}, got $(rust-script --version)" >&2[0m
2026-10-09T17:32:35.3578253Z [36;1m  exit 1[0m
2026-10-09T17:32:35.3578455Z [36;1mfi[0m
2026-10-09T17:32:35.3578664Z [36;1mrust-script --version[0m
2026-10-09T17:32:35.3647621Z shell: /usr/bin/bash --noprofile --norc -e -o pipefail {0}
2026-10-09T17:32:35.3647975Z env:
2026-10-09T17:32:35.3648202Z   FORCE_JAVASCRIPT_ACTIONS_TO_NODE24: true
2026-10-09T17:32:35.3648528Z   CARGO_HOME: /home/runner/.cargo
2026-10-09T17:32:35.3648798Z   CARGO_INCREMENTAL: 0
2026-10-09T17:32:35.3649036Z   CARGO_TERM_COLOR: always
2026-10-09T17:32:35.3649269Z ##[endgroup]
2026-10-09T17:32:35.4325129Z info: syncing channel updates for 1.99.0-x86_64-unknown-linux-gnu
2026-10-09T17:32:35.5208561Z info: latest update on 2026-10-01 for version 1.99.0 (b940084d7 2026-09-28)
2026-10-09T17:32:35.5391742Z info: downloading 5 components
2026-10-09T17:32:40.0000217Z [1m[92m    Updating[0m crates.io index
2026-10-09T17:32:40.0875493Z [1m[92m Downloading[0m crates ...
2026-10-09T17:32:40.1759343Z [1m[92m  Downloaded[0m rust-script v0.34.0
2026-10-09T17:32:40.2075441Z [1m[92m  Installing[0m rust-script v0.34.0
2026-10-09T17:32:40.2076243Z [1m[33mwarning[0m: default toolchain implicitly overridden with `1.99.0-x86_64-unknown-linux-gnu` by rustup toolchain file
2026-10-09T17:32:40.2076843Z   [1m[94m|[0m
2026-10-09T17:32:40.2077397Z   [1m[94m= [0m[1mhelp[0m: use `cargo +stable install` if you meant to use the stable toolchain
2026-10-09T17:32:40.2078593Z   [1m[94m= [0m[1mnote[0m: rustup selects the toolchain based on the parent environment and not the environment of the package being installed
2026-10-09T17:32:40.2086970Z [1m[92m    Updating[0m crates.io index
2026-10-09T17:32:40.4233140Z [1m[92m    Updating[0m crates.io index
2026-10-09T17:32:40.4793070Z [1m[92m Downloading[0m crates ...
2026-10-09T17:32:40.4998448Z [1m[92m  Downloaded[0m anstream v0.3.2
2026-10-09T17:32:40.5020492Z [1m[92m  Downloaded[0m anstyle-query v1.0.0
2026-10-09T17:32:40.5032236Z [1m[92m  Downloaded[0m bitflags v1.3.2
2026-10-09T17:32:40.5068653Z [1m[92m  Downloaded[0m aho-corasick v1.0.2
2026-10-09T17:32:40.5123159Z [1m[92m  Downloaded[0m digest v0.10.7
2026-10-09T17:32:40.5140449Z [1m[92m  Downloaded[0m dirs-sys v0.4.1
2026-10-09T17:32:40.5154268Z [1m[92m  Downloaded[0m clap v4.3.21
2026-10-09T17:32:40.5256487Z [1m[92m  Downloaded[0m toml_edit v0.19.14
2026-10-09T17:32:40.5481693Z [1m[92m  Downloaded[0m log v0.4.19
2026-10-09T17:32:40.5502973Z [1m[92m  Downloaded[0m is-terminal v0.4.9
2026-10-09T17:32:40.5513142Z [1m[92m  Downloaded[0m generic-array v0.14.7
2026-10-09T17:32:40.5528692Z [1m[92m  Downloaded[0m shell-words v1.1.0
2026-10-09T17:32:40.5538178Z [1m[92m  Downloaded[0m version_check v0.9.4
2026-10-09T17:32:40.5553296Z [1m[92m  Downloaded[0m getopts v0.2.21
2026-10-09T17:32:40.5566890Z [1m[92m  Downloaded[0m strsim v0.10.0
2026-10-09T17:32:40.5580642Z [1m[92m  Downloaded[0m indexmap v2.0.0
2026-10-09T17:32:40.5615710Z [1m[92m  Downloaded[0m typenum v1.16.0
2026-10-09T17:32:40.5640035Z [1m[92m  Downloaded[0m anstyle-parse v0.2.1
2026-10-09T17:32:40.5656555Z [1m[92m  Downloaded[0m utf8parse v0.2.1
2026-10-09T17:32:40.5666637Z [1m[92m  Downloaded[0m regex-automata v0.3.6
2026-10-09T17:32:40.5814474Z [1m[92m  Downloaded[0m colorchoice v1.0.0
2026-10-09T17:32:40.5822142Z [1m[92m  Downloaded[0m block-buffer v0.10.4
2026-10-09T17:32:40.5832377Z [1m[92m  Downloaded[0m serde_spanned v0.6.3
2026-10-09T17:32:40.5841159Z [1m[92m  Downloaded[0m toml v0.7.6
2026-10-09T17:32:40.5872439Z [1m[92m  Downloaded[0m equivalent v1.0.1
2026-10-09T17:32:40.5880240Z [1m[92m  Downloaded[0m humantime v2.1.0
2026-10-09T17:32:40.5894673Z [1m[92m  Downloaded[0m option-ext v0.2.0
2026-10-09T17:32:40.5902799Z [1m[92m  Downloaded[0m sha1 v0.10.5
2026-10-09T17:32:40.5917829Z [1m[92m  Downloaded[0m termcolor v1.2.0
2026-10-09T17:32:40.5929986Z [1m[92m  Downloaded[0m toml_datetime v0.6.3
2026-10-09T17:32:40.5939152Z [1m[92m  Downloaded[0m clap_builder v4.3.21
2026-10-09T17:32:40.6000623Z [1m[92m  Downloaded[0m crypto-common v0.1.6
2026-10-09T17:32:40.6009413Z [1m[92m  Downloaded[0m fastrand v2.0.0
2026-10-09T17:32:40.6022411Z [1m[92m  Downloaded[0m tempfile v3.7.1
2026-10-09T17:32:40.6045029Z [1m[92m  Downloaded[0m unicode-width v0.1.10
2026-10-09T17:32:40.6057761Z [1m[92m  Downloaded[0m dirs v5.0.1
2026-10-09T17:32:40.6069962Z [1m[92m  Downloaded[0m unicase v2.6.0
2026-10-09T17:32:40.6083088Z [1m[92m  Downloaded[0m anstyle v1.0.1
2026-10-09T17:32:40.6096314Z [1m[92m  Downloaded[0m cpufeatures v0.2.9
2026-10-09T17:32:40.6108258Z [1m[92m  Downloaded[0m cfg-if v1.0.0
2026-10-09T17:32:40.6119335Z [1m[92m  Downloaded[0m clap_lex v0.5.0
2026-10-09T17:32:40.6128679Z [1m[92m  Downloaded[0m memchr v2.5.0
2026-10-09T17:32:40.6171050Z [1m[92m  Downloaded[0m regex v1.9.3
2026-10-09T17:32:40.6308365Z [1m[92m  Downloaded[0m bitflags v2.3.3
2026-10-09T17:32:40.6333498Z [1m[92m  Downloaded[0m winnow v0.5.4
2026-10-09T17:32:40.6411054Z [1m[92m  Downloaded[0m pulldown-cmark v0.9.3
2026-10-09T17:32:40.6454428Z [1m[92m  Downloaded[0m serde v1.0.183
2026-10-09T17:32:40.6484277Z [1m[92m  Downloaded[0m hashbrown v0.14.0
2026-10-09T17:32:40.6527210Z [1m[92m  Downloaded[0m regex-syntax v0.7.4
2026-10-09T17:32:40.6594064Z [1m[92m  Downloaded[0m env_logger v0.10.0
2026-10-09T17:32:40.6623485Z [1m[92m  Downloaded[0m libc v0.2.147
2026-10-09T17:32:40.6895822Z [1m[92m  Downloaded[0m rustix v0.38.7
2026-10-09T17:32:40.7152619Z [1m[92m  Downloaded[0m linux-raw-sys v0.4.5
2026-10-09T17:32:40.7590707Z [1m[92m   Compiling[0m version_check v0.9.4
2026-10-09T17:32:40.7591474Z [1m[92m   Compiling[0m rustix v0.38.7
2026-10-09T17:32:40.7592601Z [1m[92m   Compiling[0m linux-raw-sys v0.4.5
2026-10-09T17:32:40.7593096Z [1m[92m   Compiling[0m bitflags v2.3.3
2026-10-09T17:32:40.9623469Z [1m[92m   Compiling[0m typenum v1.16.0
2026-10-09T17:32:40.9683259Z [1m[92m   Compiling[0m memchr v2.5.0
2026-10-09T17:32:40.9766758Z [1m[92m   Compiling[0m generic-array v0.14.7
2026-10-09T17:32:41.0533733Z [1m[92m   Compiling[0m serde v1.0.183
2026-10-09T17:32:41.7283568Z [1m[92m   Compiling[0m libc v0.2.147
2026-10-09T17:32:41.9073870Z [1m[92m   Compiling[0m utf8parse v0.2.1
2026-10-09T17:32:41.9523571Z [1m[92m   Compiling[0m anstyle-parse v0.2.1
2026-10-09T17:32:42.0974062Z [1m[92m   Compiling[0m aho-corasick v1.0.2
2026-10-09T17:32:42.6003467Z [1m[92m   Compiling[0m unicase v2.6.0
2026-10-09T17:32:42.6733453Z [1m[92m   Compiling[0m regex-syntax v0.7.4
2026-10-09T17:32:43.5537275Z [1m[92m   Compiling[0m is-terminal v0.4.9
2026-10-09T17:32:43.5883618Z [1m[92m   Compiling[0m colorchoice v1.0.0
2026-10-09T17:32:43.6273575Z [1m[92m   Compiling[0m anstyle v1.0.1
2026-10-09T17:32:43.7791571Z [1m[92m   Compiling[0m anstyle-query v1.0.0
2026-10-09T17:32:43.8173714Z [1m[92m   Compiling[0m hashbrown v0.14.0
2026-10-09T17:32:44.0494504Z [1m[92m   Compiling[0m equivalent v1.0.1
2026-10-09T17:32:44.0766857Z [1m[92m   Compiling[0m serde_spanned v0.6.3
2026-10-09T17:32:44.1353499Z [1m[92m   Compiling[0m toml_datetime v0.6.3
2026-10-09T17:32:44.3074138Z [1m[92m   Compiling[0m anstream v0.3.2
2026-10-09T17:32:44.4363754Z [1m[92m   Compiling[0m indexmap v2.0.0
2026-10-09T17:32:44.5784477Z [1m[92m   Compiling[0m regex-automata v0.3.6
2026-10-09T17:32:44.7894185Z [1m[92m   Compiling[0m block-buffer v0.10.4
2026-10-09T17:32:44.8633470Z [1m[92m   Compiling[0m crypto-common v0.1.6
2026-10-09T17:32:45.0513462Z [1m[92m   Compiling[0m clap_lex v0.5.0
2026-10-09T17:32:45.2333637Z [1m[92m   Compiling[0m option-ext v0.2.0
2026-10-09T17:32:45.2633508Z [1m[92m   Compiling[0m winnow v0.5.4
2026-10-09T17:32:45.3715053Z [1m[92m   Compiling[0m cfg-if v1.0.0
2026-10-09T17:32:45.3973690Z [1m[92m   Compiling[0m unicode-width v0.1.10
2026-10-09T17:32:45.4483539Z [1m[92m   Compiling[0m strsim v0.10.0
2026-10-09T17:32:45.9314147Z [1m[92m   Compiling[0m pulldown-cmark v0.9.3
2026-10-09T17:32:46.0166869Z [1m[92m   Compiling[0m clap_builder v4.3.21
2026-10-09T17:32:46.8244041Z [1m[92m   Compiling[0m getopts v0.2.21
2026-10-09T17:32:47.0224442Z [1m[92m   Compiling[0m toml_edit v0.19.14
2026-10-09T17:32:47.3568744Z [1m[92m   Compiling[0m regex v1.9.3
2026-10-09T17:32:48.1263621Z [1m[92m   Compiling[0m dirs-sys v0.4.1
2026-10-09T17:32:48.3985909Z [1m[92m   Compiling[0m digest v0.10.7
2026-10-09T17:32:48.6863482Z [1m[92m   Compiling[0m termcolor v1.2.0
2026-10-09T17:32:49.0050900Z [1m[92m   Compiling[0m bitflags v1.3.2
2026-10-09T17:32:49.0358741Z [1m[92m   Compiling[0m fastrand v2.0.0
2026-10-09T17:32:49.2503197Z [1m[92m   Compiling[0m log v0.4.19
2026-10-09T17:32:49.4444356Z [1m[92m   Compiling[0m cpufeatures v0.2.9
2026-10-09T17:32:49.4733751Z [1m[92m   Compiling[0m humantime v2.1.0
2026-10-09T17:32:49.6773635Z [1m[92m   Compiling[0m env_logger v0.10.0
2026-10-09T17:32:50.6373520Z [1m[92m   Compiling[0m sha1 v0.10.5
2026-10-09T17:32:50.8253368Z [1m[92m   Compiling[0m tempfile v3.7.1
2026-10-09T17:32:51.2742200Z [1m[92m   Compiling[0m toml v0.7.6
2026-10-09T17:32:52.1403377Z [1m[92m   Compiling[0m clap v4.3.21
2026-10-09T17:32:52.1733566Z [1m[92m   Compiling[0m dirs v5.0.1
2026-10-09T17:32:52.2473540Z [1m[92m   Compiling[0m shell-words v1.1.0
2026-10-09T17:32:52.6990130Z [1m[92m   Compiling[0m rust-script v0.34.0
2026-10-09T17:33:11.5756205Z [1m[92m    Finished[0m `release` profile [optimized] target(s) in 31.59s
2026-10-09T17:33:11.5803954Z [1m[92m  Installing[0m /home/runner/.cargo/bin/rust-script
2026-10-09T17:33:11.5808093Z [1m[92m   Installed[0m package `rust-script v0.34.0` (executable `rust-script`)
2026-10-09T17:33:11.6146596Z rust-script 0.34.0
2026-10-09T17:33:11.6160461Z ##[end-action id=__self.__run_2;outcome=success;conclusion=success;duration_ms=36260]
2026-10-09T17:33:11.6221088Z Prepare all required actions
2026-10-09T17:33:11.6221629Z Getting action download info
2026-10-09T17:33:11.7051733Z Download action repository 'actions/cache@27d5ce7f107fe9357f9df03efb73ab90386fccae' (SHA:27d5ce7f107fe9357f9df03efb73ab90386fccae)
2026-10-09T17:33:11.8048142Z Download action repository 'ilammy/msvc-dev-cmd@0b201ec74fa43914dc39ae48a89fd1d8cb592756' (SHA:0b201ec74fa43914dc39ae48a89fd1d8cb592756)
2026-10-09T17:33:11.9403407Z ##[group]Run ./.github/actions/setup-moonbit
2026-10-09T17:33:11.9403721Z env:
2026-10-09T17:33:11.9403944Z   FORCE_JAVASCRIPT_ACTIONS_TO_NODE24: true
2026-10-09T17:33:11.9404243Z   CARGO_HOME: /home/runner/.cargo
2026-10-09T17:33:11.9404501Z   CARGO_INCREMENTAL: 0
2026-10-09T17:33:11.9404725Z   CARGO_TERM_COLOR: always
2026-10-09T17:33:11.9404959Z ##[endgroup]
2026-10-09T17:33:11.9409856Z ##[start-action display=Cache MoonBit toolchain;id=__self_2.cache-moonbit]
2026-10-09T17:33:12.0076054Z ##[group]Run actions/cache@27d5ce7f107fe9357f9df03efb73ab90386fccae
2026-10-09T17:33:12.0076452Z with:
2026-10-09T17:33:12.0076788Z   path: /home/runner/work/_temp/moonbit
/home/runner/work/_temp/moonbit-shims

2026-10-09T17:33:12.0077372Z   key: moonbit-Linux-X64-5e90d793f1831831f0d5b523dd950e624db9779f320e749fe2a2bd6bb986535d
2026-10-09T17:33:12.0077851Z   enableCrossOsArchive: false
2026-10-09T17:33:12.0078121Z   fail-on-cache-miss: false
2026-10-09T17:33:12.0078364Z   lookup-only: false
2026-10-09T17:33:12.0078581Z   save-always: false
2026-10-09T17:33:12.0078784Z env:
2026-10-09T17:33:12.0079011Z   FORCE_JAVASCRIPT_ACTIONS_TO_NODE24: true
2026-10-09T17:33:12.0079303Z   CARGO_HOME: /home/runner/.cargo
2026-10-09T17:33:12.0079554Z   CARGO_INCREMENTAL: 0
2026-10-09T17:33:12.0079782Z   CARGO_TERM_COLOR: always
2026-10-09T17:33:12.0080010Z ##[endgroup]
2026-10-09T17:33:12.2357191Z Cache not found for input keys: moonbit-Linux-X64-5e90d793f1831831f0d5b523dd950e624db9779f320e749fe2a2bd6bb986535d
2026-10-09T17:33:12.2450190Z ##[end-action id=__self_2.cache-moonbit;outcome=success;conclusion=success;duration_ms=303]
2026-10-09T17:33:12.2456081Z ##[start-action display=Setup MSVC toolchain (Windows);id=__self_2.__ilammy_msvc-dev-cmd]
2026-10-09T17:33:12.2463712Z ##[end-action id=__self_2.__ilammy_msvc-dev-cmd;outcome=skipped;conclusion=skipped;duration_ms=0]
2026-10-09T17:33:12.2466856Z ##[start-action display=Install MoonBit (Windows);id=__self_2.__run]
2026-10-09T17:33:12.2471865Z ##[end-action id=__self_2.__run;outcome=skipped;conclusion=skipped;duration_ms=0]
2026-10-09T17:33:12.2476775Z ##[start-action display=Install MoonBit (Unix);id=__self_2.__run_2]
2026-10-09T17:33:12.2507598Z ##[group]Run node .github/actions/setup-moonbit/install-moonbit.mjs
2026-10-09T17:33:12.2508433Z [36;1mnode .github/actions/setup-moonbit/install-moonbit.mjs[0m
2026-10-09T17:33:12.2575915Z shell: /usr/bin/bash --noprofile --norc -e -o pipefail {0}
2026-10-09T17:33:12.2576276Z env:
2026-10-09T17:33:12.2576510Z   FORCE_JAVASCRIPT_ACTIONS_TO_NODE24: true
2026-10-09T17:33:12.2576838Z   CARGO_HOME: /home/runner/.cargo
2026-10-09T17:33:12.2577111Z   CARGO_INCREMENTAL: 0
2026-10-09T17:33:12.2577356Z   CARGO_TERM_COLOR: always
2026-10-09T17:33:12.2577598Z ##[endgroup]
2026-10-09T17:33:12.6010155Z Downloading moonbit ...
2026-10-09T17:33:12.7209603Z 
2026-10-09T17:33:12.8248690Z ###################                                                       26.5%
2026-10-09T17:33:12.8929344Z ##################################################                        69.6%
2026-10-09T17:33:12.8930367Z ######################################################################## 100.0%
2026-10-09T17:33:14.7768649Z Downloading core ...
2026-10-09T17:33:14.8271813Z 
2026-10-09T17:33:14.8272815Z ######################################################################## 100.0%
2026-10-09T17:33:14.8925834Z Bundling core ...
2026-10-09T17:33:16.8465091Z Finished. moon: ran 81 tasks, now up to date
2026-10-09T17:33:18.8116482Z Finished. moon: ran 81 tasks, now up to date
2026-10-09T17:33:20.6451586Z Finished. moon: ran 81 tasks, now up to date
2026-10-09T17:33:22.6069362Z Finished. moon: ran 81 tasks, now up to date
2026-10-09T17:33:22.6339848Z moonbit was installed successfully to ~/moonbit 
2026-10-09T17:33:22.6340551Z To verify the downloaded binaries, check https://www.moonbitlang.com/download#verifying-binaries for instructions.
2026-10-09T17:33:22.6341246Z To know how to add shell completions, run 'moon shell-completion --help'
2026-10-09T17:33:22.6366517Z Manually add the directory to ~/.bashrc (or similar):
2026-10-09T17:33:22.6367183Z   export PATH="$HOME/moonbit/bin:$PATH" 
2026-10-09T17:33:22.6367503Z To get started, run: 
2026-10-09T17:33:22.6367733Z   moon help 
2026-10-09T17:33:27.3553819Z Registry index cloned successfully
2026-10-09T17:33:27.3554343Z Symbols updated successfully
2026-10-09T17:33:30.8355219Z moonbit-setup-ok
2026-10-09T17:33:30.8367853Z ##[end-action id=__self_2.__run_2;outcome=success;conclusion=success;duration_ms=18588]
2026-10-09T17:33:30.8402890Z ##[group]Run vp install --frozen-lockfile
2026-10-09T17:33:30.8403404Z [36;1mvp install --frozen-lockfile[0m
2026-10-09T17:33:30.8403817Z [36;1mmoon update[0m
2026-10-09T17:33:30.8468999Z shell: /usr/bin/bash -e {0}
2026-10-09T17:33:30.8469377Z env:
2026-10-09T17:33:30.8469724Z   FORCE_JAVASCRIPT_ACTIONS_TO_NODE24: true
2026-10-09T17:33:30.8470157Z   CARGO_HOME: /home/runner/.cargo
2026-10-09T17:33:30.8470552Z   CARGO_INCREMENTAL: 0
2026-10-09T17:33:30.8470903Z   CARGO_TERM_COLOR: always
2026-10-09T17:33:30.8471288Z   MOON_HOME: /home/runner/work/_temp/moonbit
2026-10-09T17:33:30.8471770Z   MOON_BIN: /home/runner/work/_temp/moonbit-shims/moon
2026-10-09T17:33:30.8472468Z ##[endgroup]
2026-10-09T17:33:31.3445930Z Scope: all 34 workspace projects
2026-10-09T17:33:31.4887227Z ? Verifying lockfile against supply-chain policies (2305 entries)...
2026-10-09T17:33:31.6427999Z Downloading element-plus@2.14.1: 0.00 B/7.15 MB
2026-10-09T17:33:31.6798331Z Downloading @rolldown/binding-linux-x64-gnu@1.2.3: 0.00 B/7.96 MB
2026-10-09T17:33:31.8392835Z Packages are hard linked from the content-addressable store to the virtual store.
2026-10-09T17:33:31.8394187Z   Content-addressable store is at: /home/runner/.local/share/pnpm/store/v11
2026-10-09T17:33:31.8395006Z   Virtual store is at:             node_modules/.pnpm
2026-10-09T17:33:31.8708376Z Downloading @babel/standalone@7.29.8: 0.00 B/5.46 MB
2026-10-09T17:33:32.1233723Z Downloading three@0.185.1: 0.00 B/5.32 MB
2026-10-09T17:33:32.1327241Z Downloading @zenuml/core@3.50.1: 0.00 B/5.48 MB
2026-10-09T17:33:32.3902830Z Downloading @verter/tsc-linux-x64-gnu@0.0.1-beta.3: 0.00 B/8.53 MB
2026-10-09T17:33:32.8157066Z Downloading @fortawesome/fontawesome-free@7.3.1: 0.00 B/6.61 MB
2026-10-09T17:33:32.9223184Z Downloading node@runtime:24.14.0: 0.00 B/56.18 MB
2026-10-09T17:33:32.9224453Z Downloading @oxlint-tsgolint/linux-x64@0.23.0: 0.00 B/13.33 MB
2026-10-09T17:33:33.0147135Z Downloading @rolldown/binding-linux-x64-gnu@1.0.0-rc.17: 0.00 B/9.39 MB
2026-10-09T17:33:33.1378760Z Downloading mermaid@11.16.1: 0.00 B/17.61 MB
2026-10-09T17:33:33.2422310Z Downloading ant-design-vue@4.2.6: 0.00 B/14.65 MB
2026-10-09T17:33:33.2453188Z Downloading @pkl-community/pkl-linux-x64@0.30.2: 0.00 B/33.74 MB
2026-10-09T17:33:33.4683236Z Downloading @napi-rs/canvas-linux-x64-gnu@0.1.100: 0.00 B/13.95 MB
2026-10-09T17:33:34.3472954Z Downloading @typescript/typescript-linux-x64@7.0.2: 0.00 B/9.66 MB
2026-10-09T17:33:34.4170758Z Downloading monaco-editor@0.56.0: 0.00 B/18.27 MB
2026-10-09T17:33:35.4283527Z Progress: resolved 1900, reused 0, downloaded 714, added 736
2026-10-09T17:33:35.7931590Z Downloading @golar/linux-x64@0.1.10: 0.00 B/13.68 MB
2026-10-09T17:33:36.0218167Z Downloading cytoscape-fcose@2.2.0: 0.00 B/7.60 MB
2026-10-09T17:33:36.2290866Z Downloading @vizejs/native-linux-x64-gnu@0.428.1: 0.00 B/20.88 MB
2026-10-09T17:33:36.2772698Z Downloading @rspack/binding-linux-x64-gnu@2.1.8: 0.00 B/19.66 MB
2026-10-09T17:33:36.3279797Z Downloading @voidzero-dev/vite-plus-linux-x64-gnu@0.1.24: 0.00 B/13.54 MB
2026-10-09T17:33:36.3680663Z Downloading @voidzero-dev/vite-plus-linux-x64-gnu@0.2.9: 0.00 B/13.22 MB
2026-10-09T17:33:36.4044922Z Downloading @oxlint/binding-linux-x64-gnu@1.67.0: 0.00 B/6.06 MB
2026-10-09T17:33:36.6097587Z Downloading @mermaid-js/mermaid-zenuml@0.2.3: 0.00 B/8.34 MB
2026-10-09T17:33:36.7593390Z Downloading @oxlint/binding-linux-x64-gnu@1.77.0: 0.00 B/6.75 MB
2026-10-09T17:33:36.7603086Z Downloading @rolldown/binding-linux-x64-gnu@1.0.3: 0.00 B/8.85 MB
2026-10-09T17:33:36.7953256Z Downloading @oxlint-tsgolint/linux-x64@7.0.2001: 0.00 B/7.71 MB
2026-10-09T17:33:36.8264941Z ✓ Lockfile passes supply-chain policies (2305 entries in 5.3s)
2026-10-09T17:33:36.8266851Z Lockfile is up to date, resolution step is skipped
2026-10-09T17:33:36.8604436Z Downloading @oxlint/binding-linux-x64-gnu@1.78.0: 0.00 B/6.73 MB
2026-10-09T17:33:37.8928062Z Downloading @rspack/binding-linux-x64-gnu@2.1.8: 16.79 MB/19.66 MB
2026-10-09T17:33:39.0143066Z Progress: resolved 1900, reused 0, downloaded 1043, added 1088
2026-10-09T17:33:40.5578467Z Progress: resolved 1900, reused 0, downloaded 1246, added 1312
2026-10-09T17:33:41.5636223Z Progress: resolved 1900, reused 0, downloaded 1498, added 1568
2026-10-09T17:33:42.5726069Z Progress: resolved 1900, reused 0, downloaded 1746, added 1792
2026-10-09T17:33:43.6573308Z Progress: resolved 1900, reused 0, downloaded 1814, added 1888
2026-10-09T17:33:43.9282100Z Packages: +1900
2026-10-09T17:33:43.9282836Z ++++++++++++++++++++++++++++++++++++++++++++++++++++++++++++++++++++++++++++++++
2026-10-09T17:33:44.2444422Z Progress: resolved 1900, reused 0, downloaded 1823, added 1900, done
2026-10-09T17:33:44.2712513Z .../esbuild@0.28.1/node_modules/esbuild postinstall$ node install.js
2026-10-09T17:33:44.3317160Z .../esbuild@0.28.1/node_modules/esbuild postinstall: Done
2026-10-09T17:33:44.7291079Z 
2026-10-09T17:33:44.7291632Z optionalDependencies:
2026-10-09T17:33:44.7292519Z + @typescript/typescript-linux-x64 7.0.2
2026-10-09T17:33:44.7292837Z 
2026-10-09T17:33:44.7292992Z devDependencies:
2026-10-09T17:33:44.7293302Z + @babel/core 7.29.0
2026-10-09T17:33:44.7293701Z + @babel/plugin-syntax-typescript 7.28.6
2026-10-09T17:33:44.7294181Z + @iarna/toml 2.2.5
2026-10-09T17:33:44.7294478Z + @nuxt/eslint 1.16.0
2026-10-09T17:33:44.7294797Z + @nuxt/eslint-config 1.16.0
2026-10-09T17:33:44.7295138Z + @tsdown/css 0.22.14
2026-10-09T17:33:44.7304949Z + @types/node 25.9.2
2026-10-09T17:33:44.7305379Z + @types/vscode 1.75.0
2026-10-09T17:33:44.7305834Z + @vue/babel-plugin-jsx 2.0.1
2026-10-09T17:33:44.7306270Z + ajv 8.20.0
2026-10-09T17:33:44.7306626Z + glob 13.0.6
2026-10-09T17:33:44.7307022Z + json-schema-to-typescript 15.0.4
2026-10-09T17:33:44.7307509Z + node 24.14.0
2026-10-09T17:33:44.7307772Z + oxfmt 0.63.0
2026-10-09T17:33:44.7308021Z + oxlint 1.78.0
2026-10-09T17:33:44.7308289Z + pkg-pr-new 0.0.87
2026-10-09T17:33:44.7308561Z + semver 7.8.5
2026-10-09T17:33:44.7308815Z + shiki 4.0.2
2026-10-09T17:33:44.7309060Z + tsdown 0.22.14
2026-10-09T17:33:44.7309384Z + vite <- @voidzero-dev/vite-plus-core 0.1.24
2026-10-09T17:33:44.7309775Z + vite-plus 0.1.24
2026-10-09T17:33:44.7310062Z + vscode-languageclient 9.0.1
2026-10-09T17:33:44.7310418Z + vue-computed-inlay-oracle <- vue 3.5.41
2026-10-09T17:33:44.7310775Z + yaml 2.9.0
2026-10-09T17:33:44.7310923Z 
2026-10-09T17:33:44.7776674Z Done in 13.5s using pnpm v12.1.0
2026-10-09T17:33:45.5089954Z Registry index updated successfully
2026-10-09T17:33:45.5090491Z Symbols updated successfully
2026-10-09T17:33:45.5134109Z ##[group]Run set -euo pipefail
2026-10-09T17:33:45.5134648Z [36;1mset -euo pipefail[0m
2026-10-09T17:33:45.5135314Z [36;1mtest -n "$GH_TOKEN" || { echo "::error::Missing protected maintainer user credential"; exit 1; }[0m
2026-10-09T17:33:45.5135892Z [36;1mlogin=$(gh api user --jq 'select(.type == "User") | .login')[0m
2026-10-09T17:33:45.5136781Z [36;1mtest -n "$login" && test "$login" = "$GITHUB_ACTOR" && test "$login" = "$GITHUB_TRIGGERING_ACTOR" || { echo "::error::The user credential must belong to the original and current triggering maintainer"; exit 1; }[0m
2026-10-09T17:33:45.5137790Z [36;1mcase "$(gh api "repos/$GITHUB_REPOSITORY/collaborators/$login/permission" --jq '.role_name')" in[0m
2026-10-09T17:33:45.5138310Z [36;1m  maintain|admin) ;;[0m
2026-10-09T17:33:45.5138704Z [36;1m  *) echo "::error::The release operator requires maintain or admin"; exit 1 ;;[0m
2026-10-09T17:33:45.5139121Z [36;1mesac[0m
2026-10-09T17:33:45.5139380Z [36;1mid=$(gh api user --jq '.id')[0m
2026-10-09T17:33:45.5139666Z [36;1mgit config user.name "$login"[0m
2026-10-09T17:33:45.5140035Z [36;1mgit config user.email "$id+$login@users.noreply.github.com"[0m
2026-10-09T17:33:45.5140445Z [36;1mgh auth setup-git --hostname github.com[0m
2026-10-09T17:33:45.5140766Z [36;1mcase "$RELEASE_OPERATION" in[0m
2026-10-09T17:33:45.5141023Z [36;1m  start)[0m
2026-10-09T17:33:45.5141456Z [36;1m    test -z "$RELEASE_SOURCE_PR" || { echo "::error::A fresh cut cannot reuse a source PR input"; exit 1; }[0m
2026-10-09T17:33:45.5142195Z [36;1m    vp run release minor -y --pin[0m
2026-10-09T17:33:45.5142537Z [36;1m    ;;[0m
2026-10-09T17:33:45.5142774Z [36;1m  resume)[0m
2026-10-09T17:33:45.5143267Z [36;1m    [[ "$RELEASE_SOURCE_PR" =~ ^[1-9][0-9]*$ ]] || { echo "::error::Resume requires the original positive source PR number"; exit 1; }[0m
2026-10-09T17:33:45.5143880Z [36;1m    vp run release --resume "$RELEASE_SOURCE_PR" --pin[0m
2026-10-09T17:33:45.5144203Z [36;1m    ;;[0m
2026-10-09T17:33:45.5144479Z [36;1m  *) echo "::error::Unknown release operation"; exit 1 ;;[0m
2026-10-09T17:33:45.5144812Z [36;1mesac[0m
2026-10-09T17:33:45.5209802Z shell: /usr/bin/bash -e {0}
2026-10-09T17:33:45.5210073Z env:
2026-10-09T17:33:45.5210310Z   FORCE_JAVASCRIPT_ACTIONS_TO_NODE24: true
2026-10-09T17:33:45.5210613Z   CARGO_HOME: /home/runner/.cargo
2026-10-09T17:33:45.5210876Z   CARGO_INCREMENTAL: 0
2026-10-09T17:33:45.5211106Z   CARGO_TERM_COLOR: always
2026-10-09T17:33:45.5211368Z   MOON_HOME: /home/runner/work/_temp/moonbit
2026-10-09T17:33:45.5211708Z   MOON_BIN: /home/runner/work/_temp/moonbit-shims/moon
2026-10-09T17:33:45.5213223Z   GH_TOKEN: ***
2026-10-09T17:33:45.5213552Z   GITHUB_TOKEN: ***
2026-10-09T17:33:45.5213787Z   RELEASE_OPERATION: start
2026-10-09T17:33:45.5214041Z   RELEASE_SOURCE_PR: 
2026-10-09T17:33:45.5214302Z   VIZE_RELEASE_OPERATOR_TIMEOUT_SECONDS: 14400
2026-10-09T17:33:45.5214717Z   VIZE_RELEASE_EXPECTED_CUT_SHA: fbb31120ae0c6213f4d3ed2dbead67321e5a39a3
2026-10-09T17:33:45.5215124Z ##[endgroup]
2026-10-09T17:33:46.7829322Z $ sh -c '/home/runner/work/_temp/moonbit-shims/moon update && /home/runner/work/_temp/moonbit-shims/moon run -q --target native tools/moon/cmd/release -- "$@"' -- minor -y --pin ⊘ cache disabled
2026-10-09T17:33:47.7423833Z Registry index updated successfully
2026-10-09T17:33:47.7424397Z Symbols updated successfully
2026-10-09T17:33:59.1446923Z Scope: all 34 workspace projects
2026-10-09T17:33:59.2917182Z ✓ Lockfile passes supply-chain policies (verified 22s ago)
2026-10-09T17:33:59.2919723Z Lockfile is up to date, resolution step is skipped
2026-10-09T17:33:59.6155594Z Packages are hard linked from the content-addressable store to the virtual store.
2026-10-09T17:33:59.6163160Z   Content-addressable store is at: /home/runner/.local/share/pnpm/store/v11
2026-10-09T17:33:59.6164369Z   Virtual store is at:             node_modules/.pnpm
2026-10-09T17:34:00.6914791Z Progress: resolved 1204, reused 1204, downloaded 0, added 1197
2026-10-09T17:34:01.7580843Z Progress: resolved 1899, reused 1899, downloaded 0, added 1896
2026-10-09T17:34:01.8432573Z Packages: +1900
2026-10-09T17:34:01.8433817Z ++++++++++++++++++++++++++++++++++++++++++++++++++++++++++++++++++++++++++++++++
2026-10-09T17:34:02.1269109Z Progress: resolved 1900, reused 1900, downloaded 0, added 1900, done
2026-10-09T17:34:02.4859970Z 
2026-10-09T17:34:02.4860609Z optionalDependencies:
2026-10-09T17:34:02.4861186Z + @typescript/typescript-linux-x64 7.0.2
2026-10-09T17:34:02.4861598Z 
2026-10-09T17:34:02.4861778Z devDependencies:
2026-10-09T17:34:02.4862387Z + @babel/core 7.29.0
2026-10-09T17:34:02.4862850Z + @babel/plugin-syntax-typescript 7.28.6
2026-10-09T17:34:02.4863439Z + @iarna/toml 2.2.5
2026-10-09T17:34:02.4863802Z + @nuxt/eslint 1.16.0
2026-10-09T17:34:02.4864111Z + @nuxt/eslint-config 1.16.0
2026-10-09T17:34:02.4864437Z + @tsdown/css 0.22.14
2026-10-09T17:34:02.4864740Z + @types/node 25.9.2
2026-10-09T17:34:02.4865025Z + @types/vscode 1.75.0
2026-10-09T17:34:02.4865358Z + @vue/babel-plugin-jsx 2.0.1
2026-10-09T17:34:02.4865687Z + ajv 8.20.0
2026-10-09T17:34:02.4865941Z + glob 13.0.6
2026-10-09T17:34:02.4866242Z + json-schema-to-typescript 15.0.4
2026-10-09T17:34:02.4866589Z + node 24.14.0
2026-10-09T17:34:02.4866845Z + oxfmt 0.63.0
2026-10-09T17:34:02.4867103Z + oxlint 1.78.0
2026-10-09T17:34:02.4867375Z + pkg-pr-new 0.0.87
2026-10-09T17:34:02.4867659Z + semver 7.8.5
2026-10-09T17:34:02.4867919Z + shiki 4.0.2
2026-10-09T17:34:02.4868176Z + tsdown 0.22.14
2026-10-09T17:34:02.4868487Z + vite <- @voidzero-dev/vite-plus-core 0.1.24
2026-10-09T17:34:02.4868877Z + vite-plus 0.1.24
2026-10-09T17:34:02.4869175Z + vscode-languageclient 9.0.1
2026-10-09T17:34:02.4869540Z + vue-computed-inlay-oracle <- vue 3.5.41
2026-10-09T17:34:02.4869909Z + yaml 2.9.0
2026-10-09T17:34:02.4870056Z 
2026-10-09T17:34:02.4917680Z Done in 3.4s using pnpm v12.1.0
2026-10-09T17:34:02.5091885Z Release worktree: /tmp/vize-release-4719-fbb31120ae0c
2026-10-09T17:34:05.7957864Z Local release guard passed for v0.438.0.
2026-10-09T17:34:07.9585048Z ✔ esm packed npm manifests point at mjs and d.mts outputs (6.150678ms)
2026-10-09T17:34:07.9592843Z ✔ vite plugin publishes TypeScript client types for Vue imports (0.559432ms)
2026-10-09T17:34:07.9634279Z ✔ vite plugin type entry resolves direct Vue imports (1897.392649ms)
2026-10-09T17:34:07.9641844Z ✔ native package catalog pins and generated loader version checks stay aligned (66.058037ms)
2026-10-09T17:34:07.9643440Z ✔ pkl runtime stays optional for consumers of the vize package (0.379114ms)
2026-10-09T17:34:07.9645469Z ✔ vize package leaves Vue type versions to the consuming project (0.330292ms)
2026-10-09T17:34:07.9646856Z ✔ musea Nuxt tests the same vue-router major that it declares as a peer (0.341273ms)
2026-10-09T17:34:07.9648120Z ✔ published package manifests declare support metadata (0.91384ms)
2026-10-09T17:34:07.9649400Z ✔ documented install commands point at supported release artifacts (0.767916ms)
2026-10-09T17:34:07.9650814Z ✔ release workflow publishes npm packages after their npm dependencies (0.698034ms)
2026-10-09T17:34:07.9652549Z ✔ editor extension manifests keep expected defaults and version alignment (0.530067ms)
2026-10-09T17:34:07.9654133Z ✔ workspace package builds do not nest pnpm run commands (0.265039ms)
2026-10-09T17:34:07.9655501Z ✔ vize package delegates rule type generation to the workspace task (0.190479ms)
2026-10-09T17:34:07.9656841Z ✔ wasm package publishes the wrapper entrypoint and raw wasm assets (0.245682ms)
2026-10-09T17:34:07.9658087Z ✔ workspace TypeScript package builds use vp pack (0.604077ms)
2026-10-09T17:34:08.7504830Z ✔ one publisher reproduces the README, JSON and all ten public pages exactly (1906.046337ms)
2026-10-09T17:34:08.7513349Z ✔ re-rendering is idempotent and retains every rejected comparator and raw sample (864.542407ms)
2026-10-09T17:34:08.7514643Z ✔ missing or duplicate markers fail closed before any files can be published (2.628745ms)
2026-10-09T17:34:08.7516417Z ✔ legacy sections migrate once without changing the surrounding narrative (2.518868ms)
2026-10-09T17:34:09.4986182Z ✔ check detects locale drift and failed preparation writes nothing (762.303052ms)
2026-10-09T17:34:09.5393570Z ℹ tests 20
2026-10-09T17:34:09.5394079Z ℹ suites 0
2026-10-09T17:34:09.5394484Z ℹ pass 20
2026-10-09T17:34:09.5394910Z ℹ fail 0
2026-10-09T17:34:09.5395305Z ℹ cancelled 0
2026-10-09T17:34:09.5395725Z ℹ skipped 0
2026-10-09T17:34:09.5396141Z ℹ todo 0
2026-10-09T17:34:09.5396589Z ℹ duration_ms 3716.918237
2026-10-09T17:34:09.6070510Z [1m[92m    Updating[0m crates.io index
2026-10-09T17:34:09.6075410Z [1m[92m    Updating[0m git repository `https://github.com/oxc-project/oxc`
2026-10-09T17:34:40.4654233Z [1m[33mwarning[0m: patch `oxc_parser v0.142.0 (/tmp/vize-release-4719-fbb31120ae0c/vendor/oxc_parser_compat)` was not used in the crate graph
2026-10-09T17:34:40.4656379Z [1m[96mhelp[0m: Check that the patched package version and available features are compatible
2026-10-09T17:34:40.4657595Z       with the dependency requirements. If the patch has a different version from
2026-10-09T17:34:40.4658235Z       what is locked in the Cargo.lock file, run `cargo update` to use the new
2026-10-09T17:34:40.4659083Z       version. This may also occur with an optional dependency that is not enabled.
2026-10-09T17:34:40.4968009Z [1m[92m     Locking[0m 41 packages to highest Rust 1.95.0 compatible versions
2026-10-09T17:34:40.5282295Z [1m[92m    Updating[0m davinci_harness v0.437.0 (/tmp/vize-release-4719-fbb31120ae0c/tools/benchmarks/crates/davinci_harness) -> v0.438.0
2026-10-09T17:34:40.5284198Z [1m[92m    Updating[0m davinci_test_support v0.437.0 (/tmp/vize-release-4719-fbb31120ae0c/tests/davinci_test_support) -> v0.438.0
2026-10-09T17:34:40.6048556Z [1m[92m    Updating[0m vize v0.437.0 (/tmp/vize-release-4719-fbb31120ae0c/crates/vize) -> v0.438.0
2026-10-09T17:34:40.6050278Z [1m[92m    Updating[0m vize_armature v0.437.0 (/tmp/vize-release-4719-fbb31120ae0c/crates/vize_armature) -> v0.438.0
2026-10-09T17:34:40.6052213Z [1m[92m    Updating[0m vize_atelier_core v0.437.0 (/tmp/vize-release-4719-fbb31120ae0c/crates/vize_atelier_core) -> v0.438.0
2026-10-09T17:34:40.6053988Z [1m[92m    Updating[0m vize_atelier_dom v0.437.0 (/tmp/vize-release-4719-fbb31120ae0c/crates/vize_atelier_dom) -> v0.438.0
2026-10-09T17:34:40.6055669Z [1m[92m    Updating[0m vize_atelier_jsx v0.437.0 (/tmp/vize-release-4719-fbb31120ae0c/crates/vize_atelier_jsx) -> v0.438.0
2026-10-09T17:34:40.6056872Z [1m[92m    Updating[0m vize_atelier_sfc v0.437.0 (/tmp/vize-release-4719-fbb31120ae0c/crates/vize_atelier_sfc) -> v0.438.0
2026-10-09T17:34:40.6057925Z [1m[92m    Updating[0m vize_atelier_ssr v0.437.0 (/tmp/vize-release-4719-fbb31120ae0c/crates/vize_atelier_ssr) -> v0.438.0
2026-10-09T17:34:40.6059046Z [1m[92m    Updating[0m vize_atelier_vapor v0.437.0 (/tmp/vize-release-4719-fbb31120ae0c/crates/vize_atelier_vapor) -> v0.438.0
2026-10-09T17:34:40.6060148Z [1m[92m    Updating[0m vize_benchmarks v0.437.0 (/tmp/vize-release-4719-fbb31120ae0c/tools/benchmarks/crates/vize) -> v0.438.0
2026-10-09T17:34:40.6061168Z [1m[92m    Updating[0m vize_canon v0.437.0 (/tmp/vize-release-4719-fbb31120ae0c/crates/vize_canon) -> v0.438.0
2026-10-09T17:34:40.6062361Z [1m[92m    Updating[0m vize_carton v0.437.0 (/tmp/vize-release-4719-fbb31120ae0c/crates/vize_carton) -> v0.438.0
2026-10-09T17:34:40.6063234Z [1m[92m    Updating[0m vize_croquis v0.437.0 (/tmp/vize-release-4719-fbb31120ae0c/crates/vize_croquis) -> v0.438.0
2026-10-09T17:34:40.6064497Z [1m[92m    Updating[0m vize_croquis_cf v0.437.0 (/tmp/vize-release-4719-fbb31120ae0c/crates/vize_croquis_cf) -> v0.438.0
2026-10-09T17:34:40.6065362Z [1m[92m    Updating[0m vize_curator v0.437.0 (/tmp/vize-release-4719-fbb31120ae0c/crates/vize_curator) -> v0.438.0
2026-10-09T17:34:40.6066241Z [1m[92m    Updating[0m vize_dialect_moonbit v0.437.0 (/tmp/vize-release-4719-fbb31120ae0c/davinci/vize_dialect_moonbit) -> v0.438.0
2026-10-09T17:34:40.6067357Z [1m[92m    Updating[0m vize_doctor v0.437.0 (/tmp/vize-release-4719-fbb31120ae0c/crates/vize_doctor) -> v0.438.0
2026-10-09T17:34:40.6068273Z [1m[92m    Updating[0m vize_extension_contract v0.437.0 (/tmp/vize-release-4719-fbb31120ae0c/davinci/vize_extension_contract) -> v0.438.0
2026-10-09T17:34:40.6069395Z [1m[92m    Updating[0m vize_extension_host v0.437.0 (/tmp/vize-release-4719-fbb31120ae0c/davinci/vize_extension_host) -> v0.438.0
2026-10-09T17:34:40.6070260Z [1m[92m    Updating[0m vize_fresco v0.437.0 (/tmp/vize-release-4719-fbb31120ae0c/crates/vize_fresco) -> v0.438.0
2026-10-09T17:34:40.6071040Z [1m[92m    Updating[0m vize_glyph v0.437.0 (/tmp/vize-release-4719-fbb31120ae0c/crates/vize_glyph) -> v0.438.0
2026-10-09T17:34:40.6071821Z [1m[92m    Updating[0m vize_guest v0.437.0 (/tmp/vize-release-4719-fbb31120ae0c/davinci/vize_guest) -> v0.438.0
2026-10-09T17:34:40.6073036Z [1m[92m    Updating[0m vize_incremental v0.437.0 (/tmp/vize-release-4719-fbb31120ae0c/crates/vize_incremental) -> v0.438.0
2026-10-09T17:34:40.6073873Z [1m[92m    Updating[0m vize_l0 v0.437.0 (/tmp/vize-release-4719-fbb31120ae0c/davinci/vize_l0) -> v0.438.0
2026-10-09T17:34:40.6074689Z [1m[92m    Updating[0m vize_l0_derive v0.437.0 (/tmp/vize-release-4719-fbb31120ae0c/davinci/vize_l0_derive) -> v0.438.0
2026-10-09T17:34:40.6075503Z [1m[92m    Updating[0m vize_l1 v0.437.0 (/tmp/vize-release-4719-fbb31120ae0c/davinci/vize_l1) -> v0.438.0
2026-10-09T17:34:40.6076281Z [1m[92m    Updating[0m vize_l1_to_l2 v0.437.0 (/tmp/vize-release-4719-fbb31120ae0c/davinci/vize_l1_to_l2) -> v0.438.0
2026-10-09T17:34:40.6077032Z [1m[92m    Updating[0m vize_l2 v0.437.0 (/tmp/vize-release-4719-fbb31120ae0c/davinci/vize_l2) -> v0.438.0
2026-10-09T17:34:40.6077794Z [1m[92m    Updating[0m vize_l2_to_l3 v0.437.0 (/tmp/vize-release-4719-fbb31120ae0c/davinci/vize_l2_to_l3) -> v0.438.0
2026-10-09T17:34:40.6078538Z [1m[92m    Updating[0m vize_l3 v0.437.0 (/tmp/vize-release-4719-fbb31120ae0c/davinci/vize_l3) -> v0.438.0
2026-10-09T17:34:40.6079250Z [1m[92m    Updating[0m vize_l4 v0.437.0 (/tmp/vize-release-4719-fbb31120ae0c/davinci/vize_l4) -> v0.438.0
2026-10-09T17:34:40.6080011Z [1m[92m    Updating[0m vize_maestro v0.437.0 (/tmp/vize-release-4719-fbb31120ae0c/crates/vize_maestro) -> v0.438.0
2026-10-09T17:34:40.6080837Z [1m[92m    Updating[0m vize_marquette v0.437.0 (/tmp/vize-release-4719-fbb31120ae0c/crates/vize_marquette) -> v0.438.0
2026-10-09T17:34:40.6081629Z [1m[92m    Updating[0m vize_musea v0.437.0 (/tmp/vize-release-4719-fbb31120ae0c/crates/vize_musea) -> v0.438.0
2026-10-09T17:34:40.6082740Z [1m[92m    Updating[0m vize_oxc_formatter v0.437.0 (/tmp/vize-release-4719-fbb31120ae0c/vendor/oxc_formatter) -> v0.438.0
2026-10-09T17:34:40.6083584Z [1m[92m    Updating[0m vize_oxc_parser v0.437.0 (/tmp/vize-release-4719-fbb31120ae0c/vendor/oxc_parser) -> v0.438.0
2026-10-09T17:34:40.6084384Z [1m[92m    Updating[0m vize_patina v0.437.0 (/tmp/vize-release-4719-fbb31120ae0c/crates/vize_patina) -> v0.438.0
2026-10-09T17:34:40.6085165Z [1m[92m    Updating[0m vize_relief v0.437.0 (/tmp/vize-release-4719-fbb31120ae0c/crates/vize_relief) -> v0.438.0
2026-10-09T17:34:40.6085976Z [1m[92m    Updating[0m vize_test_runner v0.437.0 (/tmp/vize-release-4719-fbb31120ae0c/tests/vize_test_runner) -> v0.438.0
2026-10-09T17:34:40.6086807Z [1m[92m    Updating[0m vize_vitrine v0.437.0 (/tmp/vize-release-4719-fbb31120ae0c/crates/vize_vitrine) -> v0.438.0
2026-10-09T17:34:40.6332417Z [1m[92mnote[0m: pass `--verbose` to see 172 unchanged dependencies behind latest
2026-10-09T17:34:40.8681110Z [1m[92m    Updating[0m crates.io index
2026-10-09T17:34:40.9263299Z [1m[92m     Locking[0m 1 package to highest Rust 1.99.0 compatible version
2026-10-09T17:34:40.9579087Z [1m[92m    Updating[0m vize-zed-extension v0.437.0 (/tmp/vize-release-4719-fbb31120ae0c/editors/zed) -> v0.438.0
2026-10-09T17:34:40.9739693Z [1m[92mnote[0m: pass `--verbose` to see 49 unchanged dependencies behind latest
2026-10-09T17:34:44.3623218Z [detached HEAD f58ba3592] chore: release v0.438.0
2026-10-09T17:34:44.3624278Z  37 files changed, 134 insertions(+), 134 deletions(-)
2026-10-09T17:34:46.4592210Z ✔ esm packed npm manifests point at mjs and d.mts outputs (4.142764ms)
2026-10-09T17:34:46.4633216Z ✔ vite plugin publishes TypeScript client types for Vue imports (0.789986ms)
2026-10-09T17:34:46.4648468Z ✔ vite plugin type entry resolves direct Vue imports (1822.696872ms)
2026-10-09T17:34:46.4683298Z ✔ native package catalog pins and generated loader version checks stay aligned (65.329129ms)
2026-10-09T17:34:46.4698691Z ✔ pkl runtime stays optional for consumers of the vize package (0.491906ms)
2026-10-09T17:34:46.4699843Z ✔ vize package leaves Vue type versions to the consuming project (0.376208ms)
2026-10-09T17:34:46.4702551Z ✔ musea Nuxt tests the same vue-router major that it declares as a peer (0.45204ms)
2026-10-09T17:34:46.4703572Z ✔ published package manifests declare support metadata (1.181442ms)
2026-10-09T17:34:46.4704573Z ✔ documented install commands point at supported release artifacts (0.84502ms)
2026-10-09T17:34:46.4705263Z ✔ release workflow publishes npm packages after their npm dependencies (0.86129ms)
2026-10-09T17:34:46.4705940Z ✔ editor extension manifests keep expected defaults and version alignment (0.733259ms)
2026-10-09T17:34:46.4706549Z ✔ workspace package builds do not nest pnpm run commands (0.326473ms)
2026-10-09T17:34:46.4707133Z ✔ vize package delegates rule type generation to the workspace task (0.256943ms)
2026-10-09T17:34:46.4707730Z ✔ wasm package publishes the wrapper entrypoint and raw wasm assets (0.344488ms)
2026-10-09T17:34:46.4708266Z ✔ workspace TypeScript package builds use vp pack (0.827787ms)
2026-10-09T17:34:46.5070982Z ✔ one publisher reproduces the README, JSON and all ten public pages exactly (1949.423262ms)
2026-10-09T17:34:47.3299475Z ✔ re-rendering is idempotent and retains every rejected comparator and raw sample (818.594024ms)
2026-10-09T17:34:47.3301438Z ✔ missing or duplicate markers fail closed before any files can be published (2.683036ms)
2026-10-09T17:34:47.3302885Z ✔ legacy sections migrate once without changing the surrounding narrative (2.338638ms)
2026-10-09T17:34:48.0995205Z ✔ check detects locale drift and failed preparation writes nothing (783.819338ms)
2026-10-09T17:34:48.1382570Z ℹ tests 20
2026-10-09T17:34:48.1382992Z ℹ suites 0
2026-10-09T17:34:48.1383231Z ℹ pass 20
2026-10-09T17:34:48.1383444Z ℹ fail 0
2026-10-09T17:34:48.1383659Z ℹ cancelled 0
2026-10-09T17:34:48.1383897Z ℹ skipped 0
2026-10-09T17:34:48.1384110Z ℹ todo 0
2026-10-09T17:34:48.1384340Z ℹ duration_ms 3747.133774
2026-10-09T17:34:48.1431483Z Current version: 0.437.0
2026-10-09T17:34:48.1432181Z New version: 0.438.0 (tag: v0.438.0)
2026-10-09T17:34:48.1432540Z 
2026-10-09T17:34:48.1432823Z Verifying manifest alignment before repository mutation...
2026-10-09T17:34:48.1433520Z Updating Cargo.toml...
2026-10-09T17:34:48.1433906Z Updating Cargo.lock...
2026-10-09T17:34:48.1434278Z Updating npm packages...
2026-10-09T17:34:48.1434575Z   Updated npm/fresco-native/package.json
2026-10-09T17:34:48.1435087Z   Updated npm/fresco/package.json
2026-10-09T17:34:48.1435610Z   Updated npm/mcp-musea/package.json
2026-10-09T17:34:48.1436166Z   Updated npm/ui/package.json
2026-10-09T17:34:48.1436655Z   Updated npm/native/package.json
2026-10-09T17:34:48.1437113Z   Updated npm/wasm/package.json
2026-10-09T17:34:48.1437553Z   Updated npm/marquette/package.json
2026-10-09T17:34:48.1437991Z   Updated npm/devtools/package.json
2026-10-09T17:34:48.1438451Z   Updated npm/extension-sdk/package.json
2026-10-09T17:34:48.1438992Z   Updated npm/cli/package.json
2026-10-09T17:34:48.1439454Z   Updated npm/plugin-sdk/package.json
2026-10-09T17:34:48.1440022Z   Updated npm/oxlint/package.json
2026-10-09T17:34:48.1440550Z   Updated editors/vscode/package.json
2026-10-09T17:34:48.1441083Z   Updated editors/vscode-art/package.json
2026-10-09T17:34:48.1441666Z   Updated npm/builder/rspack/package.json
2026-10-09T17:34:48.1442479Z   Updated npm/builder/unplugin/package.json
2026-10-09T17:34:48.1442970Z   Updated npm/builder/vite/package.json
2026-10-09T17:34:48.1443630Z   Updated npm/builder/vite-musea/package.json
2026-10-09T17:34:48.1443957Z   Updated npm/compose/core/package.json
2026-10-09T17:34:48.1444377Z   Updated npm/compose/data/package.json
2026-10-09T17:34:48.1444714Z   Updated npm/compose/router/package.json
2026-10-09T17:34:48.1445023Z   Updated npm/compose/state/package.json
2026-10-09T17:34:48.1445350Z   Updated npm/framework/musea-nuxt/package.json
2026-10-09T17:34:48.1445672Z   Updated npm/framework/nuxt/package.json
2026-10-09T17:34:48.1446004Z   Updated npm/framework/nuxt-lint-config/package.json
2026-10-09T17:34:48.1446336Z   Updated pnpm-workspace.yaml
2026-10-09T17:34:48.1446653Z   Updated pnpm-lock.yaml native-binaries catalog block
2026-10-09T17:34:48.1446988Z   Updated editors/zed/Cargo.toml
2026-10-09T17:34:48.1447264Z   Updated editors/zed/extension.toml
2026-10-09T17:34:48.1447536Z   Updated editors/zed/Cargo.lock
2026-10-09T17:34:48.1447916Z   Updated davinci/vize_extension_host/tests/guests/expression-echo/Cargo.lock
2026-10-09T17:34:48.1448427Z   Updated davinci/vize_extension_host/tests/guests/output-echo/Cargo.lock
2026-10-09T17:34:48.1448980Z   Updated davinci/vize_extension_host/tests/guests/typed-expression-echo/Cargo.lock
2026-10-09T17:34:48.1449417Z   Updated examples/volt-target/Cargo.lock
2026-10-09T17:34:48.1449700Z Updating READMEs...
2026-10-09T17:34:48.1449915Z Committing changes...
2026-10-09T17:34:48.1450267Z Verifying manifest alignment with tests/tooling/package-manifests.test.ts...
2026-10-09T17:34:48.1450726Z Release candidate commit prepared; no tag was created.
2026-10-09T17:34:53.7180572Z https://github.com/ubugeeei-prod/vize/pull/8341
2026-10-09T17:34:56.3697672Z Scope: all 34 workspace projects
2026-10-09T17:34:56.5349712Z ✓ Lockfile passes supply-chain policies (verified 1m ago)
2026-10-09T17:34:56.5350492Z Lockfile is up to date, resolution step is skipped
2026-10-09T17:34:56.8746587Z Packages are hard linked from the content-addressable store to the virtual store.
2026-10-09T17:34:56.8748023Z   Content-addressable store is at: /home/runner/.local/share/pnpm/store/v11
2026-10-09T17:34:56.8749490Z   Virtual store is at:             node_modules/.pnpm
2026-10-09T17:34:57.8763073Z Progress: resolved 1263, reused 1263, downloaded 0, added 1256
2026-10-09T17:34:58.9845647Z Progress: resolved 1851, reused 1851, downloaded 0, added 1844
2026-10-09T17:34:59.1162660Z Packages: +1900
2026-10-09T17:34:59.1193100Z ++++++++++++++++++++++++++++++++++++++++++++++++++++++++++++++++++++++++++++++++
2026-10-09T17:34:59.2717366Z Progress: resolved 1900, reused 1900, downloaded 0, added 1900, done
2026-10-09T17:34:59.6427814Z 
2026-10-09T17:34:59.6428268Z optionalDependencies:
2026-10-09T17:34:59.6428770Z + @typescript/typescript-linux-x64 7.0.2
2026-10-09T17:34:59.6429115Z 
2026-10-09T17:34:59.6429266Z devDependencies:
2026-10-09T17:34:59.6429622Z + @babel/core 7.29.0
2026-10-09T17:34:59.6430019Z + @babel/plugin-syntax-typescript 7.28.6
2026-10-09T17:34:59.6430396Z + @iarna/toml 2.2.5
2026-10-09T17:34:59.6430677Z + @nuxt/eslint 1.16.0
2026-10-09T17:34:59.6430962Z + @nuxt/eslint-config 1.16.0
2026-10-09T17:34:59.6431253Z + @tsdown/css 0.22.14
2026-10-09T17:34:59.6431524Z + @types/node 25.9.2
2026-10-09T17:34:59.6431783Z + @types/vscode 1.75.0
2026-10-09T17:34:59.6432338Z + @vue/babel-plugin-jsx 2.0.1
2026-10-09T17:34:59.6432643Z + ajv 8.20.0
2026-10-09T17:34:59.6432883Z + glob 13.0.6
2026-10-09T17:34:59.6433146Z + json-schema-to-typescript 15.0.4
2026-10-09T17:34:59.6433462Z + node 24.14.0
2026-10-09T17:34:59.6433697Z + oxfmt 0.63.0
2026-10-09T17:34:59.6433938Z + oxlint 1.78.0
2026-10-09T17:34:59.6434187Z + pkg-pr-new 0.0.87
2026-10-09T17:34:59.6434440Z + semver 7.8.5
2026-10-09T17:34:59.6434682Z + shiki 4.0.2
2026-10-09T17:34:59.6434916Z + tsdown 0.22.14
2026-10-09T17:34:59.6435196Z + vite <- @voidzero-dev/vite-plus-core 0.1.24
2026-10-09T17:34:59.6435559Z + vite-plus 0.1.24
2026-10-09T17:34:59.6435828Z + vscode-languageclient 9.0.1
2026-10-09T17:34:59.6436160Z + vue-computed-inlay-oracle <- vue 3.5.41
2026-10-09T17:34:59.6436759Z + yaml 2.9.0
2026-10-09T17:34:59.6436905Z 
2026-10-09T17:34:59.6487229Z Done in 3.3s using pnpm v12.1.0
2026-10-09T17:34:59.6669103Z Release worktree: /tmp/vize-release-integration-4719-fbb31120ae0c
2026-10-09T17:35:02.9374869Z Local release guard passed for v0.438.0.
2026-10-09T17:35:05.1175918Z ✔ esm packed npm manifests point at mjs and d.mts outputs (5.690168ms)
2026-10-09T17:35:05.1180139Z ✔ vite plugin publishes TypeScript client types for Vue imports (0.969933ms)
2026-10-09T17:35:05.1181120Z ✔ vite plugin type entry resolves direct Vue imports (1903.754278ms)
2026-10-09T17:35:05.1182839Z ✔ native package catalog pins and generated loader version checks stay aligned (78.992762ms)
2026-10-09T17:35:05.1189487Z ✔ pkl runtime stays optional for consumers of the vize package (0.433118ms)
2026-10-09T17:35:05.1212165Z ✔ vize package leaves Vue type versions to the consuming project (0.31727ms)
2026-10-09T17:35:05.1213263Z ✔ musea Nuxt tests the same vue-router major that it declares as a peer (0.408231ms)
2026-10-09T17:35:05.1213852Z ✔ published package manifests declare support metadata (0.988817ms)
2026-10-09T17:35:05.1214442Z ✔ documented install commands point at supported release artifacts (0.672069ms)
2026-10-09T17:35:05.1215986Z ✔ release workflow publishes npm packages after their npm dependencies (0.711764ms)
2026-10-09T17:35:05.1217379Z ✔ editor extension manifests keep expected defaults and version alignment (0.625731ms)
2026-10-09T17:35:05.1218702Z ✔ workspace package builds do not nest pnpm run commands (0.245062ms)
2026-10-09T17:35:05.1229390Z ✔ vize package delegates rule type generation to the workspace task (0.196161ms)
2026-10-09T17:35:05.1231071Z ✔ wasm package publishes the wrapper entrypoint and raw wasm assets (0.242217ms)
2026-10-09T17:35:05.1243359Z ✔ workspace TypeScript package builds use vp pack (0.591477ms)
2026-10-09T17:35:05.9113414Z ✔ one publisher reproduces the README, JSON and all ten public pages exactly (1893.937892ms)
2026-10-09T17:35:05.9117434Z ✔ re-rendering is idempotent and retains every rejected comparator and raw sample (879.912641ms)
2026-10-09T17:35:05.9120537Z ✔ missing or duplicate markers fail closed before any files can be published (2.64859ms)
2026-10-09T17:35:05.9122613Z ✔ legacy sections migrate once without changing the surrounding narrative (2.44671ms)
2026-10-09T17:35:06.6933708Z ✔ check detects locale drift and failed preparation writes nothing (795.990621ms)
2026-10-09T17:35:06.7344481Z ℹ tests 20
2026-10-09T17:35:06.7345208Z ℹ suites 0
2026-10-09T17:35:06.7345756Z ℹ pass 20
2026-10-09T17:35:06.7346312Z ℹ fail 0
2026-10-09T17:35:06.7346870Z ℹ cancelled 0
2026-10-09T17:35:06.7347501Z ℹ skipped 0
2026-10-09T17:35:06.7348075Z ℹ todo 0
2026-10-09T17:35:06.7348678Z ℹ duration_ms 3769.482146
2026-10-09T17:35:06.9145354Z [1m[33mwarning[0m: patch `oxc_parser v0.142.0 (/tmp/vize-release-integration-4719-fbb31120ae0c/vendor/oxc_parser_compat)` was not used in the crate graph
2026-10-09T17:35:06.9147727Z [1m[96mhelp[0m: Check that the patched package version and available features are compatible
2026-10-09T17:35:06.9148732Z       with the dependency requirements. If the patch has a different version from
2026-10-09T17:35:06.9149454Z       what is locked in the Cargo.lock file, run `cargo update` to use the new
2026-10-09T17:35:06.9150145Z       version. This may also occur with an optional dependency that is not enabled.
2026-10-09T17:35:06.9230298Z [1m[92m     Locking[0m 41 packages to highest Rust 1.95.0 compatible versions
2026-10-09T17:35:06.9890061Z [1m[92m    Updating[0m davinci_harness v0.437.0 (/tmp/vize-release-integration-4719-fbb31120ae0c/tools/benchmarks/crates/davinci_harness) -> v0.438.0
2026-10-09T17:35:06.9892407Z [1m[92m    Updating[0m davinci_test_support v0.437.0 (/tmp/vize-release-integration-4719-fbb31120ae0c/tests/davinci_test_support) -> v0.438.0
2026-10-09T17:35:07.1232927Z [1m[92m    Updating[0m vize v0.437.0 (/tmp/vize-release-integration-4719-fbb31120ae0c/crates/vize) -> v0.438.0
2026-10-09T17:35:07.1235542Z [1m[92m    Updating[0m vize_armature v0.437.0 (/tmp/vize-release-integration-4719-fbb31120ae0c/crates/vize_armature) -> v0.438.0
2026-10-09T17:35:07.1238023Z [1m[92m    Updating[0m vize_atelier_core v0.437.0 (/tmp/vize-release-integration-4719-fbb31120ae0c/crates/vize_atelier_core) -> v0.438.0
2026-10-09T17:35:07.1239389Z [1m[92m    Updating[0m vize_atelier_dom v0.437.0 (/tmp/vize-release-integration-4719-fbb31120ae0c/crates/vize_atelier_dom) -> v0.438.0
2026-10-09T17:35:07.1240719Z [1m[92m    Updating[0m vize_atelier_jsx v0.437.0 (/tmp/vize-release-integration-4719-fbb31120ae0c/crates/vize_atelier_jsx) -> v0.438.0
2026-10-09T17:35:07.1242316Z [1m[92m    Updating[0m vize_atelier_sfc v0.437.0 (/tmp/vize-release-integration-4719-fbb31120ae0c/crates/vize_atelier_sfc) -> v0.438.0
2026-10-09T17:35:07.1243568Z [1m[92m    Updating[0m vize_atelier_ssr v0.437.0 (/tmp/vize-release-integration-4719-fbb31120ae0c/crates/vize_atelier_ssr) -> v0.438.0
2026-10-09T17:35:07.1244830Z [1m[92m    Updating[0m vize_atelier_vapor v0.437.0 (/tmp/vize-release-integration-4719-fbb31120ae0c/crates/vize_atelier_vapor) -> v0.438.0
2026-10-09T17:35:07.1246101Z [1m[92m    Updating[0m vize_benchmarks v0.437.0 (/tmp/vize-release-integration-4719-fbb31120ae0c/tools/benchmarks/crates/vize) -> v0.438.0
2026-10-09T17:35:07.1247323Z [1m[92m    Updating[0m vize_canon v0.437.0 (/tmp/vize-release-integration-4719-fbb31120ae0c/crates/vize_canon) -> v0.438.0
2026-10-09T17:35:07.1248442Z [1m[92m    Updating[0m vize_carton v0.437.0 (/tmp/vize-release-integration-4719-fbb31120ae0c/crates/vize_carton) -> v0.438.0
2026-10-09T17:35:07.1249566Z [1m[92m    Updating[0m vize_croquis v0.437.0 (/tmp/vize-release-integration-4719-fbb31120ae0c/crates/vize_croquis) -> v0.438.0
2026-10-09T17:35:07.1250730Z [1m[92m    Updating[0m vize_croquis_cf v0.437.0 (/tmp/vize-release-integration-4719-fbb31120ae0c/crates/vize_croquis_cf) -> v0.438.0
2026-10-09T17:35:07.1251901Z [1m[92m    Updating[0m vize_curator v0.437.0 (/tmp/vize-release-integration-4719-fbb31120ae0c/crates/vize_curator) -> v0.438.0
2026-10-09T17:35:07.1253326Z [1m[92m    Updating[0m vize_dialect_moonbit v0.437.0 (/tmp/vize-release-integration-4719-fbb31120ae0c/davinci/vize_dialect_moonbit) -> v0.438.0
2026-10-09T17:35:07.1254303Z [1m[92m    Updating[0m vize_doctor v0.437.0 (/tmp/vize-release-integration-4719-fbb31120ae0c/crates/vize_doctor) -> v0.438.0
2026-10-09T17:35:07.1255311Z [1m[92m    Updating[0m vize_extension_contract v0.437.0 (/tmp/vize-release-integration-4719-fbb31120ae0c/davinci/vize_extension_contract) -> v0.438.0
2026-10-09T17:35:07.1256399Z [1m[92m    Updating[0m vize_extension_host v0.437.0 (/tmp/vize-release-integration-4719-fbb31120ae0c/davinci/vize_extension_host) -> v0.438.0
2026-10-09T17:35:07.1257364Z [1m[92m    Updating[0m vize_fresco v0.437.0 (/tmp/vize-release-integration-4719-fbb31120ae0c/crates/vize_fresco) -> v0.438.0
2026-10-09T17:35:07.1258255Z [1m[92m    Updating[0m vize_glyph v0.437.0 (/tmp/vize-release-integration-4719-fbb31120ae0c/crates/vize_glyph) -> v0.438.0
2026-10-09T17:35:07.1259665Z [1m[92m    Updating[0m vize_guest v0.437.0 (/tmp/vize-release-integration-4719-fbb31120ae0c/davinci/vize_guest) -> v0.438.0
2026-10-09T17:35:07.1260663Z [1m[92m    Updating[0m vize_incremental v0.437.0 (/tmp/vize-release-integration-4719-fbb31120ae0c/crates/vize_incremental) -> v0.438.0
2026-10-09T17:35:07.1261636Z [1m[92m    Updating[0m vize_l0 v0.437.0 (/tmp/vize-release-integration-4719-fbb31120ae0c/davinci/vize_l0) -> v0.438.0
2026-10-09T17:35:07.1262721Z [1m[92m    Updating[0m vize_l0_derive v0.437.0 (/tmp/vize-release-integration-4719-fbb31120ae0c/davinci/vize_l0_derive) -> v0.438.0
2026-10-09T17:35:07.1263611Z [1m[92m    Updating[0m vize_l1 v0.437.0 (/tmp/vize-release-integration-4719-fbb31120ae0c/davinci/vize_l1) -> v0.438.0
2026-10-09T17:35:07.1264533Z [1m[92m    Updating[0m vize_l1_to_l2 v0.437.0 (/tmp/vize-release-integration-4719-fbb31120ae0c/davinci/vize_l1_to_l2) -> v0.438.0
2026-10-09T17:35:07.1265598Z [1m[92m    Updating[0m vize_l2 v0.437.0 (/tmp/vize-release-integration-4719-fbb31120ae0c/davinci/vize_l2) -> v0.438.0
2026-10-09T17:35:07.1266608Z [1m[92m    Updating[0m vize_l2_to_l3 v0.437.0 (/tmp/vize-release-integration-4719-fbb31120ae0c/davinci/vize_l2_to_l3) -> v0.438.0
2026-10-09T17:35:07.1267476Z [1m[92m    Updating[0m vize_l3 v0.437.0 (/tmp/vize-release-integration-4719-fbb31120ae0c/davinci/vize_l3) -> v0.438.0
2026-10-09T17:35:07.1268303Z [1m[92m    Updating[0m vize_l4 v0.437.0 (/tmp/vize-release-integration-4719-fbb31120ae0c/davinci/vize_l4) -> v0.438.0
2026-10-09T17:35:07.1269174Z [1m[92m    Updating[0m vize_maestro v0.437.0 (/tmp/vize-release-integration-4719-fbb31120ae0c/crates/vize_maestro) -> v0.438.0
2026-10-09T17:35:07.1270109Z [1m[92m    Updating[0m vize_marquette v0.437.0 (/tmp/vize-release-integration-4719-fbb31120ae0c/crates/vize_marquette) -> v0.438.0
2026-10-09T17:35:07.1271025Z [1m[92m    Updating[0m vize_musea v0.437.0 (/tmp/vize-release-integration-4719-fbb31120ae0c/crates/vize_musea) -> v0.438.0
2026-10-09T17:35:07.1272097Z [1m[92m    Updating[0m vize_oxc_formatter v0.437.0 (/tmp/vize-release-integration-4719-fbb31120ae0c/vendor/oxc_formatter) -> v0.438.0
2026-10-09T17:35:07.1273044Z [1m[92m    Updating[0m vize_oxc_parser v0.437.0 (/tmp/vize-release-integration-4719-fbb31120ae0c/vendor/oxc_parser) -> v0.438.0
2026-10-09T17:35:07.1273955Z [1m[92m    Updating[0m vize_patina v0.437.0 (/tmp/vize-release-integration-4719-fbb31120ae0c/crates/vize_patina) -> v0.438.0
2026-10-09T17:35:07.1274864Z [1m[92m    Updating[0m vize_relief v0.437.0 (/tmp/vize-release-integration-4719-fbb31120ae0c/crates/vize_relief) -> v0.438.0
2026-10-09T17:35:07.1275795Z [1m[92m    Updating[0m vize_test_runner v0.437.0 (/tmp/vize-release-integration-4719-fbb31120ae0c/tests/vize_test_runner) -> v0.438.0
2026-10-09T17:35:07.1276737Z [1m[92m    Updating[0m vize_vitrine v0.437.0 (/tmp/vize-release-integration-4719-fbb31120ae0c/crates/vize_vitrine) -> v0.438.0
2026-10-09T17:35:07.2785348Z [1m[92mnote[0m: pass `--verbose` to see 172 unchanged dependencies behind latest
2026-10-09T17:35:07.5345189Z [1m[92m     Locking[0m 1 package to highest Rust 1.99.0 compatible version
2026-10-09T17:35:07.5656208Z [1m[92m    Updating[0m vize-zed-extension v0.437.0 (/tmp/vize-release-integration-4719-fbb31120ae0c/editors/zed) -> v0.438.0
2026-10-09T17:35:07.5814570Z [1m[92mnote[0m: pass `--verbose` to see 49 unchanged dependencies behind latest
2026-10-09T17:35:11.0311052Z [detached HEAD 0879b04bc] chore: release v0.438.0
2026-10-09T17:35:11.0311832Z  37 files changed, 134 insertions(+), 134 deletions(-)
2026-10-09T17:35:13.3129004Z ✔ esm packed npm manifests point at mjs and d.mts outputs (5.066859ms)
2026-10-09T17:35:13.3140749Z ✔ vite plugin publishes TypeScript client types for Vue imports (0.836222ms)
2026-10-09T17:35:13.3142411Z ✔ vite plugin type entry resolves direct Vue imports (1979.656007ms)
2026-10-09T17:35:13.3143823Z ✔ native package catalog pins and generated loader version checks stay aligned (98.760719ms)
2026-10-09T17:35:13.3145304Z ✔ pkl runtime stays optional for consumers of the vize package (0.525718ms)
2026-10-09T17:35:13.3163046Z ✔ vize package leaves Vue type versions to the consuming project (0.566966ms)
2026-10-09T17:35:13.3193088Z ✔ musea Nuxt tests the same vue-router major that it declares as a peer (0.517143ms)
2026-10-09T17:35:13.3238475Z ✔ published package manifests declare support metadata (2.545656ms)
2026-10-09T17:35:13.3313345Z ✔ documented install commands point at supported release artifacts (0.939877ms)
2026-10-09T17:35:13.3343120Z ✔ release workflow publishes npm packages after their npm dependencies (0.825983ms)
2026-10-09T17:35:13.3344517Z ✔ editor extension manifests keep expected defaults and version alignment (1.282943ms)
2026-10-09T17:35:13.3373270Z ✔ workspace package builds do not nest pnpm run commands (0.320433ms)
2026-10-09T17:35:13.3374686Z ✔ vize package delegates rule type generation to the workspace task (0.25488ms)
2026-10-09T17:35:13.3376353Z ✔ wasm package publishes the wrapper entrypoint and raw wasm assets (0.300024ms)
2026-10-09T17:35:13.3377582Z ✔ workspace TypeScript package builds use vp pack (2.366971ms)
2026-10-09T17:35:13.4166433Z ✔ one publisher reproduces the README, JSON and all ten public pages exactly (2185.977778ms)
2026-10-09T17:35:14.3824562Z ✔ re-rendering is idempotent and retains every rejected comparator and raw sample (960.775809ms)
2026-10-09T17:35:14.3825804Z ✔ missing or duplicate markers fail closed before any files can be published (2.709234ms)
2026-10-09T17:35:14.3826496Z ✔ legacy sections migrate once without changing the surrounding narrative (2.467359ms)
2026-10-09T17:35:15.3021596Z ✔ check detects locale drift and failed preparation writes nothing (934.551635ms)
2026-10-09T17:35:15.3422212Z ℹ tests 20
2026-10-09T17:35:15.3422590Z ℹ suites 0
2026-10-09T17:35:15.3422823Z ℹ pass 20
2026-10-09T17:35:15.3423033Z ℹ fail 0
2026-10-09T17:35:15.3423245Z ℹ cancelled 0
2026-10-09T17:35:15.3423482Z ℹ skipped 0
2026-10-09T17:35:15.3423730Z ℹ todo 0
2026-10-09T17:35:15.3423958Z ℹ duration_ms 4283.393973
2026-10-09T17:35:15.3477895Z Current version: 0.437.0
2026-10-09T17:35:15.3478614Z New version: 0.438.0 (tag: v0.438.0)
2026-10-09T17:35:15.3478949Z 
2026-10-09T17:35:15.3479235Z Verifying manifest alignment before repository mutation...
2026-10-09T17:35:15.3479795Z Updating Cargo.toml...
2026-10-09T17:35:15.3480059Z Updating Cargo.lock...
2026-10-09T17:35:15.3480306Z Updating npm packages...
2026-10-09T17:35:15.3480579Z   Updated npm/fresco-native/package.json
2026-10-09T17:35:15.3480978Z   Updated npm/fresco/package.json
2026-10-09T17:35:15.3481432Z   Updated npm/mcp-musea/package.json
2026-10-09T17:35:15.3482132Z   Updated npm/ui/package.json
2026-10-09T17:35:15.3482456Z   Updated npm/native/package.json
2026-10-09T17:35:15.3482730Z   Updated npm/wasm/package.json
2026-10-09T17:35:15.3483003Z   Updated npm/marquette/package.json
2026-10-09T17:35:15.3483284Z   Updated npm/devtools/package.json
2026-10-09T17:35:15.3483588Z   Updated npm/extension-sdk/package.json
2026-10-09T17:35:15.3483888Z   Updated npm/cli/package.json
2026-10-09T17:35:15.3484173Z   Updated npm/plugin-sdk/package.json
2026-10-09T17:35:15.3484467Z   Updated npm/oxlint/package.json
2026-10-09T17:35:15.3484743Z   Updated editors/vscode/package.json
2026-10-09T17:35:15.3485032Z   Updated editors/vscode-art/package.json
2026-10-09T17:35:15.3485331Z   Updated npm/builder/rspack/package.json
2026-10-09T17:35:15.3485635Z   Updated npm/builder/unplugin/package.json
2026-10-09T17:35:15.3485948Z   Updated npm/builder/vite/package.json
2026-10-09T17:35:15.3486261Z   Updated npm/builder/vite-musea/package.json
2026-10-09T17:35:15.3486611Z   Updated npm/compose/core/package.json
2026-10-09T17:35:15.3486900Z   Updated npm/compose/data/package.json
2026-10-09T17:35:15.3487189Z   Updated npm/compose/router/package.json
2026-10-09T17:35:15.3487482Z   Updated npm/compose/state/package.json
2026-10-09T17:35:15.3487793Z   Updated npm/framework/musea-nuxt/package.json
2026-10-09T17:35:15.3488126Z   Updated npm/framework/nuxt/package.json
2026-10-09T17:35:15.3488471Z   Updated npm/framework/nuxt-lint-config/package.json
2026-10-09T17:35:15.3488830Z   Updated pnpm-workspace.yaml
2026-10-09T17:35:15.3489285Z   Updated pnpm-lock.yaml native-binaries catalog block
2026-10-09T17:35:15.3489821Z   Updated editors/zed/Cargo.toml
2026-10-09T17:35:15.3490276Z   Updated editors/zed/extension.toml
2026-10-09T17:35:15.3490762Z   Updated editors/zed/Cargo.lock
2026-10-09T17:35:15.3491392Z   Updated davinci/vize_extension_host/tests/guests/expression-echo/Cargo.lock
2026-10-09T17:35:15.3492540Z   Updated davinci/vize_extension_host/tests/guests/output-echo/Cargo.lock
2026-10-09T17:35:15.3493143Z   Updated davinci/vize_extension_host/tests/guests/typed-expression-echo/Cargo.lock
2026-10-09T17:35:15.3493588Z   Updated examples/volt-target/Cargo.lock
2026-10-09T17:35:15.3493947Z Updating READMEs...
2026-10-09T17:35:15.3494323Z Committing changes...
2026-10-09T17:35:15.3495294Z Verifying manifest alignment with tests/tooling/package-manifests.test.ts...
2026-10-09T17:35:15.3496014Z Release candidate commit prepared; no tag was created.
2026-10-09T17:35:19.5058364Z https://github.com/ubugeeei-prod/vize/pull/8342
2026-10-09T17:35:36.7101125Z Pinned source PR #8341, H=f58ba3592f378a6a40eea75b3d8040c6ad26ea0f, R=37967359745: qualification/publication continues. Root may admit integration only after all required H checks, five full H gates, every build, and full preflight are terminal green.
2026-10-09T17:35:59.6353257Z Pinned source PR #8341, H=f58ba3592f378a6a40eea75b3d8040c6ad26ea0f, R=37967359745: qualification/publication continues. Root may admit integration only after all required H checks, five full H gates, every build, and full preflight are terminal green.
2026-10-09T17:36:22.5787193Z Pinned source PR #8341, H=f58ba3592f378a6a40eea75b3d8040c6ad26ea0f, R=37967359745: qualification/publication continues. Root may admit integration only after all required H checks, five full H gates, every build, and full preflight are terminal green.
2026-10-09T17:36:45.3494672Z Pinned source PR #8341, H=f58ba3592f378a6a40eea75b3d8040c6ad26ea0f, R=37967359745: qualification/publication continues. Root may admit integration only after all required H checks, five full H gates, every build, and full preflight are terminal green.
2026-10-09T17:37:08.2217833Z Pinned source PR #8341, H=f58ba3592f378a6a40eea75b3d8040c6ad26ea0f, R=37967359745: qualification/publication continues. Root may admit integration only after all required H checks, five full H gates, every build, and full preflight are terminal green.
2026-10-09T17:37:31.6476465Z Pinned source PR #8341, H=f58ba3592f378a6a40eea75b3d8040c6ad26ea0f, R=37967359745: qualification/publication continues. Root may admit integration only after all required H checks, five full H gates, every build, and full preflight are terminal green.
2026-10-09T17:37:55.1151410Z Pinned source PR #8341, H=f58ba3592f378a6a40eea75b3d8040c6ad26ea0f, R=37967359745: qualification/publication continues. Root may admit integration only after all required H checks, five full H gates, every build, and full preflight are terminal green.
2026-10-09T17:38:18.4213796Z Pinned source PR #8341, H=f58ba3592f378a6a40eea75b3d8040c6ad26ea0f, R=37967359745: qualification/publication continues. Root may admit integration only after all required H checks, five full H gates, every build, and full preflight are terminal green.
2026-10-09T17:38:42.0506787Z Pinned source PR #8341, H=f58ba3592f378a6a40eea75b3d8040c6ad26ea0f, R=37967359745: qualification/publication continues. Root may admit integration only after all required H checks, five full H gates, every build, and full preflight are terminal green.
2026-10-09T17:39:05.6334022Z Pinned source PR #8341, H=f58ba3592f378a6a40eea75b3d8040c6ad26ea0f, R=37967359745: qualification/publication continues. Root may admit integration only after all required H checks, five full H gates, every build, and full preflight are terminal green.
2026-10-09T17:39:29.0819523Z Pinned source PR #8341, H=f58ba3592f378a6a40eea75b3d8040c6ad26ea0f, R=37967359745: qualification/publication continues. Root may admit integration only after all required H checks, five full H gates, every build, and full preflight are terminal green.
2026-10-09T17:39:52.5040280Z Pinned source PR #8341, H=f58ba3592f378a6a40eea75b3d8040c6ad26ea0f, R=37967359745: qualification/publication continues. Root may admit integration only after all required H checks, five full H gates, every build, and full preflight are terminal green.
2026-10-09T17:40:16.0120401Z Pinned source PR #8341, H=f58ba3592f378a6a40eea75b3d8040c6ad26ea0f, R=37967359745: qualification/publication continues. Root may admit integration only after all required H checks, five full H gates, every build, and full preflight are terminal green.
2026-10-09T17:40:39.4178680Z Pinned source PR #8341, H=f58ba3592f378a6a40eea75b3d8040c6ad26ea0f, R=37967359745: qualification/publication continues. Root may admit integration only after all required H checks, five full H gates, every build, and full preflight are terminal green.
2026-10-09T17:41:02.8577644Z Pinned source PR #8341, H=f58ba3592f378a6a40eea75b3d8040c6ad26ea0f, R=37967359745: qualification/publication continues. Root may admit integration only after all required H checks, five full H gates, every build, and full preflight are terminal green.
2026-10-09T17:41:26.4132552Z Pinned source PR #8341, H=f58ba3592f378a6a40eea75b3d8040c6ad26ea0f, R=37967359745: qualification/publication continues. Root may admit integration only after all required H checks, five full H gates, every build, and full preflight are terminal green.
2026-10-09T17:41:49.8364631Z Pinned source PR #8341, H=f58ba3592f378a6a40eea75b3d8040c6ad26ea0f, R=37967359745: qualification/publication continues. Root may admit integration only after all required H checks, five full H gates, every build, and full preflight are terminal green.
2026-10-09T17:42:13.3751602Z Pinned source PR #8341, H=f58ba3592f378a6a40eea75b3d8040c6ad26ea0f, R=37967359745: qualification/publication continues. Root may admit integration only after all required H checks, five full H gates, every build, and full preflight are terminal green.
2026-10-09T17:42:36.9085540Z Pinned source PR #8341, H=f58ba3592f378a6a40eea75b3d8040c6ad26ea0f, R=37967359745: qualification/publication continues. Root may admit integration only after all required H checks, five full H gates, every build, and full preflight are terminal green.
2026-10-09T17:43:00.4501166Z Pinned source PR #8341, H=f58ba3592f378a6a40eea75b3d8040c6ad26ea0f, R=37967359745: qualification/publication continues. Root may admit integration only after all required H checks, five full H gates, every build, and full preflight are terminal green.
2026-10-09T17:43:24.0115764Z Pinned source PR #8341, H=f58ba3592f378a6a40eea75b3d8040c6ad26ea0f, R=37967359745: qualification/publication continues. Root may admit integration only after all required H checks, five full H gates, every build, and full preflight are terminal green.
2026-10-09T17:43:47.7380203Z Pinned source PR #8341, H=f58ba3592f378a6a40eea75b3d8040c6ad26ea0f, R=37967359745: qualification/publication continues. Root may admit integration only after all required H checks, five full H gates, every build, and full preflight are terminal green.
2026-10-09T17:44:11.7586297Z Pinned source PR #8341, H=f58ba3592f378a6a40eea75b3d8040c6ad26ea0f, R=37967359745: qualification/publication continues. Root may admit integration only after all required H checks, five full H gates, every build, and full preflight are terminal green.
2026-10-09T17:44:35.4876270Z Pinned source PR #8341, H=f58ba3592f378a6a40eea75b3d8040c6ad26ea0f, R=37967359745: qualification/publication continues. Root may admit integration only after all required H checks, five full H gates, every build, and full preflight are terminal green.
2026-10-09T17:44:59.0116731Z Pinned source PR #8341, H=f58ba3592f378a6a40eea75b3d8040c6ad26ea0f, R=37967359745: qualification/publication continues. Root may admit integration only after all required H checks, five full H gates, every build, and full preflight are terminal green.
2026-10-09T17:45:22.7078465Z Pinned source PR #8341, H=f58ba3592f378a6a40eea75b3d8040c6ad26ea0f, R=37967359745: qualification/publication continues. Root may admit integration only after all required H checks, five full H gates, every build, and full preflight are terminal green.
2026-10-09T17:45:46.3213095Z Pinned source PR #8341, H=f58ba3592f378a6a40eea75b3d8040c6ad26ea0f, R=37967359745: qualification/publication continues. Root may admit integration only after all required H checks, five full H gates, every build, and full preflight are terminal green.
2026-10-09T17:46:09.8432163Z Pinned source PR #8341, H=f58ba3592f378a6a40eea75b3d8040c6ad26ea0f, R=37967359745: qualification/publication continues. Root may admit integration only after all required H checks, five full H gates, every build, and full preflight are terminal green.
2026-10-09T17:46:33.5325625Z Pinned source PR #8341, H=f58ba3592f378a6a40eea75b3d8040c6ad26ea0f, R=37967359745: qualification/publication continues. Root may admit integration only after all required H checks, five full H gates, every build, and full preflight are terminal green.
2026-10-09T17:46:57.0154364Z Pinned source PR #8341, H=f58ba3592f378a6a40eea75b3d8040c6ad26ea0f, R=37967359745: qualification/publication continues. Root may admit integration only after all required H checks, five full H gates, every build, and full preflight are terminal green.
2026-10-09T17:47:20.5686303Z Pinned source PR #8341, H=f58ba3592f378a6a40eea75b3d8040c6ad26ea0f, R=37967359745: qualification/publication continues. Root may admit integration only after all required H checks, five full H gates, every build, and full preflight are terminal green.
2026-10-09T17:47:43.9732435Z Pinned source PR #8341, H=f58ba3592f378a6a40eea75b3d8040c6ad26ea0f, R=37967359745: qualification/publication continues. Root may admit integration only after all required H checks, five full H gates, every build, and full preflight are terminal green.
2026-10-09T17:48:07.4770266Z Pinned source PR #8341, H=f58ba3592f378a6a40eea75b3d8040c6ad26ea0f, R=37967359745: qualification/publication continues. Root may admit integration only after all required H checks, five full H gates, every build, and full preflight are terminal green.
2026-10-09T17:48:31.1533775Z Pinned source PR #8341, H=f58ba3592f378a6a40eea75b3d8040c6ad26ea0f, R=37967359745: qualification/publication continues. Root may admit integration only after all required H checks, five full H gates, every build, and full preflight are terminal green.
2026-10-09T17:48:55.0616077Z Pinned source PR #8341, H=f58ba3592f378a6a40eea75b3d8040c6ad26ea0f, R=37967359745: qualification/publication continues. Root may admit integration only after all required H checks, five full H gates, every build, and full preflight are terminal green.
2026-10-09T17:49:18.6596498Z Pinned source PR #8341, H=f58ba3592f378a6a40eea75b3d8040c6ad26ea0f, R=37967359745: qualification/publication continues. Root may admit integration only after all required H checks, five full H gates, every build, and full preflight are terminal green.
2026-10-09T17:49:42.4047779Z Pinned source PR #8341, H=f58ba3592f378a6a40eea75b3d8040c6ad26ea0f, R=37967359745: qualification/publication continues. Root may admit integration only after all required H checks, five full H gates, every build, and full preflight are terminal green.
2026-10-09T17:50:05.8807386Z Pinned source PR #8341, H=f58ba3592f378a6a40eea75b3d8040c6ad26ea0f, R=37967359745: qualification/publication continues. Root may admit integration only after all required H checks, five full H gates, every build, and full preflight are terminal green.
2026-10-09T17:50:29.3127050Z Pinned source PR #8341, H=f58ba3592f378a6a40eea75b3d8040c6ad26ea0f, R=37967359745: qualification/publication continues. Root may admit integration only after all required H checks, five full H gates, every build, and full preflight are terminal green.
2026-10-09T17:50:52.8124958Z Pinned source PR #8341, H=f58ba3592f378a6a40eea75b3d8040c6ad26ea0f, R=37967359745: qualification/publication continues. Root may admit integration only after all required H checks, five full H gates, every build, and full preflight are terminal green.
2026-10-09T17:51:16.6616416Z Pinned source PR #8341, H=f58ba3592f378a6a40eea75b3d8040c6ad26ea0f, R=37967359745: qualification/publication continues. Root may admit integration only after all required H checks, five full H gates, every build, and full preflight are terminal green.
2026-10-09T17:51:40.2111742Z Pinned source PR #8341, H=f58ba3592f378a6a40eea75b3d8040c6ad26ea0f, R=37967359745: qualification/publication continues. Root may admit integration only after all required H checks, five full H gates, every build, and full preflight are terminal green.
2026-10-09T17:52:03.7562261Z Pinned source PR #8341, H=f58ba3592f378a6a40eea75b3d8040c6ad26ea0f, R=37967359745: qualification/publication continues. Root may admit integration only after all required H checks, five full H gates, every build, and full preflight are terminal green.
2026-10-09T17:52:27.1890503Z Pinned source PR #8341, H=f58ba3592f378a6a40eea75b3d8040c6ad26ea0f, R=37967359745: qualification/publication continues. Root may admit integration only after all required H checks, five full H gates, every build, and full preflight are terminal green.
2026-10-09T17:52:50.6277851Z Pinned source PR #8341, H=f58ba3592f378a6a40eea75b3d8040c6ad26ea0f, R=37967359745: qualification/publication continues. Root may admit integration only after all required H checks, five full H gates, every build, and full preflight are terminal green.
2026-10-09T17:53:14.1200414Z Pinned source PR #8341, H=f58ba3592f378a6a40eea75b3d8040c6ad26ea0f, R=37967359745: qualification/publication continues. Root may admit integration only after all required H checks, five full H gates, every build, and full preflight are terminal green.
2026-10-09T17:53:37.5082174Z Pinned source PR #8341, H=f58ba3592f378a6a40eea75b3d8040c6ad26ea0f, R=37967359745: qualification/publication continues. Root may admit integration only after all required H checks, five full H gates, every build, and full preflight are terminal green.
2026-10-09T17:54:01.0215995Z Pinned source PR #8341, H=f58ba3592f378a6a40eea75b3d8040c6ad26ea0f, R=37967359745: qualification/publication continues. Root may admit integration only after all required H checks, five full H gates, every build, and full preflight are terminal green.
2026-10-09T17:54:24.4710517Z Pinned source PR #8341, H=f58ba3592f378a6a40eea75b3d8040c6ad26ea0f, R=37967359745: qualification/publication continues. Root may admit integration only after all required H checks, five full H gates, every build, and full preflight are terminal green.
2026-10-09T17:54:48.0955382Z Pinned source PR #8341, H=f58ba3592f378a6a40eea75b3d8040c6ad26ea0f, R=37967359745: qualification/publication continues. Root may admit integration only after all required H checks, five full H gates, every build, and full preflight are terminal green.
2026-10-09T17:55:11.6309602Z Pinned source PR #8341, H=f58ba3592f378a6a40eea75b3d8040c6ad26ea0f, R=37967359745: qualification/publication continues. Root may admit integration only after all required H checks, five full H gates, every build, and full preflight are terminal green.
2026-10-09T17:55:35.1965321Z Pinned source PR #8341, H=f58ba3592f378a6a40eea75b3d8040c6ad26ea0f, R=37967359745: qualification/publication continues. Root may admit integration only after all required H checks, five full H gates, every build, and full preflight are terminal green.
2026-10-09T17:55:58.6741604Z Pinned source PR #8341, H=f58ba3592f378a6a40eea75b3d8040c6ad26ea0f, R=37967359745: qualification/publication continues. Root may admit integration only after all required H checks, five full H gates, every build, and full preflight are terminal green.
2026-10-09T17:56:22.3380679Z Pinned source PR #8341, H=f58ba3592f378a6a40eea75b3d8040c6ad26ea0f, R=37967359745: qualification/publication continues. Root may admit integration only after all required H checks, five full H gates, every build, and full preflight are terminal green.
2026-10-09T17:56:45.7893541Z Pinned source PR #8341, H=f58ba3592f378a6a40eea75b3d8040c6ad26ea0f, R=37967359745: qualification/publication continues. Root may admit integration only after all required H checks, five full H gates, every build, and full preflight are terminal green.
2026-10-09T17:57:09.4462762Z Pinned source PR #8341, H=f58ba3592f378a6a40eea75b3d8040c6ad26ea0f, R=37967359745: qualification/publication continues. Root may admit integration only after all required H checks, five full H gates, every build, and full preflight are terminal green.
2026-10-09T17:57:33.0245700Z Pinned source PR #8341, H=f58ba3592f378a6a40eea75b3d8040c6ad26ea0f, R=37967359745: qualification/publication continues. Root may admit integration only after all required H checks, five full H gates, every build, and full preflight are terminal green.
2026-10-09T17:57:56.5971392Z Pinned source PR #8341, H=f58ba3592f378a6a40eea75b3d8040c6ad26ea0f, R=37967359745: qualification/publication continues. Root may admit integration only after all required H checks, five full H gates, every build, and full preflight are terminal green.
2026-10-09T17:58:20.5066743Z Pinned R=37967359745 failed; preserve H and its artifacts. Resume after a verified infrastructure repair, or abandon this cut for a source repair.
2026-10-09T17:58:20.5067595Z Preserved release worktree: /tmp/vize-release-4719-fbb31120ae0c
2026-10-09T17:58:20.5074237Z Current version: 0.437.0
2026-10-09T17:58:20.5075074Z New version: 0.438.0 (tag: v0.438.0)
2026-10-09T17:58:20.5075672Z 
2026-10-09T17:58:20.5088945Z 
2026-10-09T17:58:20.5212794Z ##[error]Process completed with exit code 1.
2026-10-09T17:58:20.5314135Z Post job cleanup.
2026-10-09T17:58:20.5317553Z ##[start-action display=Cache MoonBit toolchain;id=__14ec20a7-b69c-404d-aeac-35d5f089a737.cache-moonbit]
2026-10-09T17:58:20.5319877Z ##[end-action id=__14ec20a7-b69c-404d-aeac-35d5f089a737.cache-moonbit;outcome=skipped;conclusion=skipped;duration_ms=0]
2026-10-09T17:58:20.5387097Z Post job cleanup.
2026-10-09T17:58:20.6274842Z [command]/usr/bin/git version
2026-10-09T17:58:20.6323770Z git version 2.55.0
2026-10-09T17:58:20.6366872Z Copying '/home/runner/.gitconfig' to '/home/runner/work/_temp/b6a844ab-50a6-499e-9e8d-1c10c28850ef/.gitconfig'
2026-10-09T17:58:20.6379510Z Temporarily overriding HOME='/home/runner/work/_temp/b6a844ab-50a6-499e-9e8d-1c10c28850ef' before making global git config changes
2026-10-09T17:58:20.6381030Z Adding repository directory to the temporary git global config as a safe directory
2026-10-09T17:58:20.6386225Z [command]/usr/bin/git config --global --add safe.directory /home/runner/work/vize/vize
2026-10-09T17:58:20.6426478Z Removing SSH command configuration
2026-10-09T17:58:20.6434836Z [command]/usr/bin/git config --local --name-only --get-regexp core\.sshCommand
2026-10-09T17:58:20.6488843Z [command]/usr/bin/git submodule foreach --recursive sh -c "git config --local --name-only --get-regexp 'core\.sshCommand' && git config --local --unset-all 'core.sshCommand' || :"
2026-10-09T17:58:20.6805730Z Removing HTTP extra header
2026-10-09T17:58:20.6813542Z [command]/usr/bin/git config --local --name-only --get-regexp http\.https\:\/\/github\.com\/\.extraheader
2026-10-09T17:58:20.6868132Z [command]/usr/bin/git submodule foreach --recursive sh -c "git config --local --name-only --get-regexp 'http\.https\:\/\/github\.com\/\.extraheader' && git config --local --unset-all 'http.https://github.com/.extraheader' || :"
2026-10-09T17:58:20.7188624Z Removing includeIf entries pointing to credentials config files
2026-10-09T17:58:20.7199671Z [command]/usr/bin/git config --local --name-only --get-regexp ^includeIf\.gitdir:
2026-10-09T17:58:20.7256637Z [command]/usr/bin/git submodule foreach --recursive git config --local --show-origin --name-only --get-regexp remote.origin.url
2026-10-09T17:58:20.7741650Z Cleaning up orphan processes
